-- phpMyAdmin SQL Dump
-- version 4.8.5
-- https://www.phpmyadmin.net/
--
-- Host: localhost
-- Generation Time: Sep 29, 2019 at 02:58 PM
-- Server version: 10.1.38-MariaDB
-- PHP Version: 7.3.3

SET SQL_MODE = "NO_AUTO_VALUE_ON_ZERO";
SET AUTOCOMMIT = 0;
START TRANSACTION;
SET time_zone = "+00:00";


/*!40101 SET @OLD_CHARACTER_SET_CLIENT=@@CHARACTER_SET_CLIENT */;
/*!40101 SET @OLD_CHARACTER_SET_RESULTS=@@CHARACTER_SET_RESULTS */;
/*!40101 SET @OLD_COLLATION_CONNECTION=@@COLLATION_CONNECTION */;
/*!40101 SET NAMES utf8mb4 */;

--
-- Database: `db_apotik_`
--

-- --------------------------------------------------------

--
-- Table structure for table `tbl_gender`
--

CREATE TABLE `tbl_gender` (
  `id_gender` int(1) NOT NULL,
  `gender` varchar(10) NOT NULL
) ENGINE=InnoDB DEFAULT CHARSET=latin1;

--
-- Dumping data for table `tbl_gender`
--

INSERT INTO `tbl_gender` (`id_gender`, `gender`) VALUES
(1, 'pria'),
(2, 'wanita');

-- --------------------------------------------------------

--
-- Table structure for table `tbl_obat`
--

CREATE TABLE `tbl_obat` (
  `id_obat` int(11) NOT NULL,
  `nama_obat` varchar(50) NOT NULL,
  `id_satuan` int(11) NOT NULL,
  `harga_obat` decimal(11,0) NOT NULL
) ENGINE=InnoDB DEFAULT CHARSET=latin1;

--
-- Dumping data for table `tbl_obat`
--

INSERT INTO `tbl_obat` (`id_obat`, `nama_obat`, `id_satuan`, `harga_obat`) VALUES
(1, 'ACTIFED H 60ML', 1, '29040'),
(2, 'ACTIFED M 60ML', 1, '29040'),
(3, 'ALAT PEMB. TELINGA', 2, '10400'),
(4, 'ALBOTHYL 5ML', 1, '19888'),
(5, 'CALADINE POWDER ORIG 60GR', 1, '7464'),
(6, 'CALADINE PWD ORG 100GR', 1, '10956'),
(7, 'CALCUSOL CAP @30', 3, '995'),
(8, 'CALLUSOL', 1, '27671'),
(9, 'DEXTAMIN 60ML', 1, '37754'),
(10, 'DEXTRAL 60 ML', 1, '8437'),
(11, 'DEXTRAL TAB', 4, '591'),
(12, 'DEXTROMETHORHAN 15MG TAB', 4, '119'),
(13, 'DEXTROMETHORPAN 60 ML RAMA', 1, '3300'),
(14, 'DIABETASOL 600GR VNL', 5, '116829'),
(15, 'DIABETASOL CHO 180GR', 5, '38934'),
(16, 'DIABETASOL SWEET 37,5', 5, '16705'),
(17, 'DIABETASOL VD 180 GR VNL', 5, '40122'),
(18, 'DULCOLAX SUPP ADULT', 6, '16976'),
(19, 'DULCOLAX TAB', 7, '4687'),
(20, 'DUMIN 60 ML', 1, '16859'),
(21, 'FLUCADEX SYR 60 ML', 1, '10078'),
(22, 'FLUDANE PLUS SYR 60ML', 1, '18343'),
(23, 'FLUDANE TAB @4', 7, '2935'),
(24, 'FLUTAMOL TAB', 4, '509'),
(25, 'FORMULA JNR PG 50GR', 2, '4375'),
(26, 'GREEN CARE', 1, '20400'),
(27, 'HABASYI OIL', 1, '42550'),
(28, 'HABATUS SAUDANA 200', 1, '42550'),
(29, 'HANSAPLAST KOYO HANGAT @10', 2, '3955'),
(30, 'HEXON SYR 60ML', 1, '8476'),
(31, 'ALKOHOL 70% 300 ML ONEMED', 1, '9000'),
(32, 'ALMINA MADU JINTEN', 1, '50600'),
(33, 'AMBEVEN CAP', 7, '11845'),
(34, 'BUFANTACID F 60ML', 1, '5526'),
(35, 'CALADINE LOT 60ML', 1, '10278'),
(36, 'BIOLYSIN KIDS ANGGUR', 5, '8855'),
(37, 'BODREX MIGRA', 7, '1758'),
(38, 'ALKOHOL 100ML ONEMED', 1, '3000'),
(39, 'DUREX STRW 3’S', 5, '13236'),
(40, 'FATIGON SPIRIT', 7, '5579'),
(41, 'FRESH CARE GREEN TEA', 1, '10063'),
(42, 'GLUCOSE DX 5%', 5, '6250'),
(43, 'GRAFADON DROPS', 1, '8430'),
(44, 'HANSAPLAST ROLL', 2, '2405'),
(45, 'HEMAVITON C 1000 150ML', 1, '4154'),
(46, 'HEMAVITON SKIN N', 7, '4715'),
(47, 'HEROCYN 150GR', 2, '12036'),
(48, 'AMOXYCILLIN SYR 60ML', 1, '4625'),
(49, 'BIOLYSIN 60ML', 1, '10125'),
(50, 'BIOLYSIN KIDS STRW', 5, '8855'),
(51, 'BIOLYSIN SMART 60ML', 1, '11385'),
(52, 'FRESH CARE SPLASH FRUIT', 1, '10063'),
(53, 'GARCIA CAPS 60’S', 1, '98310'),
(54, 'GARLIC SAUDA PLUS PROPOLIS', 1, '30800'),
(55, 'GLUCOSAMIN 500 MG INDO', 4, '2640'),
(56, 'BODREX FLU&BTK ATT', 1, '7091'),
(57, 'DUREX EXTRA SAFE @3', 2, '14561');

-- --------------------------------------------------------

--
-- Table structure for table `tbl_penjualan`
--

CREATE TABLE `tbl_penjualan` (
  `id_penjualan` int(6) NOT NULL,
  `id_obat` int(6) NOT NULL,
  `id_satuan` int(6) NOT NULL,
  `id_user` int(6) NOT NULL,
  `tanggal_pembelian` date NOT NULL,
  `harga` decimal(10,0) NOT NULL,
  `jmlah` int(6) NOT NULL
) ENGINE=InnoDB DEFAULT CHARSET=latin1;

--
-- Dumping data for table `tbl_penjualan`
--

INSERT INTO `tbl_penjualan` (`id_penjualan`, `id_obat`, `id_satuan`, `id_user`, `tanggal_pembelian`, `harga`, `jmlah`) VALUES
(1, 1, 1, 184, '2017-01-03', '29040', 1),
(2, 2, 1, 129, '2017-01-03', '87120', 3),
(3, 3, 2, 4, '2017-01-03', '20800', 2),
(4, 4, 1, 163, '2017-01-04', '39776', 2),
(5, 5, 1, 158, '2017-01-03', '22392', 3),
(6, 6, 1, 104, '2017-01-04', '32868', 3),
(7, 7, 3, 52, '2017-01-04', '995', 1),
(8, 8, 1, 15, '2017-01-04', '83013', 3),
(9, 9, 1, 116, '2017-01-04', '37754', 1),
(10, 10, 1, 97, '2017-01-04', '25311', 3),
(11, 11, 4, 7, '2017-01-05', '591', 1),
(12, 12, 4, 95, '2017-01-05', '119', 1),
(13, 13, 1, 7, '2017-01-05', '9900', 3),
(14, 14, 5, 153, '2017-01-05', '233658', 2),
(15, 15, 5, 108, '2017-01-05', '77868', 2),
(16, 16, 5, 40, '2017-01-06', '16705', 1),
(17, 17, 5, 35, '2017-01-06', '80244', 2),
(18, 18, 6, 41, '2017-01-06', '33952', 2),
(19, 19, 7, 183, '2017-01-06', '4687', 1),
(20, 20, 1, 74, '2017-01-06', '33718', 2),
(21, 21, 1, 46, '2017-01-07', '20156', 2),
(22, 22, 1, 83, '2017-01-07', '36686', 2),
(23, 23, 7, 61, '2017-01-07', '5870', 2),
(24, 24, 4, 84, '2017-01-07', '509', 1),
(25, 25, 2, 189, '2017-01-07', '13125', 3),
(26, 26, 1, 66, '2017-01-07', '61200', 3),
(27, 27, 1, 151, '2017-01-07', '127650', 3),
(28, 28, 1, 74, '2017-01-09', '127650', 3),
(29, 29, 2, 141, '2017-01-09', '11865', 3),
(30, 30, 1, 155, '2017-01-09', '25428', 3),
(31, 2, 1, 88, '2017-01-09', '87120', 3),
(32, 3, 2, 151, '2017-01-10', '10400', 1),
(33, 31, 1, 43, '2017-01-10', '9000', 1),
(34, 32, 1, 151, '2017-01-10', '50600', 1),
(35, 33, 7, 162, '2017-01-10', '23690', 2),
(36, 34, 1, 135, '2017-01-10', '16578', 3),
(37, 35, 1, 186, '2017-01-10', '20556', 2),
(38, 36, 5, 25, '2017-01-10', '17710', 2),
(39, 37, 7, 180, '2017-01-11', '3516', 2),
(40, 37, 7, 54, '2017-01-11', '3516', 2),
(41, 1, 1, 38, '2017-01-11', '87120', 3),
(42, 11, 4, 128, '2017-01-11', '591', 1),
(43, 12, 4, 83, '2017-01-11', '357', 3),
(44, 38, 1, 24, '2017-01-11', '3000', 1),
(45, 36, 5, 153, '2017-01-11', '26565', 3),
(46, 1, 1, 86, '2017-01-11', '29040', 1),
(47, 39, 5, 163, '2017-01-12', '39708', 3),
(48, 40, 7, 199, '2017-01-12', '16737', 3),
(49, 21, 1, 96, '2017-01-12', '30234', 3),
(50, 22, 1, 199, '2017-01-12', '55029', 3),
(51, 41, 1, 86, '2017-01-12', '30189', 3),
(52, 42, 5, 92, '2017-01-12', '18750', 3),
(53, 43, 1, 128, '2017-01-13', '25290', 3),
(54, 42, 5, 34, '2017-01-13', '18750', 3),
(55, 43, 1, 10, '2017-01-13', '8430', 1),
(56, 26, 1, 146, '2017-01-13', '40800', 2),
(57, 27, 1, 164, '2017-01-13', '127650', 3),
(58, 44, 2, 49, '2017-01-13', '7215', 3),
(59, 45, 1, 111, '2017-01-13', '12462', 3),
(60, 46, 7, 19, '2017-01-14', '4715', 1),
(61, 47, 2, 9, '2017-01-14', '12036', 1),
(62, 30, 1, 77, '2017-01-14', '8476', 1),
(63, 28, 1, 63, '2017-01-14', '42550', 1),
(64, 29, 2, 14, '2017-01-14', '7910', 2),
(65, 30, 1, 23, '2017-01-14', '16952', 2),
(66, 2, 1, 192, '2017-01-16', '87120', 3),
(67, 3, 2, 196, '2017-01-16', '31200', 3),
(68, 31, 1, 73, '2017-01-16', '18000', 2),
(69, 32, 1, 137, '2017-01-16', '50600', 1),
(70, 33, 7, 10, '2017-01-16', '11845', 1),
(71, 34, 1, 10, '2017-01-16', '11052', 2),
(72, 35, 1, 146, '2017-01-16', '30834', 3),
(73, 36, 5, 48, '2017-01-16', '8855', 1),
(74, 37, 7, 14, '2017-01-16', '3516', 2),
(75, 37, 7, 130, '2017-01-17', '1758', 1),
(76, 1, 1, 35, '2017-01-17', '58080', 2),
(77, 11, 4, 129, '2017-01-17', '1182', 2),
(78, 12, 4, 118, '2017-01-17', '357', 3),
(79, 38, 1, 100, '2017-01-17', '6000', 2),
(80, 36, 5, 22, '2017-01-17', '17710', 2),
(81, 1, 1, 51, '2017-01-18', '58080', 2),
(82, 39, 5, 76, '2017-01-18', '39708', 3),
(83, 40, 7, 187, '2017-01-18', '16737', 3),
(84, 21, 1, 110, '2017-01-18', '30234', 3),
(85, 28, 1, 189, '2017-01-18', '127650', 3),
(86, 29, 2, 113, '2017-01-18', '11865', 3),
(87, 30, 1, 194, '2017-01-18', '8476', 1),
(88, 2, 1, 11, '2017-01-18', '87120', 3),
(89, 3, 2, 175, '2017-01-19', '31200', 3),
(90, 31, 1, 141, '2017-01-19', '27000', 3),
(91, 32, 1, 131, '2017-01-19', '151800', 3),
(92, 33, 7, 61, '2017-01-19', '23690', 2),
(93, 34, 1, 133, '2017-01-19', '16578', 3),
(94, 35, 1, 156, '2017-01-19', '20556', 2),
(95, 36, 5, 75, '2017-01-20', '8855', 1),
(96, 48, 1, 54, '2017-01-20', '9250', 2),
(97, 49, 1, 168, '2017-01-20', '10125', 1),
(98, 30, 1, 65, '2017-01-20', '16952', 2),
(99, 2, 1, 147, '2017-01-20', '87120', 3),
(100, 35, 1, 113, '2017-01-20', '30834', 3),
(101, 36, 5, 103, '2017-01-21', '8855', 1),
(102, 48, 1, 16, '2017-01-21', '4625', 1),
(103, 43, 1, 21, '2017-01-21', '16860', 2),
(104, 26, 1, 154, '2017-01-21', '40800', 2),
(105, 27, 1, 100, '2017-01-21', '85100', 2),
(106, 44, 2, 110, '2017-01-21', '7215', 3),
(107, 45, 1, 97, '2017-01-21', '12462', 3),
(108, 31, 1, 131, '2017-01-21', '9000', 1),
(109, 32, 1, 56, '2017-01-23', '50600', 1),
(110, 33, 7, 149, '2017-01-23', '11845', 1),
(111, 48, 1, 79, '2017-01-23', '4625', 1),
(112, 49, 1, 182, '2017-01-23', '30360', 3),
(113, 36, 5, 37, '2017-01-23', '26565', 3),
(114, 50, 5, 35, '2017-01-23', '26565', 3),
(115, 51, 1, 32, '2017-01-24', '22770', 2),
(116, 2, 1, 53, '2017-01-24', '58080', 2),
(117, 3, 2, 7, '2017-01-24', '20800', 2),
(118, 4, 1, 34, '2017-01-24', '59664', 3),
(119, 52, 1, 100, '2017-01-25', '20126', 2),
(120, 53, 1, 48, '2017-01-25', '294930', 3),
(121, 54, 1, 11, '2017-01-25', '92400', 3),
(122, 55, 4, 24, '2017-01-25', '5280', 2),
(123, 42, 5, 152, '2017-01-25', '18750', 3),
(124, 43, 1, 146, '2017-01-25', '16860', 2),
(125, 33, 7, 1, '2017-01-26', '23690', 2),
(126, 34, 1, 11, '2017-01-26', '11052', 2),
(127, 35, 1, 64, '2017-01-26', '10278', 1),
(128, 36, 5, 160, '2017-01-26', '8855', 1),
(129, 37, 7, 65, '2017-01-26', '5274', 3),
(130, 37, 7, 180, '2017-01-26', '5274', 3),
(131, 1, 1, 180, '2017-01-26', '58080', 2),
(132, 11, 4, 15, '2017-01-27', '1773', 3),
(133, 12, 4, 101, '2017-01-27', '119', 1),
(134, 38, 1, 162, '2017-01-27', '9000', 3),
(135, 36, 5, 27, '2017-01-27', '26565', 3),
(136, 1, 1, 41, '2017-01-27', '87120', 3),
(137, 39, 5, 196, '2017-01-27', '26472', 2),
(138, 40, 7, 176, '2017-01-30', '16737', 3),
(139, 21, 1, 167, '2017-01-30', '20156', 2),
(140, 22, 1, 138, '2017-01-30', '36686', 2),
(141, 41, 1, 107, '2017-01-30', '30189', 3),
(142, 11, 4, 155, '2017-01-30', '591', 1),
(143, 12, 4, 96, '2017-01-30', '357', 3),
(144, 38, 1, 108, '2017-01-30', '3000', 1),
(145, 36, 5, 24, '2017-01-31', '17710', 2),
(146, 1, 1, 35, '2017-01-31', '87120', 3),
(147, 39, 5, 141, '2017-01-31', '26472', 2),
(148, 40, 7, 66, '2017-01-31', '16737', 3),
(149, 21, 1, 99, '2017-01-31', '20156', 2),
(150, 43, 1, 100, '2017-02-01', '16860', 2),
(151, 33, 7, 100, '2017-02-01', '11845', 1),
(152, 34, 1, 52, '2017-02-01', '5526', 1),
(153, 35, 1, 15, '2017-02-01', '10278', 1),
(154, 36, 5, 66, '2017-02-01', '17710', 2),
(155, 4, 1, 126, '2017-02-01', '59664', 3),
(156, 5, 1, 42, '2017-02-02', '22392', 3),
(157, 6, 1, 199, '2017-02-02', '21912', 2),
(158, 7, 3, 52, '2017-02-02', '2985', 3),
(159, 8, 1, 74, '2017-02-02', '55342', 2),
(160, 9, 1, 158, '2017-02-02', '75508', 2),
(161, 10, 1, 181, '2017-02-03', '16874', 2),
(162, 11, 4, 139, '2017-02-03', '1773', 3),
(163, 12, 4, 67, '2017-02-03', '119', 1),
(164, 13, 1, 100, '2017-02-03', '6600', 2),
(165, 14, 5, 41, '2017-02-03', '233658', 2),
(166, 51, 1, 53, '2017-02-03', '34155', 3),
(167, 56, 1, 114, '2017-02-03', '21273', 3),
(168, 37, 7, 24, '2017-02-04', '5274', 3),
(169, 1, 1, 129, '2017-02-04', '29040', 1),
(170, 2, 1, 120, '2017-02-04', '58080', 2),
(171, 3, 2, 34, '2017-02-04', '20800', 2),
(172, 4, 1, 112, '2017-02-04', '59664', 3),
(173, 5, 1, 99, '2017-02-06', '7464', 1),
(174, 11, 4, 153, '2017-02-06', '591', 1),
(175, 12, 4, 172, '2017-02-06', '119', 1),
(176, 38, 1, 86, '2017-02-06', '6000', 2),
(177, 36, 5, 18, '2017-02-06', '26565', 3),
(178, 19, 7, 45, '2017-02-06', '4687', 1),
(179, 20, 1, 134, '2017-02-06', '50577', 3),
(180, 21, 1, 49, '2017-02-07', '20156', 2),
(181, 22, 1, 48, '2017-02-07', '18343', 1),
(182, 39, 5, 189, '2017-02-07', '20126', 2),
(183, 40, 7, 97, '2017-02-07', '11158', 2),
(184, 21, 1, 198, '2017-02-07', '30234', 3),
(185, 22, 1, 125, '2017-02-07', '55029', 3),
(186, 41, 1, 1, '2017-02-07', '30189', 3),
(187, 42, 5, 95, '2017-02-08', '18750', 3),
(188, 43, 1, 64, '2017-02-08', '25290', 3),
(189, 42, 5, 83, '2017-02-08', '12500', 2),
(190, 26, 1, 3, '2017-02-08', '20400', 1),
(191, 27, 1, 109, '2017-02-08', '42550', 1),
(192, 28, 1, 3, '2017-02-08', '85100', 2),
(193, 29, 2, 14, '2017-02-09', '7910', 2),
(194, 43, 1, 51, '2017-02-09', '16860', 2),
(195, 33, 7, 110, '2017-02-09', '11845', 1),
(196, 34, 1, 69, '2017-02-09', '5526', 1),
(197, 35, 1, 2, '2017-02-09', '20556', 2),
(198, 36, 5, 162, '2017-02-09', '26565', 3),
(199, 37, 7, 79, '2017-02-10', '5274', 3),
(200, 37, 7, 23, '2017-02-10', '5274', 3),
(201, 1, 1, 124, '2017-02-10', '87120', 3),
(202, 11, 4, 60, '2017-02-10', '1773', 3),
(203, 12, 4, 186, '2017-02-10', '119', 1),
(204, 38, 1, 30, '2017-02-10', '3000', 1),
(205, 36, 5, 198, '2017-02-10', '26565', 3),
(206, 1, 1, 170, '2017-02-11', '87120', 3),
(207, 39, 5, 92, '2017-02-11', '26472', 2),
(208, 20, 1, 184, '2017-02-11', '50577', 3),
(209, 57, 2, 117, '2017-02-11', '43683', 3),
(210, 54, 1, 150, '2017-02-11', '30800', 1),
(211, 55, 4, 193, '2017-02-11', '5280', 2),
(212, 42, 5, 94, '2017-02-13', '6250', 1),
(213, 43, 1, 187, '2017-02-13', '25290', 3),
(214, 31, 1, 125, '2017-02-13', '9000', 1),
(215, 32, 1, 158, '2017-02-13', '151800', 3),
(216, 33, 7, 165, '2017-02-13', '35535', 3),
(217, 48, 1, 64, '2017-02-13', '9250', 2),
(218, 49, 1, 106, '2017-02-13', '30360', 3),
(219, 36, 5, 22, '2017-02-14', '17710', 2),
(220, 50, 5, 70, '2017-02-14', '17710', 2),
(221, 51, 1, 49, '2017-02-14', '34155', 3),
(222, 56, 1, 42, '2017-02-14', '14182', 2),
(223, 37, 7, 14, '2017-02-14', '1758', 1),
(224, 1, 1, 34, '2017-02-14', '29040', 1),
(225, 2, 1, 110, '2017-02-14', '87120', 3),
(226, 3, 2, 195, '2017-02-14', '10400', 1),
(227, 4, 1, 125, '2017-02-16', '19888', 1),
(228, 5, 1, 88, '2017-02-16', '14928', 2),
(229, 6, 1, 46, '2017-02-16', '10956', 1),
(230, 7, 3, 46, '2017-02-16', '995', 1),
(231, 8, 1, 169, '2017-02-17', '27671', 1),
(232, 9, 1, 13, '2017-02-17', '113262', 3),
(233, 10, 1, 30, '2017-02-17', '16874', 2),
(234, 11, 4, 14, '2017-02-17', '1773', 3),
(235, 12, 4, 36, '2017-02-17', '357', 3),
(236, 13, 1, 152, '2017-02-18', '9900', 3),
(237, 14, 5, 175, '2017-02-18', '350487', 3),
(238, 15, 5, 134, '2017-02-18', '116802', 3),
(239, 16, 5, 8, '2017-02-18', '50115', 3),
(240, 17, 5, 68, '2017-02-18', '120366', 3),
(241, 18, 6, 57, '2017-02-18', '16976', 1),
(242, 19, 7, 108, '2017-02-18', '9374', 2),
(243, 20, 1, 1, '2017-02-18', '50577', 3),
(244, 21, 1, 63, '2017-02-18', '30234', 3),
(245, 22, 1, 108, '2017-02-20', '36686', 2),
(246, 23, 7, 150, '2017-02-20', '8805', 3),
(247, 24, 4, 111, '2017-02-20', '1018', 2),
(248, 25, 2, 128, '2017-02-20', '4375', 1),
(249, 26, 1, 68, '2017-02-20', '20400', 1),
(250, 27, 1, 131, '2017-02-21', '127650', 3),
(251, 28, 1, 34, '2017-02-21', '42550', 1),
(252, 29, 2, 94, '2017-02-21', '11865', 3),
(253, 30, 1, 52, '2017-02-21', '25428', 3),
(254, 2, 1, 5, '2017-02-22', '58080', 2),
(255, 3, 2, 133, '2017-02-22', '31200', 3),
(256, 31, 1, 166, '2017-02-22', '27000', 3),
(257, 32, 1, 166, '2017-02-22', '50600', 1),
(258, 33, 7, 62, '2017-02-23', '11845', 1),
(259, 34, 1, 146, '2017-02-23', '5526', 1),
(260, 35, 1, 117, '2017-02-23', '10278', 1),
(261, 36, 5, 180, '2017-02-23', '17710', 2),
(262, 37, 7, 5, '2017-02-23', '3516', 2),
(263, 37, 7, 14, '2017-02-23', '5274', 3),
(264, 1, 1, 100, '2017-02-24', '58080', 2),
(265, 11, 4, 174, '2017-02-24', '1182', 2),
(266, 12, 4, 117, '2017-02-24', '119', 1),
(267, 38, 1, 113, '2017-02-24', '3000', 1),
(268, 36, 5, 61, '2017-02-24', '17710', 2),
(269, 1, 1, 33, '2017-02-25', '87120', 3),
(270, 39, 5, 71, '2017-02-25', '39708', 3),
(271, 40, 7, 63, '2017-02-25', '5579', 1),
(272, 21, 1, 172, '2017-02-25', '10078', 1),
(273, 22, 1, 182, '2017-02-25', '36686', 2),
(274, 41, 1, 20, '2017-02-27', '20126', 2),
(275, 42, 5, 30, '2017-02-27', '18750', 3),
(276, 43, 1, 157, '2017-02-27', '25290', 3),
(277, 42, 5, 154, '2017-02-27', '6250', 1),
(278, 43, 1, 156, '2017-02-27', '8430', 1),
(279, 26, 1, 113, '2017-02-28', '40800', 2),
(280, 27, 1, 24, '2017-02-28', '42550', 1),
(281, 44, 2, 196, '2017-02-28', '7215', 3),
(282, 45, 1, 121, '2017-02-28', '12462', 3),
(283, 46, 7, 54, '2017-02-28', '9430', 2),
(284, 47, 2, 100, '2017-02-28', '12036', 1),
(285, 30, 1, 197, '2017-03-01', '16952', 2),
(286, 28, 1, 181, '2017-03-01', '127650', 3),
(287, 29, 2, 122, '2017-03-01', '3955', 1),
(288, 30, 1, 35, '2017-03-01', '25428', 3),
(289, 2, 1, 192, '2017-03-02', '58080', 2),
(290, 3, 2, 92, '2017-03-02', '31200', 3),
(291, 31, 1, 10, '2017-03-02', '18000', 2),
(292, 32, 1, 17, '2017-03-02', '50600', 1),
(293, 33, 7, 109, '2017-03-02', '35535', 3),
(294, 34, 1, 186, '2017-03-02', '16578', 3),
(295, 35, 1, 28, '2017-03-03', '30834', 3),
(296, 36, 5, 139, '2017-03-03', '8855', 1),
(297, 37, 7, 93, '2017-03-03', '5274', 3),
(298, 37, 7, 76, '2017-03-03', '5274', 3),
(299, 1, 1, 166, '2017-03-03', '87120', 3),
(300, 11, 4, 163, '2017-03-03', '591', 1),
(301, 12, 4, 18, '2017-03-04', '238', 2),
(302, 38, 1, 157, '2017-03-04', '9000', 3),
(303, 36, 5, 101, '2017-03-04', '8855', 1),
(304, 1, 1, 94, '2017-03-04', '58080', 2),
(305, 39, 5, 97, '2017-03-04', '39708', 3),
(306, 40, 7, 30, '2017-03-06', '16737', 3),
(307, 21, 1, 80, '2017-03-06', '30234', 3),
(308, 28, 1, 120, '2017-03-06', '42550', 1),
(309, 29, 2, 5, '2017-03-06', '7910', 2),
(310, 30, 1, 60, '2017-03-06', '16952', 2),
(311, 2, 1, 102, '2017-03-06', '87120', 3),
(312, 3, 2, 83, '2017-03-07', '31200', 3),
(313, 31, 1, 158, '2017-03-07', '27000', 3),
(314, 32, 1, 18, '2017-03-07', '50600', 1),
(315, 33, 7, 3, '2017-03-07', '35535', 3),
(316, 34, 1, 196, '2017-03-07', '5526', 1),
(317, 35, 1, 138, '2017-03-08', '10278', 1),
(318, 36, 5, 33, '2017-03-08', '26565', 3),
(319, 48, 1, 44, '2017-03-08', '13875', 3),
(320, 49, 1, 118, '2017-03-08', '30360', 3),
(321, 30, 1, 44, '2017-03-08', '8476', 1),
(322, 2, 1, 128, '2017-03-08', '58080', 2),
(323, 35, 1, 159, '2017-03-09', '10278', 1),
(324, 36, 5, 128, '2017-03-09', '26565', 3),
(325, 48, 1, 190, '2017-03-09', '9250', 2),
(326, 43, 1, 82, '2017-03-09', '16860', 2),
(327, 26, 1, 22, '2017-03-09', '61200', 3),
(328, 27, 1, 122, '2017-03-09', '127650', 3),
(329, 44, 2, 54, '2017-03-10', '2405', 1),
(330, 45, 1, 188, '2017-03-10', '4154', 1),
(331, 31, 1, 76, '2017-03-10', '27000', 3),
(332, 32, 1, 19, '2017-03-10', '50600', 1),
(333, 33, 7, 15, '2017-03-10', '11845', 1),
(334, 48, 1, 77, '2017-03-10', '13875', 3),
(335, 49, 1, 2, '2017-03-11', '20240', 2),
(336, 36, 5, 198, '2017-03-11', '8855', 1),
(337, 50, 5, 196, '2017-03-11', '8855', 1),
(338, 51, 1, 138, '2017-03-11', '34155', 3),
(339, 2, 1, 125, '2017-03-13', '87120', 3),
(340, 3, 2, 153, '2017-03-13', '20800', 2),
(341, 4, 1, 99, '2017-03-13', '39776', 2),
(342, 52, 1, 40, '2017-03-13', '20126', 2),
(343, 53, 1, 151, '2017-03-13', '98310', 1),
(344, 54, 1, 59, '2017-03-14', '30800', 1),
(345, 55, 4, 142, '2017-03-14', '7920', 3),
(346, 42, 5, 45, '2017-03-14', '18750', 3),
(347, 43, 1, 90, '2017-03-14', '16860', 2),
(348, 33, 7, 50, '2017-03-14', '35535', 3),
(349, 34, 1, 57, '2017-03-15', '5526', 1),
(350, 35, 1, 104, '2017-03-15', '30834', 3),
(351, 36, 5, 155, '2017-03-15', '8855', 1),
(352, 37, 7, 48, '2017-03-15', '1758', 1),
(353, 37, 7, 65, '2017-03-15', '5274', 3),
(354, 1, 1, 35, '2017-03-15', '87120', 3),
(355, 41, 1, 188, '2017-03-16', '10063', 1),
(356, 11, 4, 34, '2017-03-16', '1773', 3),
(357, 12, 4, 112, '2017-03-16', '119', 1),
(358, 38, 1, 19, '2017-03-16', '3000', 1),
(359, 36, 5, 76, '2017-03-16', '17710', 2),
(360, 1, 1, 170, '2017-03-17', '87120', 3),
(361, 39, 5, 72, '2017-03-17', '39708', 3),
(362, 40, 7, 115, '2017-03-17', '11158', 2),
(363, 21, 1, 105, '2017-03-17', '20156', 2),
(364, 43, 1, 11, '2017-03-17', '8430', 1),
(365, 33, 7, 23, '2017-03-17', '11845', 1),
(366, 34, 1, 80, '2017-03-18', '5526', 1),
(367, 35, 1, 35, '2017-03-18', '30834', 3),
(368, 36, 5, 190, '2017-03-18', '8855', 1),
(369, 4, 1, 137, '2017-03-18', '19888', 1),
(370, 5, 1, 141, '2017-03-18', '14928', 2),
(371, 6, 1, 135, '2017-03-20', '32868', 3),
(372, 7, 3, 8, '2017-03-20', '1990', 2),
(373, 8, 1, 14, '2017-03-20', '83013', 3),
(374, 9, 1, 124, '2017-03-20', '113262', 3),
(375, 10, 1, 27, '2017-03-21', '16874', 2),
(376, 37, 7, 140, '2017-03-21', '3516', 2),
(377, 1, 1, 153, '2017-03-21', '58080', 2),
(378, 11, 4, 83, '2017-03-21', '1773', 3),
(379, 12, 4, 185, '2017-03-21', '238', 2),
(380, 38, 1, 74, '2017-03-22', '9000', 3),
(381, 36, 5, 47, '2017-03-22', '26565', 3),
(382, 1, 1, 79, '2017-03-22', '58080', 2),
(383, 39, 5, 58, '2017-03-22', '39708', 3),
(384, 40, 7, 44, '2017-03-23', '11158', 2),
(385, 21, 1, 143, '2017-03-23', '10078', 1),
(386, 22, 1, 43, '2017-03-23', '36686', 2),
(387, 41, 1, 51, '2017-03-23', '30189', 3),
(388, 42, 5, 94, '2017-03-23', '12500', 2),
(389, 43, 1, 45, '2017-03-24', '8430', 1),
(390, 42, 5, 176, '2017-03-24', '6250', 1),
(391, 43, 1, 32, '2017-03-24', '16860', 2),
(392, 26, 1, 185, '2017-03-24', '61200', 3),
(393, 27, 1, 4, '2017-03-24', '127650', 3),
(394, 44, 2, 98, '2017-03-25', '4810', 2),
(395, 45, 1, 143, '2017-03-25', '8308', 2),
(396, 46, 7, 82, '2017-03-25', '14145', 3),
(397, 47, 2, 9, '2017-03-25', '36108', 3),
(398, 30, 1, 82, '2017-03-25', '16952', 2),
(399, 28, 1, 114, '2017-03-27', '42550', 1),
(400, 29, 2, 166, '2017-03-27', '7910', 2),
(401, 30, 1, 135, '2017-03-27', '8476', 1),
(402, 2, 1, 57, '2017-03-27', '58080', 2),
(403, 3, 2, 26, '2017-03-27', '10400', 1),
(404, 6, 1, 51, '2017-03-27', '21912', 2),
(405, 7, 3, 51, '2017-03-29', '1990', 2),
(406, 8, 1, 187, '2017-03-29', '55342', 2),
(407, 9, 1, 34, '2017-03-29', '37754', 1),
(408, 10, 1, 48, '2017-03-29', '25311', 3),
(409, 37, 7, 119, '2017-03-29', '1758', 1),
(410, 1, 1, 120, '2017-03-29', '87120', 3),
(411, 11, 4, 18, '2017-03-29', '591', 1),
(412, 12, 4, 33, '2017-03-29', '357', 3),
(413, 38, 1, 117, '2017-03-30', '3000', 1),
(414, 36, 5, 120, '2017-03-30', '26565', 3),
(415, 1, 1, 178, '2017-03-30', '29040', 1),
(416, 39, 5, 193, '2017-03-30', '26472', 2),
(417, 40, 7, 33, '2017-03-30', '5579', 1),
(418, 21, 1, 119, '2017-03-31', '30234', 3),
(419, 22, 1, 200, '2017-03-31', '18343', 1),
(420, 41, 1, 54, '2017-03-31', '10063', 1),
(421, 42, 5, 130, '2017-03-31', '12500', 2),
(422, 43, 1, 171, '2017-03-31', '16860', 2),
(423, 42, 5, 10, '2017-04-01', '18750', 3),
(424, 43, 1, 48, '2017-04-01', '16860', 2),
(425, 26, 1, 50, '2017-04-01', '61200', 3),
(426, 27, 1, 7, '2017-04-01', '127650', 3),
(427, 3, 2, 147, '2017-04-01', '31200', 3),
(428, 4, 1, 35, '2017-04-03', '19888', 1),
(429, 5, 1, 16, '2017-04-03', '22392', 3),
(430, 6, 1, 70, '2017-04-03', '32868', 3),
(431, 7, 3, 76, '2017-04-03', '2985', 3),
(432, 8, 1, 200, '2017-04-04', '83013', 3),
(433, 9, 1, 114, '2017-04-04', '75508', 2),
(434, 10, 1, 58, '2017-04-04', '8437', 1),
(435, 11, 4, 189, '2017-04-04', '591', 1),
(436, 12, 4, 95, '2017-04-04', '119', 1),
(437, 13, 1, 182, '2017-04-04', '9900', 3),
(438, 14, 5, 42, '2017-04-05', '350487', 3),
(439, 15, 5, 53, '2017-04-05', '77868', 2),
(440, 16, 5, 105, '2017-04-05', '50115', 3),
(441, 17, 5, 140, '2017-04-05', '40122', 1),
(442, 18, 6, 85, '2017-04-05', '16976', 1),
(443, 19, 7, 39, '2017-04-05', '14061', 3),
(444, 20, 1, 126, '2017-04-06', '16859', 1),
(445, 21, 1, 124, '2017-04-06', '20156', 2),
(446, 22, 1, 165, '2017-04-06', '18343', 1),
(447, 23, 7, 105, '2017-04-06', '2935', 1),
(448, 24, 4, 112, '2017-04-06', '1527', 3),
(449, 25, 2, 11, '2017-04-07', '8750', 2),
(450, 26, 1, 68, '2017-04-07', '61200', 3),
(451, 27, 1, 41, '2017-04-07', '127650', 3),
(452, 28, 1, 190, '2017-04-07', '127650', 3),
(453, 29, 2, 77, '2017-04-07', '7910', 2),
(454, 30, 1, 72, '2017-04-08', '16952', 2),
(455, 22, 1, 117, '2017-04-08', '18434', 1),
(456, 23, 7, 151, '2017-04-08', '8805', 3),
(457, 24, 4, 4, '2017-04-08', '509', 1),
(458, 25, 2, 142, '2017-04-08', '13125', 3),
(459, 26, 1, 140, '2017-04-10', '40800', 2),
(460, 37, 7, 56, '2017-04-10', '5274', 3),
(461, 1, 1, 172, '2017-04-10', '29040', 1),
(462, 11, 4, 105, '2017-04-10', '1773', 3),
(463, 12, 4, 131, '2017-04-10', '119', 1),
(464, 38, 1, 181, '2017-04-11', '6000', 2),
(465, 36, 5, 138, '2017-04-11', '8855', 1),
(466, 1, 1, 41, '2017-04-11', '29040', 1),
(467, 39, 5, 172, '2017-04-11', '26472', 2),
(468, 40, 7, 112, '2017-04-11', '11158', 2),
(469, 21, 1, 31, '2017-04-12', '20156', 2),
(470, 22, 1, 40, '2017-04-12', '36686', 2),
(471, 41, 1, 24, '2017-04-12', '10063', 1),
(472, 42, 5, 127, '2017-04-12', '18750', 3),
(473, 43, 1, 126, '2017-04-13', '16860', 2),
(474, 42, 5, 128, '2017-04-13', '12500', 2),
(475, 43, 1, 21, '2017-04-13', '8430', 1),
(476, 26, 1, 53, '2017-04-13', '20400', 1),
(477, 27, 1, 129, '2017-04-13', '85100', 2),
(478, 3, 2, 148, '2017-04-15', '10400', 1),
(479, 4, 1, 42, '2017-04-15', '39776', 2),
(480, 5, 1, 161, '2017-04-15', '14928', 2),
(481, 6, 1, 165, '2017-04-15', '21912', 2),
(482, 7, 3, 39, '2017-04-15', '1990', 2),
(483, 8, 1, 154, '2017-04-17', '27671', 1),
(484, 9, 1, 116, '2017-04-17', '75508', 2),
(485, 10, 1, 141, '2017-04-17', '25311', 3),
(486, 11, 4, 76, '2017-04-17', '591', 1),
(487, 32, 1, 149, '2017-04-17', '151800', 3),
(488, 33, 7, 191, '2017-04-18', '11845', 1),
(489, 34, 1, 126, '2017-04-18', '16578', 3),
(490, 35, 1, 61, '2017-04-18', '30834', 3),
(491, 36, 5, 22, '2017-04-18', '8855', 1),
(492, 37, 7, 150, '2017-04-18', '5274', 3),
(493, 37, 7, 19, '2017-04-19', '5274', 3),
(494, 1, 1, 59, '2017-04-19', '58080', 2),
(495, 11, 4, 120, '2017-04-19', '1182', 2),
(496, 12, 4, 69, '2017-04-19', '238', 2),
(497, 38, 1, 138, '2017-04-19', '3000', 1),
(498, 36, 5, 187, '2017-04-20', '26565', 3),
(499, 29, 2, 154, '2017-04-20', '7910', 2),
(500, 30, 1, 103, '2017-04-20', '8476', 1),
(501, 22, 1, 157, '2017-04-20', '36686', 2),
(502, 23, 7, 26, '2017-04-21', '5870', 2),
(503, 24, 4, 167, '2017-04-21', '1018', 2),
(504, 25, 2, 108, '2017-04-21', '8750', 2),
(505, 26, 1, 7, '2017-04-21', '61200', 3),
(506, 37, 7, 45, '2017-04-22', '5274', 3),
(507, 1, 1, 148, '2017-04-22', '87120', 3),
(508, 11, 4, 24, '2017-04-22', '1182', 2),
(509, 12, 4, 126, '2017-04-22', '119', 1),
(510, 38, 1, 144, '2017-04-22', '9000', 3),
(511, 36, 5, 134, '2017-04-22', '8855', 1),
(512, 1, 1, 26, '2017-04-22', '87120', 3),
(513, 7, 3, 40, '2017-04-25', '2985', 3),
(514, 8, 1, 110, '2017-04-25', '83013', 3),
(515, 9, 1, 28, '2017-04-25', '75508', 2),
(516, 10, 1, 137, '2017-04-25', '8437', 1),
(517, 11, 4, 3, '2017-04-25', '591', 1),
(518, 12, 4, 11, '2017-04-25', '357', 3),
(519, 13, 1, 57, '2017-04-26', '6600', 2),
(520, 14, 5, 130, '2017-04-26', '116829', 1),
(521, 15, 5, 100, '2017-04-26', '38934', 1),
(522, 16, 5, 125, '2017-04-26', '16705', 1),
(523, 17, 5, 189, '2017-04-26', '120366', 3),
(524, 18, 6, 71, '2017-04-27', '16976', 1),
(525, 19, 7, 26, '2017-04-27', '9374', 2),
(526, 20, 1, 148, '2017-04-27', '50577', 3),
(527, 21, 1, 175, '2017-04-27', '20156', 2),
(528, 22, 1, 66, '2017-04-27', '55029', 3),
(529, 23, 7, 153, '2017-04-28', '5870', 2),
(530, 24, 4, 131, '2017-04-28', '509', 1),
(531, 25, 2, 103, '2017-04-28', '8750', 2),
(532, 26, 1, 79, '2017-04-28', '40800', 2),
(533, 27, 1, 154, '2017-04-28', '127650', 3),
(534, 28, 1, 138, '2017-04-29', '127650', 3),
(535, 29, 2, 36, '2017-04-29', '7910', 2),
(536, 30, 1, 98, '2017-04-29', '25428', 3),
(537, 2, 1, 163, '2017-04-29', '87120', 3),
(538, 3, 2, 78, '2017-04-29', '10400', 1),
(539, 31, 1, 181, '2017-04-29', '18000', 2),
(540, 32, 1, 151, '2017-05-02', '151800', 3),
(541, 33, 7, 169, '2017-05-02', '23690', 2),
(542, 34, 1, 12, '2017-05-02', '11052', 2),
(543, 35, 1, 71, '2017-05-02', '20556', 2),
(544, 24, 4, 97, '2017-05-02', '1018', 2),
(545, 25, 2, 127, '2017-05-02', '4375', 1),
(546, 26, 1, 5, '2017-05-02', '40800', 2),
(547, 27, 1, 179, '2017-05-02', '85100', 2),
(548, 28, 1, 179, '2017-05-03', '85100', 2),
(549, 29, 2, 58, '2017-05-03', '3955', 1),
(550, 30, 1, 20, '2017-05-03', '8476', 1),
(551, 22, 1, 130, '2017-05-03', '55302', 3),
(552, 23, 7, 159, '2017-05-03', '8805', 3),
(553, 24, 4, 40, '2017-05-03', '1527', 3),
(554, 25, 2, 151, '2017-05-04', '8750', 2),
(555, 26, 1, 60, '2017-05-04', '20400', 1),
(556, 37, 7, 27, '2017-05-04', '1758', 1),
(557, 1, 1, 115, '2017-05-04', '87120', 3),
(558, 11, 4, 172, '2017-05-04', '591', 1),
(559, 12, 4, 107, '2017-05-04', '119', 1),
(560, 38, 1, 138, '2017-05-04', '9000', 3),
(561, 36, 5, 24, '2017-05-04', '17710', 2),
(562, 1, 1, 172, '2017-05-04', '58080', 2),
(563, 39, 5, 65, '2017-05-05', '13236', 1),
(564, 40, 7, 36, '2017-05-05', '11158', 2),
(565, 21, 1, 13, '2017-05-05', '20156', 2),
(566, 22, 1, 155, '2017-05-05', '36686', 2),
(567, 41, 1, 119, '2017-05-05', '30189', 3),
(568, 42, 5, 169, '2017-05-05', '12500', 2),
(569, 43, 1, 191, '2017-05-05', '16860', 2),
(570, 42, 5, 178, '2017-05-05', '6250', 1),
(571, 43, 1, 145, '2017-05-05', '8430', 1),
(572, 26, 1, 109, '2017-05-05', '20400', 1),
(573, 27, 1, 118, '2017-05-06', '127650', 3),
(574, 3, 2, 150, '2017-05-06', '31200', 3),
(575, 4, 1, 40, '2017-05-06', '19888', 1),
(576, 5, 1, 145, '2017-05-06', '22392', 3),
(577, 6, 1, 43, '2017-05-06', '32868', 3),
(578, 35, 1, 148, '2017-05-08', '30834', 3),
(579, 24, 4, 159, '2017-05-08', '509', 1),
(580, 25, 2, 53, '2017-05-08', '8750', 2),
(581, 26, 1, 144, '2017-05-08', '40800', 2),
(582, 27, 1, 193, '2017-05-08', '127650', 3),
(583, 28, 1, 157, '2017-05-08', '127650', 3),
(584, 29, 2, 27, '2017-05-08', '11865', 3),
(585, 30, 1, 133, '2017-05-08', '8476', 1),
(586, 22, 1, 159, '2017-05-09', '36868', 2),
(587, 23, 7, 107, '2017-05-09', '8805', 3),
(588, 24, 4, 38, '2017-05-09', '1527', 3),
(589, 25, 2, 154, '2017-05-09', '13125', 3),
(590, 26, 1, 144, '2017-05-09', '40800', 2),
(591, 37, 7, 142, '2017-05-09', '5274', 3),
(592, 1, 1, 147, '2017-05-10', '58080', 2),
(593, 1, 1, 29, '2017-05-10', '87120', 3),
(594, 11, 4, 12, '2017-05-10', '1182', 2),
(595, 12, 4, 93, '2017-05-10', '119', 1),
(596, 38, 1, 165, '2017-05-10', '3000', 1),
(597, 36, 5, 31, '2017-05-12', '8855', 1),
(598, 1, 1, 200, '2017-05-12', '29040', 1),
(599, 39, 5, 20, '2017-05-12', '39708', 3),
(600, 40, 7, 133, '2017-05-12', '5579', 1),
(601, 21, 1, 10, '2017-05-12', '20156', 2),
(602, 22, 1, 180, '2017-05-12', '36686', 2),
(603, 41, 1, 87, '2017-05-13', '30189', 3),
(604, 1, 1, 80, '2017-05-13', '87120', 3),
(605, 11, 4, 102, '2017-05-13', '1182', 2),
(606, 12, 4, 174, '2017-05-13', '119', 1),
(607, 38, 1, 25, '2017-05-13', '9000', 3),
(608, 36, 5, 34, '2017-05-13', '26565', 3),
(609, 35, 1, 22, '2017-05-15', '20556', 2),
(610, 24, 4, 193, '2017-05-15', '1527', 3),
(611, 25, 2, 59, '2017-05-15', '13125', 3),
(612, 26, 1, 1, '2017-05-15', '20400', 1),
(613, 27, 1, 46, '2017-05-15', '42550', 1),
(614, 28, 1, 22, '2017-05-16', '85100', 2),
(615, 29, 2, 35, '2017-05-16', '7910', 2),
(616, 12, 4, 26, '2017-05-16', '238', 2),
(617, 38, 1, 150, '2017-05-16', '3000', 1),
(618, 36, 5, 196, '2017-05-17', '8855', 1),
(619, 1, 1, 121, '2017-05-17', '29040', 1),
(620, 39, 5, 86, '2017-05-17', '13236', 1),
(621, 40, 7, 118, '2017-05-17', '5579', 1),
(622, 21, 1, 9, '2017-05-17', '10078', 1),
(623, 22, 1, 116, '2017-05-18', '55029', 3),
(624, 41, 1, 197, '2017-05-18', '10063', 1),
(625, 36, 5, 30, '2017-05-18', '17710', 2),
(626, 35, 1, 122, '2017-05-18', '10278', 1),
(627, 24, 4, 189, '2017-05-18', '509', 1),
(628, 25, 2, 57, '2017-05-18', '13125', 3),
(629, 26, 1, 181, '2017-05-19', '40800', 2),
(630, 27, 1, 72, '2017-05-19', '127650', 3),
(631, 28, 1, 54, '2017-05-19', '42550', 1),
(632, 29, 2, 116, '2017-05-19', '7910', 2),
(633, 12, 4, 170, '2017-05-19', '238', 2),
(634, 35, 1, 7, '2017-05-19', '20556', 2),
(635, 24, 4, 56, '2017-05-19', '1527', 3),
(636, 25, 2, 75, '2017-05-19', '13125', 3),
(637, 26, 1, 129, '2017-05-20', '40800', 2),
(638, 27, 1, 190, '2017-05-20', '127650', 3),
(639, 28, 1, 141, '2017-05-20', '42550', 1),
(640, 29, 2, 164, '2017-05-20', '11865', 3),
(641, 30, 1, 186, '2017-05-20', '8476', 1),
(642, 37, 7, 72, '2017-05-20', '5274', 3),
(643, 1, 1, 178, '2017-05-20', '29040', 1),
(644, 11, 4, 88, '2017-05-20', '591', 1),
(645, 12, 4, 17, '2017-05-22', '119', 1),
(646, 38, 1, 134, '2017-05-22', '3000', 1),
(647, 36, 5, 35, '2017-05-22', '26565', 3),
(648, 1, 1, 153, '2017-05-22', '58080', 2),
(649, 39, 5, 135, '2017-05-22', '39708', 3),
(650, 40, 7, 10, '2017-05-22', '16737', 3),
(651, 21, 1, 162, '2017-05-22', '30234', 3),
(652, 28, 1, 91, '2017-05-23', '85100', 2),
(653, 33, 7, 118, '2017-05-23', '23690', 2),
(654, 48, 1, 130, '2017-05-23', '13875', 3),
(655, 49, 1, 23, '2017-05-23', '20240', 2),
(656, 36, 5, 63, '2017-05-23', '8855', 1),
(657, 50, 5, 184, '2017-05-24', '17710', 2),
(658, 51, 1, 53, '2017-05-24', '11385', 1),
(659, 56, 1, 152, '2017-05-24', '7091', 1),
(660, 3, 2, 110, '2017-05-24', '20800', 2),
(661, 4, 1, 33, '2017-05-24', '59664', 3),
(662, 5, 1, 185, '2017-05-26', '22392', 3),
(663, 6, 1, 103, '2017-05-26', '32868', 3),
(664, 7, 3, 47, '2017-05-26', '2985', 3),
(665, 8, 1, 8, '2017-05-26', '55342', 2),
(666, 9, 1, 19, '2017-05-27', '37754', 1),
(667, 10, 1, 123, '2017-05-27', '25311', 3),
(668, 1, 1, 116, '2017-05-27', '58080', 2),
(669, 11, 4, 47, '2017-05-27', '1182', 2),
(670, 12, 4, 18, '2017-05-27', '238', 2),
(671, 38, 1, 48, '2017-05-29', '3000', 1),
(672, 36, 5, 126, '2017-05-29', '8855', 1),
(673, 1, 1, 44, '2017-05-29', '58080', 2),
(674, 39, 5, 19, '2017-05-29', '39708', 3),
(675, 40, 7, 30, '2017-05-29', '11158', 2),
(676, 21, 1, 80, '2017-05-30', '30234', 3),
(677, 28, 1, 177, '2017-05-30', '85100', 2),
(678, 38, 1, 44, '2017-05-30', '3000', 1),
(679, 36, 5, 102, '2017-05-30', '8855', 1),
(680, 1, 1, 32, '2017-05-30', '29040', 1),
(681, 39, 5, 115, '2017-05-31', '39708', 3),
(682, 41, 1, 5, '2017-05-31', '10063', 1),
(683, 36, 5, 109, '2017-05-31', '8855', 1),
(684, 35, 1, 75, '2017-05-31', '20556', 2),
(685, 24, 4, 14, '2017-05-31', '1527', 3),
(686, 25, 2, 139, '2017-06-02', '8750', 2),
(687, 26, 1, 65, '2017-06-02', '40800', 2),
(688, 27, 1, 22, '2017-06-02', '85100', 2),
(689, 19, 7, 147, '2017-06-02', '14061', 3),
(690, 20, 1, 63, '2017-06-02', '33718', 2),
(691, 21, 1, 89, '2017-06-03', '20156', 2),
(692, 22, 1, 120, '2017-06-03', '55029', 3),
(693, 23, 7, 96, '2017-06-03', '5870', 2),
(694, 24, 4, 75, '2017-06-03', '1018', 2),
(695, 25, 2, 77, '2017-06-03', '4375', 1),
(696, 1, 1, 139, '2017-06-03', '29040', 1),
(697, 39, 5, 82, '2017-06-03', '13236', 1),
(698, 20, 1, 161, '2017-06-05', '16859', 1),
(699, 57, 2, 143, '2017-06-05', '29122', 2),
(700, 54, 1, 154, '2017-06-05', '30800', 1),
(701, 55, 4, 80, '2017-06-05', '7920', 3),
(702, 7, 3, 75, '2017-06-05', '995', 1),
(703, 8, 1, 41, '2017-06-06', '83013', 3),
(704, 9, 1, 90, '2017-06-06', '75508', 2),
(705, 10, 1, 144, '2017-06-06', '25311', 3),
(706, 20, 1, 83, '2017-06-06', '33718', 2),
(707, 57, 2, 59, '2017-06-06', '29122', 2),
(708, 54, 1, 152, '2017-06-07', '61600', 2),
(709, 55, 4, 1, '2017-06-07', '2640', 1),
(710, 7, 3, 196, '2017-06-07', '2985', 3),
(711, 8, 1, 118, '2017-06-07', '55342', 2),
(712, 9, 1, 137, '2017-06-07', '113262', 3),
(713, 10, 1, 188, '2017-06-07', '25311', 3),
(714, 3, 2, 58, '2017-06-07', '31200', 3),
(715, 4, 1, 168, '2017-06-08', '59664', 3),
(716, 5, 1, 44, '2017-06-08', '22392', 3),
(717, 6, 1, 27, '2017-06-08', '10956', 1),
(718, 7, 3, 141, '2017-06-08', '995', 1),
(719, 39, 5, 181, '2017-06-08', '13236', 1),
(720, 41, 1, 123, '2017-06-09', '10063', 1),
(721, 36, 5, 88, '2017-06-09', '8855', 1),
(722, 35, 1, 31, '2017-06-09', '30834', 3),
(723, 24, 4, 182, '2017-06-09', '509', 1),
(724, 25, 2, 117, '2017-06-09', '4375', 1),
(725, 26, 1, 168, '2017-06-09', '40800', 2),
(726, 27, 1, 41, '2017-06-09', '85100', 2),
(727, 19, 7, 93, '2017-06-10', '14061', 3),
(728, 20, 1, 36, '2017-06-10', '50577', 3),
(729, 21, 1, 99, '2017-06-10', '30234', 3),
(730, 22, 1, 59, '2017-06-10', '55029', 3),
(731, 25, 2, 52, '2017-06-10', '13125', 3),
(732, 26, 1, 127, '2017-06-10', '40800', 2),
(733, 27, 1, 42, '2017-06-12', '127650', 3),
(734, 28, 1, 139, '2017-06-12', '42550', 1),
(735, 29, 2, 120, '2017-06-12', '3955', 1),
(736, 25, 2, 192, '2017-06-12', '4375', 1),
(737, 26, 1, 104, '2017-06-12', '61200', 3),
(738, 37, 7, 190, '2017-06-13', '5274', 3),
(739, 1, 1, 148, '2017-06-13', '58080', 2),
(740, 11, 4, 18, '2017-06-13', '1182', 2),
(741, 12, 4, 20, '2017-06-13', '238', 2),
(742, 12, 4, 179, '2017-06-14', '357', 3),
(743, 38, 1, 134, '2017-06-14', '9000', 3),
(744, 36, 5, 85, '2017-06-14', '8855', 1),
(745, 1, 1, 157, '2017-06-14', '29040', 1),
(746, 39, 5, 195, '2017-06-14', '26472', 2),
(747, 40, 7, 26, '2017-06-15', '16737', 3),
(748, 29, 2, 28, '2017-06-15', '7910', 2),
(749, 12, 4, 18, '2017-06-15', '238', 2),
(750, 35, 1, 20, '2017-06-15', '20556', 2),
(751, 24, 4, 160, '2017-06-15', '509', 1),
(752, 25, 2, 20, '2017-06-16', '4375', 1),
(753, 26, 1, 198, '2017-06-16', '61200', 3),
(754, 27, 1, 10, '2017-06-16', '85100', 2),
(755, 41, 1, 42, '2017-06-16', '30189', 3),
(756, 42, 5, 120, '2017-06-16', '6250', 1),
(757, 43, 1, 97, '2017-06-17', '16860', 2),
(758, 42, 5, 144, '2017-06-17', '12500', 2),
(759, 43, 1, 97, '2017-06-17', '25290', 3),
(760, 26, 1, 58, '2017-06-17', '20400', 1),
(761, 27, 1, 134, '2017-06-17', '85100', 2),
(762, 36, 5, 22, '2017-06-19', '17710', 2),
(763, 35, 1, 189, '2017-06-19', '20556', 2),
(764, 24, 4, 106, '2017-06-19', '1018', 2),
(765, 25, 2, 177, '2017-06-19', '8750', 2),
(766, 26, 1, 30, '2017-06-19', '20400', 1),
(767, 27, 1, 16, '2017-06-20', '42550', 1),
(768, 43, 1, 86, '2017-06-20', '25290', 3),
(769, 26, 1, 127, '2017-06-20', '20400', 1),
(770, 27, 1, 140, '2017-06-20', '127650', 3),
(771, 27, 1, 192, '2017-06-20', '85100', 2),
(772, 41, 1, 11, '2017-06-20', '20126', 2),
(773, 42, 5, 26, '2017-06-20', '12500', 2),
(774, 43, 1, 65, '2017-06-21', '25290', 3),
(775, 38, 1, 44, '2017-06-21', '6000', 2),
(776, 36, 5, 24, '2017-06-21', '8855', 1),
(777, 29, 2, 155, '2017-06-21', '3955', 1),
(778, 30, 1, 88, '2017-06-21', '25428', 3),
(779, 22, 1, 138, '2017-06-22', '36686', 2),
(780, 23, 7, 153, '2017-06-22', '5870', 2),
(781, 28, 1, 190, '2017-06-22', '42550', 1),
(782, 38, 1, 146, '2017-06-22', '9000', 3),
(783, 36, 5, 91, '2017-06-22', '8855', 1),
(784, 1, 1, 18, '2017-06-23', '29040', 1),
(785, 39, 5, 127, '2017-06-23', '13236', 1),
(786, 41, 1, 88, '2017-06-23', '20126', 2),
(787, 36, 5, 197, '2017-06-23', '8855', 1),
(788, 35, 1, 48, '2017-06-23', '30834', 3),
(789, 24, 4, 71, '2017-06-23', '509', 1),
(790, 38, 1, 149, '2017-06-24', '3000', 1),
(791, 33, 7, 26, '2017-06-24', '23690', 2),
(792, 48, 1, 136, '2017-06-24', '13875', 3),
(793, 49, 1, 34, '2017-06-24', '30360', 3),
(794, 36, 5, 7, '2017-06-24', '17710', 2),
(795, 56, 1, 15, '2017-06-24', '21273', 3),
(796, 37, 7, 178, '2017-06-24', '1758', 1),
(797, 19, 7, 65, '2017-07-01', '4687', 1),
(798, 20, 1, 101, '2017-07-01', '16859', 1),
(799, 21, 1, 40, '2017-07-01', '20156', 2),
(800, 22, 1, 12, '2017-07-01', '55029', 3),
(801, 23, 7, 48, '2017-07-01', '5870', 2),
(802, 24, 4, 112, '2017-07-01', '1018', 2),
(803, 25, 2, 180, '2017-07-03', '4375', 1),
(804, 26, 1, 114, '2017-07-03', '20400', 1),
(805, 27, 1, 129, '2017-07-03', '42550', 1),
(806, 28, 1, 112, '2017-07-03', '127650', 3),
(807, 29, 2, 21, '2017-07-03', '7910', 2),
(808, 30, 1, 6, '2017-07-03', '25428', 3),
(809, 2, 1, 177, '2017-07-03', '87120', 3),
(810, 3, 2, 95, '2017-07-04', '20800', 2),
(811, 31, 1, 76, '2017-07-04', '27000', 3),
(812, 32, 1, 127, '2017-07-04', '50600', 1),
(813, 33, 7, 143, '2017-07-04', '35535', 3),
(814, 34, 1, 52, '2017-07-04', '11052', 2),
(815, 35, 1, 196, '2017-07-04', '30834', 3),
(816, 36, 5, 39, '2017-07-04', '26565', 3),
(817, 37, 7, 171, '2017-07-04', '5274', 3),
(818, 37, 7, 64, '2017-07-05', '5274', 3),
(819, 1, 1, 123, '2017-07-05', '29040', 1),
(820, 11, 4, 88, '2017-07-05', '1773', 3),
(821, 12, 4, 147, '2017-07-05', '119', 1),
(822, 38, 1, 141, '2017-07-05', '6000', 2),
(823, 36, 5, 150, '2017-07-06', '26565', 3),
(824, 1, 1, 185, '2017-07-06', '58080', 2),
(825, 39, 5, 14, '2017-07-06', '26472', 2),
(826, 40, 7, 104, '2017-07-06', '11158', 2),
(827, 21, 1, 119, '2017-07-06', '20156', 2),
(828, 22, 1, 34, '2017-07-06', '18343', 1),
(829, 41, 1, 8, '2017-07-07', '10063', 1),
(830, 42, 5, 10, '2017-07-07', '12500', 2),
(831, 43, 1, 183, '2017-07-07', '8430', 1),
(832, 42, 5, 60, '2017-07-07', '18750', 3),
(833, 43, 1, 129, '2017-07-07', '8430', 1),
(834, 26, 1, 131, '2017-07-07', '20400', 1),
(835, 27, 1, 165, '2017-07-07', '85100', 2),
(836, 44, 2, 168, '2017-07-07', '4810', 2),
(837, 45, 1, 30, '2017-07-08', '4154', 1),
(838, 46, 7, 17, '2017-07-08', '9430', 2),
(839, 47, 2, 189, '2017-07-08', '24072', 2),
(840, 30, 1, 161, '2017-07-08', '25428', 3),
(841, 28, 1, 169, '2017-07-08', '127650', 3),
(842, 29, 2, 180, '2017-07-10', '3955', 1),
(843, 30, 1, 40, '2017-07-10', '8476', 1),
(844, 2, 1, 188, '2017-07-10', '87120', 3),
(845, 3, 2, 110, '2017-07-10', '20800', 2),
(846, 31, 1, 137, '2017-07-10', '27000', 3),
(847, 32, 1, 13, '2017-07-11', '101200', 2),
(848, 33, 7, 135, '2017-07-11', '11845', 1),
(849, 34, 1, 90, '2017-07-11', '5526', 1),
(850, 35, 1, 56, '2017-07-11', '20556', 2),
(851, 36, 5, 131, '2017-07-11', '17710', 2),
(852, 37, 7, 130, '2017-07-12', '1758', 1),
(853, 37, 7, 174, '2017-07-12', '5274', 3),
(854, 1, 1, 49, '2017-07-12', '29040', 1),
(855, 11, 4, 134, '2017-07-12', '1773', 3),
(856, 12, 4, 3, '2017-07-12', '119', 1),
(857, 38, 1, 153, '2017-07-12', '9000', 3),
(858, 36, 5, 11, '2017-07-13', '8855', 1),
(859, 1, 1, 20, '2017-07-13', '58080', 2),
(860, 39, 5, 91, '2017-07-13', '39708', 3),
(861, 40, 7, 49, '2017-07-13', '16737', 3),
(862, 21, 1, 22, '2017-07-13', '10078', 1),
(863, 28, 1, 86, '2017-07-13', '127650', 3),
(864, 29, 2, 33, '2017-07-13', '3955', 1),
(865, 30, 1, 94, '2017-07-14', '16952', 2),
(866, 2, 1, 46, '2017-07-14', '87120', 3),
(867, 3, 2, 49, '2017-07-14', '20800', 2),
(868, 31, 1, 140, '2017-07-14', '27000', 3),
(869, 32, 1, 112, '2017-07-14', '50600', 1),
(870, 33, 7, 13, '2017-07-14', '11845', 1),
(871, 34, 1, 59, '2017-07-14', '5526', 1),
(872, 35, 1, 15, '2017-07-14', '10278', 1),
(873, 36, 5, 123, '2017-07-15', '8855', 1),
(874, 48, 1, 40, '2017-07-15', '13875', 3),
(875, 49, 1, 15, '2017-07-15', '20250', 2),
(876, 30, 1, 54, '2017-07-15', '16952', 2),
(877, 2, 1, 11, '2017-07-15', '29040', 1),
(878, 35, 1, 8, '2017-07-17', '10278', 1),
(879, 36, 5, 62, '2017-07-17', '26565', 3),
(880, 48, 1, 4, '2017-07-17', '13875', 3),
(881, 43, 1, 139, '2017-07-17', '8430', 1),
(882, 26, 1, 106, '2017-07-17', '61200', 3),
(883, 27, 1, 93, '2017-07-17', '42550', 1),
(884, 44, 2, 193, '2017-07-17', '2405', 1),
(885, 45, 1, 15, '2017-07-17', '8308', 2),
(886, 31, 1, 82, '2017-07-18', '9000', 1),
(887, 32, 1, 173, '2017-07-18', '50600', 1),
(888, 33, 7, 200, '2017-07-18', '11845', 1),
(889, 48, 1, 66, '2017-07-18', '13875', 3),
(890, 49, 1, 171, '2017-07-18', '20240', 2),
(891, 36, 5, 166, '2017-07-19', '8855', 1),
(892, 50, 5, 127, '2017-07-19', '17710', 2),
(893, 51, 1, 20, '2017-07-19', '11385', 1),
(894, 2, 1, 84, '2017-07-19', '58080', 2),
(895, 3, 2, 78, '2017-07-19', '20800', 2),
(896, 4, 1, 113, '2017-07-19', '59664', 3),
(897, 52, 1, 145, '2017-07-19', '20126', 2),
(898, 53, 1, 44, '2017-07-20', '98310', 1),
(899, 54, 1, 171, '2017-07-20', '30800', 1),
(900, 55, 4, 84, '2017-07-20', '7920', 3),
(901, 42, 5, 155, '2017-07-20', '12500', 2),
(902, 43, 1, 196, '2017-07-21', '16860', 2),
(903, 33, 7, 42, '2017-07-21', '11845', 1),
(904, 34, 1, 44, '2017-07-21', '5526', 1),
(905, 35, 1, 84, '2017-07-21', '10278', 1),
(906, 36, 5, 51, '2017-07-21', '8855', 1),
(907, 37, 7, 130, '2017-07-21', '3516', 2),
(908, 37, 7, 26, '2017-07-22', '3516', 2),
(909, 1, 1, 39, '2017-07-23', '87120', 3),
(910, 11, 4, 168, '2017-07-24', '1182', 2),
(911, 12, 4, 11, '2017-07-22', '238', 2),
(912, 38, 1, 117, '2017-07-22', '6000', 2),
(913, 36, 5, 64, '2017-07-24', '26565', 3),
(914, 1, 1, 155, '2017-07-24', '29040', 1),
(915, 39, 5, 163, '2017-07-24', '26472', 2),
(916, 40, 7, 49, '2017-07-24', '11158', 2),
(917, 21, 1, 17, '2020-07-25', '20156', 2),
(918, 22, 1, 146, '2020-07-25', '18343', 1),
(919, 41, 1, 128, '2020-07-25', '30189', 3),
(920, 11, 4, 54, '2020-07-25', '1182', 2),
(921, 12, 4, 114, '2020-07-25', '119', 1),
(922, 38, 1, 101, '2020-07-25', '9000', 3),
(923, 36, 5, 135, '2017-07-26', '8855', 1),
(924, 1, 1, 57, '2017-07-26', '29040', 1),
(925, 39, 5, 126, '2017-07-26', '13236', 1),
(926, 40, 7, 12, '2017-07-26', '11158', 2),
(927, 21, 1, 121, '2017-07-26', '20156', 2),
(928, 43, 1, 6, '2017-07-27', '8430', 1),
(929, 33, 7, 46, '2017-07-27', '35535', 3),
(930, 34, 1, 134, '2017-07-27', '16578', 3),
(931, 35, 1, 41, '2017-07-27', '10278', 1),
(932, 36, 5, 153, '2017-07-27', '26565', 3),
(933, 4, 1, 41, '2017-07-27', '19888', 1),
(934, 5, 1, 82, '2017-07-28', '7464', 1),
(935, 6, 1, 5, '2017-07-28', '32868', 3),
(936, 7, 3, 5, '2017-07-28', '2985', 3),
(937, 8, 1, 55, '2017-07-28', '55342', 2),
(938, 9, 1, 84, '2017-07-29', '75508', 2),
(939, 10, 1, 127, '2017-07-29', '25311', 3),
(940, 11, 4, 152, '2017-07-29', '1773', 3),
(941, 12, 4, 185, '2017-07-29', '357', 3),
(942, 13, 1, 136, '2017-07-29', '3300', 1),
(943, 14, 5, 52, '2017-07-29', '350487', 3),
(944, 51, 1, 13, '2017-07-29', '22770', 2),
(945, 56, 1, 167, '2017-07-29', '14182', 2),
(946, 37, 7, 114, '2017-07-29', '1758', 1),
(947, 1, 1, 23, '2017-07-29', '29040', 1),
(948, 2, 1, 153, '2017-07-31', '87120', 3),
(949, 3, 2, 164, '2017-07-31', '10400', 1),
(950, 4, 1, 8, '2017-07-31', '39776', 2),
(951, 5, 1, 22, '2017-07-31', '22392', 3),
(952, 11, 4, 120, '2017-07-31', '1182', 2),
(953, 12, 4, 16, '2017-08-01', '357', 3),
(954, 38, 1, 89, '2017-08-01', '9000', 3),
(955, 36, 5, 54, '2017-08-01', '8855', 1),
(956, 19, 7, 98, '2017-08-01', '4687', 1),
(957, 20, 1, 147, '2017-08-01', '16859', 1),
(958, 21, 1, 115, '2017-08-02', '30234', 3),
(959, 22, 1, 4, '2017-08-02', '36686', 2),
(960, 39, 5, 165, '2017-08-02', '10063', 1),
(961, 40, 7, 115, '2017-08-02', '11158', 2),
(962, 21, 1, 174, '2017-08-03', '10078', 1),
(963, 22, 1, 95, '2017-08-03', '55029', 3),
(964, 41, 1, 19, '2017-08-03', '30189', 3),
(965, 42, 5, 175, '2017-08-03', '18750', 3),
(966, 43, 1, 159, '2017-08-04', '16860', 2),
(967, 42, 5, 59, '2017-08-04', '18750', 3),
(968, 26, 1, 163, '2017-08-04', '61200', 3),
(969, 27, 1, 190, '2017-08-04', '85100', 2),
(970, 28, 1, 108, '2017-08-04', '85100', 2),
(971, 29, 2, 5, '2017-08-04', '7910', 2),
(972, 43, 1, 72, '2017-08-05', '16860', 2),
(973, 33, 7, 128, '2017-08-05', '23690', 2),
(974, 34, 1, 160, '2017-08-05', '5526', 1),
(975, 35, 1, 175, '2017-08-05', '20556', 2),
(976, 36, 5, 143, '2017-08-05', '26565', 3),
(977, 37, 7, 112, '2017-08-07', '3516', 2),
(978, 37, 7, 21, '2017-08-07', '5274', 3),
(979, 1, 1, 37, '2017-08-07', '29040', 1),
(980, 11, 4, 192, '2017-08-07', '1773', 3),
(981, 12, 4, 13, '2017-08-07', '238', 2),
(982, 38, 1, 186, '2017-08-08', '3000', 1),
(983, 36, 5, 87, '2017-08-08', '8855', 1),
(984, 1, 1, 106, '2017-08-08', '58080', 2),
(985, 39, 5, 56, '2017-08-08', '13236', 1),
(986, 20, 1, 188, '2017-08-09', '50577', 3),
(987, 57, 2, 183, '2017-08-09', '43683', 3),
(988, 54, 1, 96, '2017-08-09', '30800', 1),
(989, 55, 4, 90, '2017-08-09', '2640', 1),
(990, 42, 5, 96, '2017-08-09', '18750', 3),
(991, 43, 1, 24, '2017-08-09', '8430', 1),
(992, 31, 1, 61, '2017-08-10', '9000', 1),
(993, 32, 1, 49, '2017-08-10', '50600', 1),
(994, 33, 7, 163, '2017-08-10', '11845', 1),
(995, 48, 1, 32, '2017-08-10', '13875', 3),
(996, 49, 1, 141, '2017-08-10', '10120', 1),
(997, 36, 5, 147, '2017-08-10', '17710', 2),
(998, 50, 5, 14, '2017-08-11', '26565', 3),
(999, 51, 1, 49, '2017-08-11', '11385', 1),
(1000, 56, 1, 72, '2017-08-11', '7091', 1),
(1001, 37, 7, 145, '2017-08-11', '3516', 2),
(1002, 1, 1, 34, '2017-08-12', '87120', 3),
(1003, 2, 1, 146, '2017-08-12', '29040', 1),
(1004, 3, 2, 8, '2017-08-12', '20800', 2),
(1005, 4, 1, 67, '2017-08-12', '19888', 1),
(1006, 5, 1, 194, '2017-08-12', '7464', 1),
(1007, 6, 1, 107, '2017-08-14', '21912', 2),
(1008, 7, 3, 66, '2017-08-14', '2985', 3),
(1009, 8, 1, 107, '2017-08-14', '83013', 3),
(1010, 9, 1, 167, '2017-08-14', '113262', 3),
(1011, 10, 1, 184, '2017-08-14', '8437', 1),
(1012, 11, 4, 48, '2017-08-15', '591', 1),
(1013, 12, 4, 24, '2017-08-15', '357', 3),
(1014, 13, 1, 99, '2017-08-15', '3300', 1),
(1015, 14, 5, 133, '2017-08-15', '350487', 3),
(1016, 15, 5, 143, '2017-08-15', '77868', 2),
(1017, 16, 5, 75, '2017-08-15', '33410', 2),
(1018, 17, 5, 75, '2017-08-16', '80244', 2),
(1019, 18, 6, 176, '2017-08-16', '16976', 1),
(1020, 19, 7, 195, '2017-08-16', '4687', 1),
(1021, 20, 1, 145, '2017-08-16', '16859', 1),
(1022, 21, 1, 141, '2017-08-16', '10078', 1),
(1023, 22, 1, 8, '2017-08-16', '36686', 2),
(1024, 23, 7, 174, '2017-08-18', '8805', 3),
(1025, 24, 4, 52, '2017-08-18', '1018', 2),
(1026, 25, 2, 102, '2017-08-18', '4375', 1),
(1027, 26, 1, 29, '2017-08-18', '20400', 1),
(1028, 27, 1, 104, '2017-08-18', '85100', 2),
(1029, 28, 1, 7, '2017-08-19', '42550', 1),
(1030, 29, 2, 196, '2017-08-19', '11865', 3),
(1031, 30, 1, 144, '2017-08-19', '16952', 2),
(1032, 2, 1, 145, '2017-08-19', '87120', 3),
(1033, 3, 2, 95, '2017-08-19', '10400', 1),
(1034, 31, 1, 85, '2017-08-21', '18000', 2),
(1035, 32, 1, 199, '2017-08-21', '101200', 2),
(1036, 33, 7, 1, '2017-08-21', '35535', 3),
(1037, 34, 1, 165, '2017-08-21', '16578', 3),
(1038, 35, 1, 111, '2017-08-21', '10278', 1),
(1039, 36, 5, 31, '2017-08-21', '17710', 2),
(1040, 37, 7, 34, '2017-08-22', '3516', 2),
(1041, 37, 7, 4, '2017-08-22', '5274', 3),
(1042, 1, 1, 162, '2017-08-22', '87120', 3),
(1043, 11, 4, 88, '2017-08-22', '1773', 3),
(1044, 12, 4, 61, '2017-08-22', '119', 1),
(1045, 38, 1, 15, '2017-08-23', '3000', 1),
(1046, 36, 5, 72, '2017-08-23', '17710', 2),
(1047, 1, 1, 142, '2017-08-23', '29040', 1),
(1048, 39, 5, 165, '2017-08-23', '39708', 3),
(1049, 40, 7, 164, '2017-08-24', '5579', 1),
(1050, 21, 1, 157, '2017-08-24', '10078', 1),
(1051, 22, 1, 124, '2017-08-24', '18343', 1),
(1052, 41, 1, 198, '2017-08-24', '30189', 3),
(1053, 42, 5, 102, '2017-08-24', '18750', 3),
(1054, 43, 1, 181, '2017-08-25', '16860', 2),
(1055, 42, 5, 123, '2017-08-25', '18750', 3),
(1056, 43, 1, 186, '2017-08-25', '25290', 3),
(1057, 26, 1, 183, '2017-08-25', '20400', 1),
(1058, 27, 1, 51, '2017-08-25', '127650', 3),
(1059, 44, 2, 34, '2017-08-26', '4810', 2),
(1060, 45, 1, 118, '2017-08-26', '8308', 2),
(1061, 46, 7, 142, '2017-08-26', '14145', 3),
(1062, 47, 2, 103, '2017-08-26', '24072', 2),
(1063, 30, 1, 49, '2017-08-26', '25428', 3),
(1064, 28, 1, 41, '2017-08-28', '127650', 3),
(1065, 29, 2, 11, '2017-08-28', '3955', 1),
(1066, 30, 1, 89, '2017-08-28', '8476', 1),
(1067, 2, 1, 160, '2017-08-28', '87120', 3),
(1068, 3, 2, 160, '2017-08-28', '20800', 2),
(1069, 31, 1, 15, '2017-08-29', '27000', 3),
(1070, 32, 1, 93, '2017-08-29', '151800', 3),
(1071, 33, 7, 46, '2017-08-29', '11845', 1),
(1072, 34, 1, 24, '2017-08-29', '5526', 1),
(1073, 35, 1, 151, '2017-08-29', '10278', 1),
(1074, 36, 5, 18, '2017-08-30', '8855', 1),
(1075, 37, 7, 109, '2017-08-30', '1758', 1),
(1076, 37, 7, 12, '2017-08-30', '3516', 2),
(1077, 1, 1, 12, '2017-08-30', '29040', 1),
(1078, 11, 4, 96, '2017-08-31', '1182', 2),
(1079, 12, 4, 57, '2017-08-31', '238', 2),
(1080, 38, 1, 35, '2017-08-31', '9000', 3),
(1081, 36, 5, 110, '2017-08-31', '17710', 2),
(1082, 1, 1, 118, '2017-08-31', '58080', 2),
(1083, 39, 5, 115, '2017-08-31', '26472', 2),
(1084, 40, 7, 96, '2017-08-31', '11158', 2),
(1085, 21, 1, 150, '2017-08-31', '10078', 1),
(1086, 28, 1, 179, '2017-09-02', '85100', 2),
(1087, 29, 2, 113, '2017-09-02', '7910', 2),
(1088, 30, 1, 112, '2017-09-02', '8476', 1),
(1089, 2, 1, 38, '2017-09-02', '29040', 1),
(1090, 3, 2, 200, '2017-09-02', '31200', 3),
(1091, 31, 1, 33, '2017-09-04', '18000', 2),
(1092, 32, 1, 120, '2017-09-04', '151800', 3),
(1093, 33, 7, 199, '2017-09-04', '35535', 3),
(1094, 34, 1, 26, '2017-09-04', '5526', 1),
(1095, 35, 1, 33, '2017-09-05', '10278', 1),
(1096, 36, 5, 27, '2017-09-05', '26565', 3),
(1097, 48, 1, 45, '2017-09-05', '9250', 2),
(1098, 49, 1, 168, '2017-09-05', '10120', 1),
(1099, 30, 1, 191, '2017-09-05', '25428', 3),
(1100, 2, 1, 151, '2017-09-05', '58080', 2),
(1101, 35, 1, 188, '2017-09-06', '10278', 1),
(1102, 36, 5, 200, '2017-09-06', '26565', 3),
(1103, 48, 1, 130, '2017-09-06', '9250', 2),
(1104, 43, 1, 192, '2017-09-06', '8430', 1),
(1105, 26, 1, 163, '2017-09-06', '40800', 2),
(1106, 27, 1, 49, '2017-09-07', '85100', 2),
(1107, 44, 2, 125, '2017-09-07', '4810', 2),
(1108, 45, 1, 193, '2017-09-07', '4154', 1),
(1109, 31, 1, 100, '2017-09-07', '27000', 3),
(1110, 32, 1, 144, '2017-09-07', '50600', 1),
(1111, 33, 7, 116, '2017-09-08', '35535', 3),
(1112, 48, 1, 186, '2017-09-08', '9250', 2),
(1113, 49, 1, 52, '2017-09-08', '10120', 1),
(1114, 36, 5, 117, '2017-09-08', '26565', 3),
(1115, 50, 5, 64, '2017-09-08', '26565', 3),
(1116, 51, 1, 87, '2017-09-08', '34155', 3),
(1117, 2, 1, 159, '2017-09-09', '29040', 1),
(1118, 3, 2, 29, '2017-09-09', '20800', 2),
(1119, 4, 1, 43, '2017-09-09', '59664', 3),
(1120, 52, 1, 188, '2017-09-09', '30189', 3),
(1121, 53, 1, 44, '2017-09-09', '294930', 3),
(1122, 54, 1, 84, '2017-09-09', '61600', 2),
(1123, 55, 4, 186, '2017-09-11', '2640', 1),
(1124, 42, 5, 117, '2017-09-11', '12500', 2),
(1125, 43, 1, 116, '2017-09-11', '8430', 1),
(1126, 33, 7, 199, '2017-09-11', '35535', 3),
(1127, 34, 1, 154, '2017-09-12', '11052', 2),
(1128, 35, 1, 133, '2017-09-12', '10278', 1),
(1129, 36, 5, 100, '2017-09-12', '8855', 1),
(1130, 37, 7, 46, '2017-09-12', '3516', 2),
(1131, 37, 7, 137, '2017-09-12', '3516', 2),
(1132, 1, 1, 49, '2017-09-13', '58080', 2),
(1133, 41, 1, 173, '2017-09-13', '10063', 1),
(1134, 11, 4, 145, '2017-09-13', '591', 1),
(1135, 12, 4, 189, '2017-09-13', '357', 3),
(1136, 38, 1, 157, '2017-09-13', '6000', 2),
(1137, 36, 5, 77, '2017-09-14', '26565', 3),
(1138, 1, 1, 17, '2017-09-14', '58080', 2),
(1139, 39, 5, 59, '2017-09-14', '26472', 2),
(1140, 40, 7, 139, '2017-09-14', '16737', 3),
(1141, 21, 1, 71, '2017-09-14', '20156', 2),
(1142, 43, 1, 129, '2017-09-15', '16860', 2),
(1143, 33, 7, 33, '2017-09-15', '23690', 2),
(1144, 34, 1, 143, '2017-09-15', '11052', 2),
(1145, 35, 1, 125, '2017-09-15', '30834', 3),
(1146, 36, 5, 112, '2017-09-16', '8855', 1),
(1147, 4, 1, 108, '2017-09-16', '39776', 2),
(1148, 5, 1, 78, '2017-09-16', '22392', 3),
(1149, 6, 1, 140, '2017-09-16', '10956', 1),
(1150, 7, 3, 96, '2017-09-16', '1990', 2),
(1151, 8, 1, 136, '2017-09-16', '27671', 1),
(1152, 9, 1, 130, '2017-09-16', '75508', 2),
(1153, 10, 1, 75, '2017-09-16', '8437', 1),
(1154, 37, 7, 30, '2017-09-18', '3516', 2),
(1155, 1, 1, 188, '2017-09-18', '58080', 2),
(1156, 11, 4, 114, '2017-09-18', '1773', 3),
(1157, 12, 4, 186, '2017-09-18', '238', 2),
(1158, 38, 1, 122, '2017-09-18', '6000', 2),
(1159, 36, 5, 73, '2017-09-18', '17710', 2),
(1160, 1, 1, 31, '2017-09-19', '87120', 3),
(1161, 39, 5, 21, '2017-09-19', '39708', 3),
(1162, 40, 7, 190, '2017-09-19', '11158', 2),
(1163, 21, 1, 121, '2017-09-19', '30234', 3),
(1164, 22, 1, 85, '2017-09-19', '36686', 2),
(1165, 41, 1, 196, '2017-09-20', '20126', 2),
(1166, 42, 5, 85, '2017-09-20', '6250', 1),
(1167, 43, 1, 133, '2017-09-20', '16860', 2),
(1168, 42, 5, 118, '2017-09-20', '12500', 2),
(1169, 43, 1, 163, '2017-09-20', '8430', 1),
(1170, 26, 1, 45, '2017-09-22', '40800', 2),
(1171, 27, 1, 131, '2017-09-22', '42550', 1),
(1172, 44, 2, 173, '2017-09-22', '4810', 2),
(1173, 45, 1, 127, '2017-09-22', '8308', 2),
(1174, 46, 7, 76, '2017-09-22', '4715', 1),
(1175, 47, 2, 166, '2017-09-22', '12036', 1),
(1176, 30, 1, 183, '2017-09-23', '8476', 1),
(1177, 28, 1, 95, '2017-09-23', '42550', 1),
(1178, 29, 2, 115, '2017-09-23', '3955', 1),
(1179, 30, 1, 46, '2017-09-23', '25428', 3),
(1180, 2, 1, 125, '2017-09-23', '58080', 2),
(1181, 3, 2, 154, '2017-09-25', '10400', 1),
(1182, 6, 1, 139, '2017-09-25', '32868', 3),
(1183, 7, 3, 196, '2017-09-25', '1990', 2),
(1184, 8, 1, 98, '2017-09-25', '83013', 3),
(1185, 9, 1, 183, '2017-09-25', '75508', 2),
(1186, 10, 1, 52, '2017-09-26', '8437', 1),
(1187, 37, 7, 17, '2017-09-26', '3516', 2);
INSERT INTO `tbl_penjualan` (`id_penjualan`, `id_obat`, `id_satuan`, `id_user`, `tanggal_pembelian`, `harga`, `jmlah`) VALUES
(1188, 1, 1, 39, '2017-09-26', '87120', 3),
(1189, 11, 4, 145, '2017-09-26', '591', 1),
(1190, 12, 4, 188, '2017-09-26', '357', 3),
(1191, 38, 1, 88, '2017-09-27', '3000', 1),
(1192, 36, 5, 153, '2017-09-27', '17710', 2),
(1193, 1, 1, 186, '2017-09-27', '87120', 3),
(1194, 39, 5, 156, '2017-09-27', '13236', 1),
(1195, 40, 7, 2, '2017-09-27', '5579', 1),
(1196, 21, 1, 110, '2017-09-28', '10078', 1),
(1197, 22, 1, 43, '2017-09-28', '18343', 1),
(1198, 41, 1, 107, '2017-09-28', '10063', 1),
(1199, 42, 5, 158, '2017-09-28', '18750', 3),
(1200, 43, 1, 53, '2017-09-29', '8430', 1),
(1201, 42, 5, 163, '2017-09-29', '6250', 1),
(1202, 43, 1, 191, '2017-09-29', '8430', 1),
(1203, 26, 1, 133, '2017-09-29', '40800', 2),
(1204, 27, 1, 3, '2017-09-29', '42550', 1),
(1205, 3, 2, 24, '2017-09-29', '20800', 2),
(1206, 4, 1, 127, '2017-09-29', '19888', 1),
(1207, 5, 1, 164, '2017-09-30', '14928', 2),
(1208, 6, 1, 73, '2017-09-30', '21912', 2),
(1209, 7, 3, 102, '2017-09-30', '2985', 3),
(1210, 8, 1, 145, '2017-09-30', '27671', 1),
(1211, 9, 1, 197, '2017-09-30', '75508', 2),
(1212, 10, 1, 87, '2017-10-02', '8437', 1),
(1213, 11, 4, 96, '2017-10-02', '591', 1),
(1214, 12, 4, 64, '2017-10-02', '357', 3),
(1215, 13, 1, 143, '2017-10-02', '3300', 1),
(1216, 14, 5, 123, '2017-10-02', '350487', 3),
(1217, 15, 5, 84, '2017-10-03', '77868', 2),
(1218, 16, 5, 91, '2017-10-03', '16705', 1),
(1219, 17, 5, 69, '2017-10-03', '40122', 1),
(1220, 18, 6, 177, '2017-10-03', '16976', 1),
(1221, 19, 7, 93, '2017-10-03', '9374', 2),
(1222, 20, 1, 123, '2017-10-03', '50577', 3),
(1223, 21, 1, 87, '2017-10-03', '20156', 2),
(1224, 22, 1, 78, '2017-10-04', '55029', 3),
(1225, 23, 7, 122, '2017-10-04', '5870', 2),
(1226, 24, 4, 77, '2017-10-04', '509', 1),
(1227, 25, 2, 17, '2017-10-04', '4375', 1),
(1228, 26, 1, 34, '2017-10-04', '40800', 2),
(1229, 27, 1, 135, '2017-10-05', '85100', 2),
(1230, 28, 1, 188, '2017-10-05', '127650', 3),
(1231, 29, 2, 78, '2017-10-05', '7910', 2),
(1232, 30, 1, 141, '2017-10-05', '25428', 3),
(1233, 22, 1, 99, '2017-10-05', '18434', 1),
(1234, 23, 7, 187, '2017-10-05', '2935', 1),
(1235, 24, 4, 125, '2017-10-05', '1527', 3),
(1236, 25, 2, 162, '2017-10-05', '13125', 3),
(1237, 26, 1, 57, '2017-10-06', '61200', 3),
(1238, 37, 7, 59, '2017-10-06', '1758', 1),
(1239, 1, 1, 137, '2017-10-06', '29040', 1),
(1240, 11, 4, 36, '2017-10-06', '1773', 3),
(1241, 12, 4, 172, '2017-10-06', '357', 3),
(1242, 38, 1, 194, '2017-10-06', '9000', 3),
(1243, 36, 5, 132, '2017-10-06', '26565', 3),
(1244, 1, 1, 155, '2017-10-07', '29040', 1),
(1245, 39, 5, 182, '2017-10-07', '26472', 2),
(1246, 40, 7, 58, '2017-10-07', '16737', 3),
(1247, 21, 1, 114, '2017-10-07', '20156', 2),
(1248, 22, 1, 16, '2017-10-07', '55029', 3),
(1249, 41, 1, 198, '2017-10-07', '10063', 1),
(1250, 42, 5, 115, '2017-10-07', '12500', 2),
(1251, 43, 1, 39, '2017-10-09', '8430', 1),
(1252, 42, 5, 79, '2017-10-09', '18750', 3),
(1253, 43, 1, 102, '2017-10-09', '25290', 3),
(1254, 26, 1, 86, '2017-10-09', '61200', 3),
(1255, 27, 1, 91, '2017-10-09', '42550', 1),
(1256, 3, 2, 93, '2017-10-09', '10400', 1),
(1257, 4, 1, 97, '2017-10-10', '19888', 1),
(1258, 5, 1, 171, '2017-10-10', '7464', 1),
(1259, 6, 1, 125, '2017-10-10', '32868', 3),
(1260, 7, 3, 40, '2017-10-10', '2985', 3),
(1261, 8, 1, 133, '2017-10-10', '27671', 1),
(1262, 9, 1, 59, '2017-10-10', '37754', 1),
(1263, 10, 1, 121, '2017-10-10', '25311', 3),
(1264, 11, 4, 113, '2017-10-11', '1182', 2),
(1265, 32, 1, 104, '2017-10-11', '101200', 2),
(1266, 33, 7, 154, '2017-10-11', '11845', 1),
(1267, 34, 1, 59, '2017-10-11', '5526', 1),
(1268, 35, 1, 64, '2017-10-11', '30834', 3),
(1269, 36, 5, 21, '2017-10-11', '17710', 2),
(1270, 37, 7, 194, '2017-10-12', '1758', 1),
(1271, 37, 7, 28, '2017-10-12', '1758', 1),
(1272, 1, 1, 14, '2017-10-12', '58080', 2),
(1273, 11, 4, 72, '2017-10-12', '1182', 2),
(1274, 12, 4, 193, '2017-10-12', '357', 3),
(1275, 38, 1, 75, '2017-10-12', '6000', 2),
(1276, 36, 5, 61, '2017-10-12', '17710', 2),
(1277, 29, 2, 2, '2017-10-13', '3955', 1),
(1278, 30, 1, 87, '2017-10-13', '8476', 1),
(1279, 22, 1, 117, '2017-10-13', '18343', 1),
(1280, 23, 7, 121, '2017-10-13', '5870', 2),
(1281, 24, 4, 49, '2017-10-13', '509', 1),
(1282, 25, 2, 158, '2017-10-14', '4375', 1),
(1283, 26, 1, 45, '2017-10-14', '20400', 1),
(1284, 37, 7, 19, '2017-10-14', '1758', 1),
(1285, 1, 1, 43, '2017-10-14', '58080', 2),
(1286, 11, 4, 97, '2017-10-14', '591', 1),
(1287, 12, 4, 52, '2017-10-14', '119', 1),
(1288, 38, 1, 145, '2017-10-14', '6000', 2),
(1289, 36, 5, 174, '2017-10-14', '8855', 1),
(1290, 1, 1, 161, '2017-10-14', '58080', 2),
(1291, 7, 3, 22, '2017-10-16', '995', 1),
(1292, 8, 1, 174, '2017-10-16', '55342', 2),
(1293, 9, 1, 172, '2017-10-16', '113262', 3),
(1294, 10, 1, 33, '2017-10-16', '16874', 2),
(1295, 11, 4, 88, '2017-10-16', '1182', 2),
(1296, 12, 4, 68, '2017-10-16', '238', 2),
(1297, 13, 1, 131, '2017-10-17', '3300', 1),
(1298, 14, 5, 131, '2017-10-17', '233658', 2),
(1299, 15, 5, 85, '2017-10-17', '77868', 2),
(1300, 16, 5, 135, '2017-10-17', '50115', 3),
(1301, 17, 5, 117, '2017-10-17', '120366', 3),
(1302, 18, 6, 82, '2017-10-17', '50928', 3),
(1303, 19, 7, 50, '2017-10-18', '14061', 3),
(1304, 20, 1, 197, '2017-10-18', '33718', 2),
(1305, 21, 1, 46, '2017-10-18', '30234', 3),
(1306, 22, 1, 191, '2017-10-18', '18343', 1),
(1307, 23, 7, 2, '2017-10-18', '5870', 2),
(1308, 24, 4, 59, '2017-10-18', '509', 1),
(1309, 25, 2, 82, '2017-10-19', '13125', 3),
(1310, 26, 1, 75, '2017-10-19', '40800', 2),
(1311, 27, 1, 199, '2017-10-19', '85100', 2),
(1312, 28, 1, 175, '2017-10-19', '42550', 1),
(1313, 29, 2, 195, '2017-10-19', '3955', 1),
(1314, 30, 1, 151, '2017-10-19', '8476', 1),
(1315, 2, 1, 129, '2017-10-19', '29040', 1),
(1316, 3, 2, 187, '2017-10-20', '10400', 1),
(1317, 31, 1, 14, '2017-10-20', '9000', 1),
(1318, 32, 1, 154, '2017-10-20', '101200', 2),
(1319, 33, 7, 187, '2017-10-20', '23690', 2),
(1320, 34, 1, 139, '2017-10-20', '16578', 3),
(1321, 35, 1, 86, '2017-10-20', '10278', 1),
(1322, 24, 4, 104, '2017-10-21', '509', 1),
(1323, 25, 2, 93, '2017-10-21', '13125', 3),
(1324, 26, 1, 181, '2017-10-21', '20400', 1),
(1325, 27, 1, 164, '2017-10-21', '85100', 2),
(1326, 28, 1, 80, '2017-10-21', '85100', 2),
(1327, 29, 2, 24, '2017-10-21', '3955', 1),
(1328, 30, 1, 81, '2017-10-23', '16952', 2),
(1329, 22, 1, 154, '2017-10-23', '36868', 2),
(1330, 23, 7, 193, '2017-10-23', '5870', 2),
(1331, 24, 4, 91, '2017-10-23', '1527', 3),
(1332, 25, 2, 132, '2017-10-23', '13125', 3),
(1333, 26, 1, 89, '2017-10-23', '40800', 2),
(1334, 37, 7, 152, '2017-10-23', '1758', 1),
(1335, 1, 1, 111, '2017-10-24', '58080', 2),
(1336, 11, 4, 46, '2017-10-24', '1773', 3),
(1337, 12, 4, 178, '2017-10-24', '238', 2),
(1338, 38, 1, 98, '2017-10-24', '3000', 1),
(1339, 36, 5, 101, '2017-10-24', '8855', 1),
(1340, 1, 1, 9, '2017-10-24', '58080', 2),
(1341, 39, 5, 193, '2017-10-25', '13236', 1),
(1342, 40, 7, 26, '2017-10-25', '11158', 2),
(1343, 21, 1, 130, '2017-10-25', '10078', 1),
(1344, 22, 1, 35, '2017-10-25', '55029', 3),
(1345, 41, 1, 171, '2017-10-25', '20126', 2),
(1346, 42, 5, 128, '2017-10-25', '6250', 1),
(1347, 43, 1, 149, '2017-10-25', '8430', 1),
(1348, 42, 5, 30, '2017-10-26', '18750', 3),
(1349, 43, 1, 103, '2017-10-26', '25290', 3),
(1350, 26, 1, 81, '2017-10-26', '61200', 3),
(1351, 27, 1, 40, '2017-10-26', '127650', 3),
(1352, 3, 2, 70, '2017-10-26', '31200', 3),
(1353, 4, 1, 148, '2017-10-26', '39776', 2),
(1354, 5, 1, 46, '2017-10-26', '7464', 1),
(1355, 6, 1, 4, '2017-10-27', '21912', 2),
(1356, 35, 1, 190, '2017-10-27', '10278', 1),
(1357, 24, 4, 163, '2017-10-27', '1527', 3),
(1358, 25, 2, 83, '2017-10-27', '13125', 3),
(1359, 26, 1, 178, '2017-10-27', '20400', 1),
(1360, 27, 1, 120, '2017-10-27', '85100', 2),
(1361, 28, 1, 197, '2017-10-28', '127650', 3),
(1362, 29, 2, 72, '2017-10-28', '7910', 2),
(1363, 30, 1, 77, '2017-10-28', '8476', 1),
(1364, 22, 1, 25, '2017-10-28', '36868', 2),
(1365, 23, 7, 185, '2017-10-28', '8805', 3),
(1366, 24, 4, 109, '2017-10-30', '1018', 2),
(1367, 25, 2, 61, '2017-10-30', '4375', 1),
(1368, 26, 1, 45, '2017-10-30', '20400', 1),
(1369, 37, 7, 65, '2017-10-30', '3516', 2),
(1370, 1, 1, 150, '2017-10-30', '58080', 2),
(1371, 1, 1, 141, '2017-10-31', '58080', 2),
(1372, 11, 4, 106, '2017-10-31', '591', 1),
(1373, 12, 4, 75, '2017-10-31', '357', 3),
(1374, 38, 1, 9, '2017-10-31', '9000', 3),
(1375, 36, 5, 134, '2017-10-31', '8855', 1),
(1376, 1, 1, 155, '2017-10-31', '58080', 2),
(1377, 39, 5, 73, '2017-11-01', '39708', 3),
(1378, 40, 7, 198, '2017-11-01', '16737', 3),
(1379, 21, 1, 21, '2017-11-01', '10078', 1),
(1380, 22, 1, 78, '2017-11-01', '18343', 1),
(1381, 41, 1, 178, '2017-11-01', '30189', 3),
(1382, 1, 1, 106, '2017-11-01', '87120', 3),
(1383, 11, 4, 86, '2017-11-02', '591', 1),
(1384, 12, 4, 127, '2017-11-02', '357', 3),
(1385, 38, 1, 153, '2017-11-02', '6000', 2),
(1386, 36, 5, 158, '2017-11-02', '8855', 1),
(1387, 35, 1, 64, '2017-11-02', '30834', 3),
(1388, 24, 4, 8, '2017-11-02', '1018', 2),
(1389, 25, 2, 120, '2017-11-03', '13125', 3),
(1390, 26, 1, 158, '2017-11-03', '40800', 2),
(1391, 27, 1, 59, '2017-11-03', '42550', 1),
(1392, 28, 1, 86, '2017-11-03', '42550', 1),
(1393, 29, 2, 89, '2017-11-03', '3955', 1),
(1394, 12, 4, 100, '2017-11-03', '238', 2),
(1395, 38, 1, 56, '2017-11-04', '6000', 2),
(1396, 36, 5, 118, '2017-11-04', '17710', 2),
(1397, 1, 1, 191, '2017-11-04', '87120', 3),
(1398, 39, 5, 96, '2017-11-04', '26472', 2),
(1399, 40, 7, 123, '2017-11-04', '5579', 1),
(1400, 21, 1, 111, '2017-11-04', '30234', 3),
(1401, 22, 1, 196, '2017-11-04', '18343', 1),
(1402, 41, 1, 190, '2017-11-06', '10063', 1),
(1403, 36, 5, 97, '2017-11-06', '26565', 3),
(1404, 35, 1, 36, '2017-11-06', '20556', 2),
(1405, 24, 4, 128, '2017-11-06', '1018', 2),
(1406, 25, 2, 33, '2017-11-06', '13125', 3),
(1407, 26, 1, 114, '2017-11-06', '61200', 3),
(1408, 27, 1, 68, '2017-11-07', '42550', 1),
(1409, 28, 1, 25, '2017-11-07', '127650', 3),
(1410, 29, 2, 137, '2017-11-07', '3955', 1),
(1411, 12, 4, 146, '2017-11-07', '238', 2),
(1412, 35, 1, 172, '2017-11-07', '10278', 1),
(1413, 24, 4, 12, '2017-11-07', '1018', 2),
(1414, 25, 2, 41, '2017-11-08', '8750', 2),
(1415, 26, 1, 28, '2017-11-08', '61200', 3),
(1416, 27, 1, 128, '2017-11-08', '127650', 3),
(1417, 28, 1, 19, '2017-11-08', '42550', 1),
(1418, 29, 2, 46, '2017-11-09', '3955', 1),
(1419, 30, 1, 72, '2017-11-09', '8476', 1),
(1420, 37, 7, 140, '2017-11-09', '3516', 2),
(1421, 1, 1, 190, '2017-11-09', '58080', 2),
(1422, 11, 4, 100, '2017-11-09', '591', 1),
(1423, 12, 4, 124, '2017-11-10', '357', 3),
(1424, 38, 1, 176, '2017-11-10', '6000', 2),
(1425, 36, 5, 100, '2017-11-10', '26565', 3),
(1426, 1, 1, 179, '2017-11-10', '29040', 1),
(1427, 39, 5, 124, '2017-11-10', '39708', 3),
(1428, 40, 7, 118, '2017-11-11', '5579', 1),
(1429, 21, 1, 95, '2017-11-11', '30234', 3),
(1430, 28, 1, 131, '2017-11-11', '85100', 2),
(1431, 33, 7, 99, '2017-11-11', '11845', 1),
(1432, 48, 1, 36, '2017-11-11', '13875', 3),
(1433, 49, 1, 85, '2017-11-11', '20240', 2),
(1434, 36, 5, 90, '2017-11-11', '17710', 2),
(1435, 50, 5, 181, '2017-11-13', '8855', 1),
(1436, 51, 1, 165, '2017-11-13', '22770', 2),
(1437, 56, 1, 24, '2017-11-13', '14182', 2),
(1438, 3, 2, 137, '2017-11-13', '31200', 3),
(1439, 4, 1, 186, '2017-11-13', '39776', 2),
(1440, 5, 1, 76, '2017-11-13', '7464', 1),
(1441, 6, 1, 93, '2017-11-14', '21912', 2),
(1442, 7, 3, 174, '2017-11-14', '1990', 2),
(1443, 8, 1, 172, '2017-11-14', '83013', 3),
(1444, 9, 1, 123, '2017-11-14', '75508', 2),
(1445, 10, 1, 133, '2017-11-15', '25311', 3),
(1446, 1, 1, 198, '2017-11-15', '87120', 3),
(1447, 11, 4, 151, '2017-11-15', '591', 1),
(1448, 12, 4, 161, '2017-11-15', '357', 3),
(1449, 38, 1, 182, '2017-11-15', '9000', 3),
(1450, 36, 5, 191, '2017-11-16', '17710', 2),
(1451, 1, 1, 56, '2017-11-16', '87120', 3),
(1452, 39, 5, 164, '2017-11-16', '13236', 1),
(1453, 40, 7, 164, '2017-11-16', '11158', 2),
(1454, 21, 1, 190, '2017-11-16', '20156', 2),
(1455, 28, 1, 176, '2017-11-16', '85100', 2),
(1456, 38, 1, 10, '2017-11-17', '6000', 2),
(1457, 36, 5, 43, '2017-11-17', '8855', 1),
(1458, 1, 1, 106, '2017-11-17', '29040', 1),
(1459, 39, 5, 43, '2017-11-17', '26472', 2),
(1460, 41, 1, 60, '2017-11-18', '30189', 3),
(1461, 36, 5, 100, '2017-11-18', '17710', 2),
(1462, 35, 1, 148, '2017-11-18', '20556', 2),
(1463, 24, 4, 101, '2017-11-18', '509', 1),
(1464, 25, 2, 74, '2017-11-18', '8750', 2),
(1465, 26, 1, 66, '2017-11-20', '61200', 3),
(1466, 27, 1, 77, '2017-11-20', '127650', 3),
(1467, 19, 7, 71, '2017-11-20', '9374', 2),
(1468, 20, 1, 184, '2017-11-20', '16859', 1),
(1469, 21, 1, 122, '2017-11-20', '10078', 1),
(1470, 22, 1, 185, '2017-11-20', '55029', 3),
(1471, 23, 7, 45, '2017-11-21', '8805', 3),
(1472, 24, 4, 3, '2017-11-21', '509', 1),
(1473, 25, 2, 15, '2017-11-21', '8750', 2),
(1474, 1, 1, 96, '2017-11-21', '58080', 2),
(1475, 39, 5, 136, '2017-11-21', '39708', 3),
(1476, 20, 1, 56, '2017-11-21', '16859', 1),
(1477, 57, 2, 198, '2017-11-21', '29122', 2),
(1478, 54, 1, 24, '2017-11-22', '30800', 1),
(1479, 55, 4, 151, '2017-11-22', '2640', 1),
(1480, 7, 3, 196, '2017-11-22', '1990', 2),
(1481, 8, 1, 194, '2017-11-22', '55342', 2),
(1482, 9, 1, 152, '2017-11-22', '75508', 2),
(1483, 10, 1, 157, '2017-11-23', '16874', 2),
(1484, 20, 1, 71, '2017-11-23', '50577', 3),
(1485, 57, 2, 111, '2017-11-23', '14561', 1),
(1486, 54, 1, 112, '2017-11-23', '61600', 2),
(1487, 55, 4, 19, '2017-11-23', '5280', 2),
(1488, 7, 3, 190, '2017-11-23', '995', 1),
(1489, 8, 1, 31, '2017-11-24', '83013', 3),
(1490, 9, 1, 24, '2017-11-24', '75508', 2),
(1491, 10, 1, 103, '2017-11-24', '8437', 1),
(1492, 3, 2, 169, '2017-11-24', '31200', 3),
(1493, 4, 1, 131, '2017-11-24', '59664', 3),
(1494, 5, 1, 55, '2017-11-24', '22392', 3),
(1495, 6, 1, 66, '2017-11-25', '32868', 3),
(1496, 7, 3, 13, '2017-11-25', '1990', 2),
(1497, 39, 5, 87, '2017-11-25', '26472', 2),
(1498, 41, 1, 117, '2017-11-25', '20126', 2),
(1499, 36, 5, 171, '2017-11-25', '17710', 2),
(1500, 35, 1, 53, '2017-11-27', '20556', 2),
(1501, 24, 4, 47, '2017-11-27', '509', 1),
(1502, 25, 2, 70, '2017-11-27', '4375', 1),
(1503, 26, 1, 89, '2017-11-27', '40800', 2),
(1504, 27, 1, 33, '2017-11-27', '85100', 2),
(1505, 19, 7, 94, '2017-11-28', '4687', 1),
(1506, 20, 1, 96, '2017-11-28', '50577', 3),
(1507, 21, 1, 35, '2017-11-28', '10078', 1),
(1508, 22, 1, 181, '2017-11-28', '18343', 1),
(1509, 25, 2, 91, '2017-11-28', '8750', 2),
(1510, 26, 1, 128, '2017-11-29', '40800', 2),
(1511, 27, 1, 19, '2017-11-29', '85100', 2),
(1512, 28, 1, 30, '2017-11-29', '85100', 2),
(1513, 29, 2, 97, '2017-11-29', '3955', 1),
(1514, 25, 2, 84, '2017-11-29', '13125', 3),
(1515, 26, 1, 91, '2017-11-29', '61200', 3),
(1516, 37, 7, 22, '2017-11-30', '3516', 2),
(1517, 1, 1, 4, '2017-11-30', '58080', 2),
(1518, 11, 4, 151, '2017-11-30', '1773', 3),
(1519, 12, 4, 157, '2017-11-30', '357', 3),
(1520, 12, 4, 170, '2017-11-30', '119', 1),
(1521, 38, 1, 52, '2017-12-02', '6000', 2),
(1522, 36, 5, 189, '2017-12-02', '17710', 2),
(1523, 1, 1, 50, '2017-12-02', '87120', 3),
(1524, 39, 5, 102, '2017-12-02', '39708', 3),
(1525, 40, 7, 1, '2017-12-02', '5579', 1),
(1526, 29, 2, 134, '2017-12-02', '7910', 2),
(1527, 12, 4, 41, '2017-12-04', '238', 2),
(1528, 35, 1, 103, '2017-12-04', '10278', 1),
(1529, 24, 4, 18, '2017-12-04', '509', 1),
(1530, 25, 2, 184, '2017-12-04', '8750', 2),
(1531, 26, 1, 58, '2017-12-04', '61200', 3),
(1532, 27, 1, 37, '2017-12-04', '85100', 2),
(1533, 41, 1, 66, '2017-12-04', '10063', 1),
(1534, 42, 5, 34, '2017-12-05', '18750', 3),
(1535, 43, 1, 145, '2017-12-05', '8430', 1),
(1536, 42, 5, 192, '2017-12-05', '6250', 1),
(1537, 43, 1, 26, '2017-12-05', '25290', 3),
(1538, 26, 1, 128, '2017-12-05', '20400', 1),
(1539, 27, 1, 1, '2017-12-05', '42550', 1),
(1540, 36, 5, 23, '2017-12-05', '8855', 1),
(1541, 35, 1, 90, '2017-12-06', '30834', 3),
(1542, 24, 4, 160, '2017-12-06', '1527', 3),
(1543, 25, 2, 82, '2017-12-06', '13125', 3),
(1544, 26, 1, 136, '2017-12-06', '40800', 2),
(1545, 27, 1, 143, '2017-12-06', '85100', 2),
(1546, 43, 1, 103, '2017-12-07', '8430', 1),
(1547, 26, 1, 183, '2017-12-07', '40800', 2),
(1548, 27, 1, 37, '2017-12-07', '127650', 3),
(1549, 27, 1, 185, '2017-12-07', '42550', 1),
(1550, 41, 1, 81, '2017-12-07', '20126', 2),
(1551, 42, 5, 60, '2017-12-07', '18750', 3),
(1552, 43, 1, 100, '2017-12-08', '25290', 3),
(1553, 38, 1, 31, '2017-12-08', '6000', 2),
(1554, 36, 5, 126, '2017-12-08', '8855', 1),
(1555, 29, 2, 64, '2017-12-08', '3955', 1),
(1556, 30, 1, 60, '2017-12-08', '8476', 1),
(1557, 22, 1, 108, '2017-12-08', '55029', 3),
(1558, 23, 7, 105, '2017-12-09', '2935', 1),
(1559, 28, 1, 141, '2017-12-09', '127650', 3),
(1560, 38, 1, 22, '2017-12-09', '3000', 1),
(1561, 36, 5, 125, '2017-12-09', '8855', 1),
(1562, 1, 1, 196, '2017-12-09', '58080', 2),
(1563, 39, 5, 71, '2017-12-11', '26472', 2),
(1564, 41, 1, 196, '2017-12-11', '10063', 1),
(1565, 36, 5, 78, '2017-12-11', '17710', 2),
(1566, 35, 1, 79, '2017-12-11', '30834', 3),
(1567, 24, 4, 101, '2017-12-11', '509', 1),
(1568, 38, 1, 74, '2017-12-11', '3000', 1),
(1569, 33, 7, 90, '2017-12-11', '35535', 3),
(1570, 48, 1, 110, '2017-12-12', '4625', 1),
(1571, 49, 1, 41, '2017-12-12', '20240', 2),
(1572, 36, 5, 164, '2017-12-12', '17710', 2),
(1573, 56, 1, 23, '2017-12-12', '21273', 3),
(1574, 37, 7, 155, '2017-12-12', '3516', 2),
(1575, 25, 2, 195, '2017-12-13', '8750', 2),
(1576, 26, 1, 54, '2017-12-13', '20400', 1),
(1577, 27, 1, 38, '2017-12-13', '42550', 1),
(1578, 28, 1, 14, '2017-12-13', '42550', 1),
(1579, 29, 2, 23, '2017-12-13', '3955', 1),
(1580, 30, 1, 163, '2017-12-13', '8476', 1),
(1581, 2, 1, 146, '2017-12-13', '87120', 3),
(1582, 3, 2, 36, '2017-12-14', '31200', 3),
(1583, 31, 1, 111, '2017-12-14', '9000', 1),
(1584, 39, 5, 199, '2017-12-14', '39708', 3),
(1585, 41, 1, 82, '2017-12-14', '20126', 2),
(1586, 36, 5, 187, '2017-12-14', '8855', 1),
(1587, 35, 1, 70, '2017-12-14', '20556', 2),
(1588, 24, 4, 2, '2017-12-15', '1527', 3),
(1589, 38, 1, 166, '2017-12-15', '6000', 2),
(1590, 33, 7, 54, '2017-12-15', '23690', 2),
(1591, 48, 1, 168, '2017-12-15', '9250', 2),
(1592, 37, 7, 126, '2017-12-15', '1758', 1),
(1593, 25, 2, 107, '2017-12-15', '8750', 2),
(1594, 26, 1, 152, '2017-12-16', '61200', 3),
(1595, 27, 1, 128, '2017-12-16', '42550', 1),
(1596, 28, 1, 143, '2017-12-16', '85100', 2),
(1597, 29, 2, 33, '2017-12-16', '3955', 1),
(1598, 29, 2, 39, '2017-12-16', '3955', 1),
(1599, 30, 1, 73, '2017-12-18', '25428', 3),
(1600, 2, 1, 40, '2017-12-18', '29040', 1),
(1601, 3, 2, 88, '2017-12-18', '10400', 1),
(1602, 6, 1, 177, '2017-12-18', '32868', 3),
(1603, 7, 3, 164, '2017-12-18', '995', 1),
(1604, 8, 1, 176, '2017-12-19', '27671', 1),
(1605, 9, 1, 54, '2017-12-19', '75508', 2),
(1606, 10, 1, 95, '2017-12-19', '25311', 3),
(1607, 37, 7, 65, '2017-12-19', '1758', 1),
(1608, 1, 1, 181, '2017-12-19', '58080', 2),
(1609, 11, 4, 13, '2017-12-20', '591', 1),
(1610, 12, 4, 45, '2017-12-20', '119', 1),
(1611, 2, 1, 85, '2017-12-20', '29040', 1),
(1612, 3, 2, 174, '2017-12-20', '31200', 3),
(1613, 4, 1, 30, '2017-12-20', '39776', 2),
(1614, 5, 1, 57, '2017-12-21', '7464', 1),
(1615, 6, 1, 108, '2017-12-21', '21912', 2),
(1616, 7, 3, 63, '2017-12-21', '1990', 2),
(1617, 8, 1, 167, '2017-12-21', '55342', 2),
(1618, 9, 1, 180, '2017-12-21', '37754', 1),
(1619, 10, 1, 85, '2017-12-21', '25311', 3),
(1620, 11, 4, 150, '2017-12-21', '1773', 3),
(1621, 12, 4, 197, '2017-12-21', '238', 2),
(1622, 13, 1, 124, '2017-12-22', '6600', 2),
(1623, 14, 5, 152, '2017-12-22', '350487', 3),
(1624, 15, 5, 129, '2017-12-22', '38934', 1),
(1625, 16, 5, 115, '2017-12-22', '50115', 3),
(1626, 20, 1, 110, '2017-12-22', '16859', 1),
(1627, 57, 2, 92, '2017-12-22', '29122', 2),
(1628, 54, 1, 82, '2017-12-23', '30800', 1),
(1629, 55, 4, 191, '2017-12-27', '5280', 2),
(1630, 7, 3, 53, '2017-12-27', '1990', 2),
(1631, 8, 1, 188, '2017-12-27', '55342', 2),
(1632, 9, 1, 129, '2017-12-27', '75508', 2),
(1633, 10, 1, 196, '2017-12-27', '8437', 1),
(1634, 20, 1, 14, '2017-12-28', '50577', 3),
(1635, 57, 2, 10, '2017-12-28', '14561', 1),
(1636, 54, 1, 196, '2017-12-28', '61600', 2),
(1637, 55, 4, 162, '2017-12-28', '2640', 1),
(1638, 7, 3, 72, '2017-12-29', '2985', 3),
(1639, 8, 1, 145, '2017-12-29', '83013', 3),
(1640, 57, 2, 191, '2017-12-29', '14561', 1),
(1641, 54, 1, 187, '2017-12-29', '30800', 1),
(1642, 55, 4, 21, '2017-12-29', '5280', 2),
(1643, 7, 3, 30, '2017-12-29', '995', 1),
(1644, 8, 1, 117, '2017-12-30', '83013', 3),
(1645, 9, 1, 116, '2017-12-30', '37754', 1),
(1646, 10, 1, 37, '2017-12-30', '8437', 1),
(1647, 20, 1, 11, '2017-12-30', '50577', 3),
(1648, 57, 2, 13, '2017-12-30', '43683', 3),
(1649, 4, 1, 155, '2018-01-02', '19888', 1),
(1650, 5, 1, 70, '2018-01-02', '22392', 3),
(1651, 6, 1, 94, '2018-01-02', '21912', 2),
(1652, 7, 3, 34, '2018-01-02', '995', 1),
(1653, 8, 1, 73, '2018-01-02', '55342', 2),
(1654, 9, 1, 33, '2018-01-02', '113262', 3),
(1655, 10, 1, 48, '2018-01-02', '8437', 1),
(1656, 49, 1, 8, '2018-01-02', '20240', 2),
(1657, 36, 5, 108, '2018-01-02', '8855', 1),
(1658, 8, 1, 129, '2018-01-03', '83013', 3),
(1659, 9, 1, 103, '2018-01-03', '113262', 3),
(1660, 10, 1, 83, '2018-01-03', '16874', 2),
(1661, 31, 1, 79, '2018-01-03', '18000', 2),
(1662, 1, 1, 99, '2018-01-03', '87120', 3),
(1663, 2, 1, 97, '2018-01-03', '87120', 3),
(1664, 3, 2, 120, '2018-01-03', '20800', 2),
(1665, 4, 1, 2, '2018-01-04', '19888', 1),
(1666, 5, 1, 15, '2018-01-04', '14928', 2),
(1667, 6, 1, 175, '2018-01-04', '10956', 1),
(1668, 7, 3, 22, '2018-01-04', '2985', 3),
(1669, 8, 1, 26, '2018-01-04', '55342', 2),
(1670, 9, 1, 176, '2018-01-04', '75508', 2),
(1671, 10, 1, 49, '2018-01-04', '25311', 3),
(1672, 11, 4, 150, '2018-01-04', '1773', 3),
(1673, 12, 4, 157, '2018-01-05', '238', 2),
(1674, 21, 1, 72, '2018-01-05', '10078', 1),
(1675, 26, 1, 22, '2018-01-05', '20400', 1),
(1676, 27, 1, 144, '2108-01-05', '127650', 3),
(1677, 28, 1, 93, '2018-01-06', '127650', 3),
(1678, 29, 2, 54, '2018-01-06', '7910', 2),
(1679, 30, 1, 161, '2018-01-06', '16952', 2),
(1680, 19, 7, 86, '2018-01-06', '4687', 1),
(1681, 20, 1, 134, '2018-01-06', '16859', 1),
(1682, 21, 1, 65, '2018-01-08', '10078', 1),
(1683, 22, 1, 151, '2018-01-08', '18343', 1),
(1684, 23, 7, 115, '2018-01-08', '8805', 3),
(1685, 24, 4, 130, '2018-01-08', '1527', 3),
(1686, 25, 2, 99, '2018-01-08', '8750', 2),
(1687, 26, 1, 99, '2018-01-09', '40800', 2),
(1688, 27, 1, 174, '2018-01-09', '127650', 3),
(1689, 28, 1, 82, '2018-01-09', '85100', 2),
(1690, 29, 2, 24, '2018-01-09', '11865', 3),
(1691, 30, 1, 168, '2018-01-10', '8476', 1),
(1692, 2, 1, 49, '2018-01-10', '87120', 3),
(1693, 3, 2, 90, '2018-01-10', '31200', 3),
(1694, 31, 1, 14, '2018-01-10', '18000', 2),
(1695, 32, 1, 171, '2018-01-11', '151800', 3),
(1696, 33, 7, 89, '2018-01-11', '11845', 1),
(1697, 34, 1, 1, '2018-01-11', '16578', 3),
(1698, 35, 1, 69, '2018-01-11', '30834', 3),
(1699, 36, 5, 200, '2018-01-11', '26565', 3),
(1700, 37, 7, 160, '2018-01-11', '1758', 1),
(1701, 37, 7, 132, '2018-01-12', '3516', 2),
(1702, 1, 1, 108, '2018-01-12', '58080', 2),
(1703, 11, 4, 153, '2018-01-12', '1182', 2),
(1704, 12, 4, 53, '2018-01-12', '119', 1),
(1705, 38, 1, 1, '2018-01-12', '3000', 1),
(1706, 36, 5, 43, '2018-01-13', '8855', 1),
(1707, 1, 1, 198, '2018-01-13', '29040', 1),
(1708, 39, 5, 96, '2018-01-13', '39708', 3),
(1709, 40, 7, 10, '2018-01-13', '5579', 1),
(1710, 21, 1, 50, '2018-01-13', '10078', 1),
(1711, 22, 1, 147, '2018-01-13', '55029', 3),
(1712, 41, 1, 70, '2018-01-15', '30189', 3),
(1713, 42, 5, 118, '2018-01-15', '12500', 2),
(1714, 43, 1, 141, '2018-01-15', '8430', 1),
(1715, 42, 5, 179, '2018-01-15', '12500', 2),
(1716, 43, 1, 52, '2018-01-15', '25290', 3),
(1717, 26, 1, 188, '2018-01-16', '40800', 2),
(1718, 27, 1, 19, '2018-01-16', '85100', 2),
(1719, 44, 2, 199, '2018-01-16', '4810', 2),
(1720, 45, 1, 14, '2018-01-16', '12462', 3),
(1721, 46, 7, 14, '2018-01-16', '9430', 2),
(1722, 47, 2, 111, '2018-01-17', '24072', 2),
(1723, 30, 1, 155, '2018-01-17', '25428', 3),
(1724, 28, 1, 23, '2018-01-17', '42550', 1),
(1725, 29, 2, 8, '2018-01-17', '11865', 3),
(1726, 30, 1, 7, '2018-01-18', '25428', 3),
(1727, 2, 1, 170, '2018-01-18', '29040', 1),
(1728, 3, 2, 46, '2018-01-18', '31200', 3),
(1729, 31, 1, 177, '2018-01-19', '9000', 1),
(1730, 32, 1, 128, '2018-01-19', '101200', 2),
(1731, 33, 7, 190, '2018-01-19', '35535', 3),
(1732, 34, 1, 74, '2018-01-19', '5526', 1),
(1733, 35, 1, 23, '2018-01-20', '10278', 1),
(1734, 36, 5, 20, '2018-01-20', '26565', 3),
(1735, 37, 7, 60, '2018-01-20', '5274', 3),
(1736, 37, 7, 129, '2018-01-22', '3516', 2),
(1737, 1, 1, 115, '2018-01-22', '58080', 2),
(1738, 11, 4, 139, '2018-01-22', '1182', 2),
(1739, 12, 4, 127, '2018-01-22', '238', 2),
(1740, 38, 1, 151, '2018-01-22', '9000', 3),
(1741, 36, 5, 131, '2018-01-23', '17710', 2),
(1742, 1, 1, 145, '2018-01-23', '29040', 1),
(1743, 39, 5, 98, '2018-01-23', '13236', 1),
(1744, 40, 7, 124, '2018-01-24', '11158', 2),
(1745, 21, 1, 100, '2018-01-24', '20156', 2),
(1746, 28, 1, 25, '2018-01-24', '127650', 3),
(1747, 29, 2, 71, '2018-01-25', '11865', 3),
(1748, 30, 1, 68, '2018-01-25', '8476', 1),
(1749, 2, 1, 24, '2018-01-25', '29040', 1),
(1750, 3, 2, 151, '2018-01-25', '10400', 1),
(1751, 31, 1, 124, '2018-01-26', '18000', 2),
(1752, 32, 1, 183, '2018-01-26', '50600', 1),
(1753, 33, 7, 37, '2018-01-26', '23690', 2),
(1754, 34, 1, 92, '2018-01-27', '11052', 2),
(1755, 35, 1, 164, '2018-01-27', '20556', 2),
(1756, 36, 5, 138, '2018-01-27', '17710', 2),
(1757, 48, 1, 10, '2018-01-29', '4625', 1),
(1758, 49, 1, 48, '2018-01-29', '10125', 1),
(1759, 30, 1, 64, '2018-01-29', '25428', 3),
(1760, 2, 1, 49, '2018-01-30', '58080', 2),
(1761, 35, 1, 159, '2018-01-30', '10278', 1),
(1762, 36, 5, 66, '2018-01-30', '17710', 2),
(1763, 48, 1, 126, '2018-01-30', '13875', 3),
(1764, 43, 1, 51, '2018-01-31', '16860', 2),
(1765, 26, 1, 95, '2018-01-31', '40800', 2),
(1766, 27, 1, 91, '2018-01-31', '85100', 2),
(1767, 44, 2, 106, '2018-01-31', '7215', 3),
(1768, 45, 1, 181, '2018-01-31', '4154', 1),
(1769, 31, 1, 103, '2018-02-01', '18000', 2),
(1770, 32, 1, 81, '2018-02-01', '101200', 2),
(1771, 33, 7, 59, '2018-02-01', '23690', 2),
(1772, 48, 1, 3, '2018-02-01', '9250', 2),
(1773, 49, 1, 46, '2018-02-01', '30360', 3),
(1774, 36, 5, 26, '2018-02-02', '8855', 1),
(1775, 50, 5, 178, '2018-02-02', '8855', 1),
(1776, 51, 1, 46, '2018-02-02', '11385', 1),
(1777, 2, 1, 72, '2018-02-03', '29040', 1),
(1778, 3, 2, 66, '2018-02-03', '20800', 2),
(1779, 4, 1, 176, '2018-02-03', '39776', 2),
(1780, 52, 1, 119, '2018-02-03', '30189', 3),
(1781, 53, 1, 119, '2018-02-03', '98310', 1),
(1782, 54, 1, 23, '2018-02-05', '61600', 2),
(1783, 55, 4, 126, '2018-02-05', '7920', 3),
(1784, 42, 5, 51, '2018-02-05', '18750', 3),
(1785, 43, 1, 94, '2018-02-05', '25290', 3),
(1786, 33, 7, 71, '2018-02-06', '35535', 3),
(1787, 34, 1, 160, '2018-02-06', '16578', 3),
(1788, 35, 1, 136, '2018-02-06', '10278', 1),
(1789, 36, 5, 44, '2018-02-06', '17710', 2),
(1790, 37, 7, 149, '2018-02-07', '5274', 3),
(1791, 37, 7, 125, '2018-02-07', '5274', 3),
(1792, 1, 1, 194, '2018-02-07', '87120', 3),
(1793, 11, 4, 131, '2018-02-07', '1182', 2),
(1794, 12, 4, 160, '2018-02-08', '357', 3),
(1795, 38, 1, 10, '2018-02-08', '3000', 1),
(1796, 36, 5, 100, '2018-02-08', '26565', 3),
(1797, 1, 1, 86, '2018-02-09', '29040', 1),
(1798, 39, 5, 14, '2018-02-09', '39708', 3),
(1799, 40, 7, 145, '2018-02-09', '11158', 2),
(1800, 21, 1, 198, '2018-02-10', '10078', 1),
(1801, 22, 1, 69, '2018-02-10', '36686', 2),
(1802, 41, 1, 93, '2018-02-10', '10063', 1),
(1803, 11, 4, 117, '2018-02-12', '591', 1),
(1804, 12, 4, 179, '2018-02-12', '357', 3),
(1805, 38, 1, 2, '2018-02-12', '9000', 3),
(1806, 36, 5, 26, '2018-02-13', '8855', 1),
(1807, 1, 1, 38, '2018-02-13', '29040', 1),
(1808, 39, 5, 90, '2018-02-13', '39708', 3),
(1809, 40, 7, 156, '2018-02-13', '5579', 1),
(1810, 21, 1, 197, '2018-02-14', '30234', 3),
(1811, 43, 1, 79, '2018-02-14', '25290', 3),
(1812, 33, 7, 35, '2018-02-14', '23690', 2),
(1813, 34, 1, 190, '2018-02-15', '5526', 1),
(1814, 35, 1, 152, '2018-02-15', '20556', 2),
(1815, 36, 5, 66, '2018-02-15', '8855', 1),
(1816, 4, 1, 18, '2018-02-17', '39776', 2),
(1817, 5, 1, 22, '2018-02-17', '7464', 1),
(1818, 6, 1, 14, '2018-02-17', '21912', 2),
(1819, 7, 3, 102, '2018-02-17', '2985', 3),
(1820, 8, 1, 176, '2018-02-19', '83013', 3),
(1821, 9, 1, 166, '2018-02-19', '37754', 1),
(1822, 10, 1, 6, '2018-02-19', '16874', 2),
(1823, 11, 4, 113, '2018-02-19', '591', 1),
(1824, 12, 4, 52, '2018-02-19', '357', 3),
(1825, 13, 1, 121, '2018-02-20', '9900', 3),
(1826, 14, 5, 109, '2018-02-20', '233658', 2),
(1827, 51, 1, 53, '2018-02-20', '34155', 3),
(1828, 56, 1, 186, '2018-02-20', '14182', 2),
(1829, 37, 7, 19, '2018-02-21', '3516', 2),
(1830, 1, 1, 77, '2018-02-21', '29040', 1),
(1831, 2, 1, 179, '2018-02-21', '87120', 3),
(1832, 3, 2, 92, '2018-02-22', '31200', 3),
(1833, 4, 1, 77, '2018-02-22', '39776', 2),
(1834, 5, 1, 50, '2018-02-22', '14928', 2),
(1835, 11, 4, 165, '2018-02-23', '591', 1),
(1836, 12, 4, 143, '2018-02-23', '119', 1),
(1837, 38, 1, 47, '2018-02-23', '3000', 1),
(1838, 36, 5, 49, '2018-02-23', '26565', 3),
(1839, 19, 7, 17, '2018-02-23', '9374', 2),
(1840, 20, 1, 165, '2018-02-24', '33718', 2),
(1841, 21, 1, 183, '2018-02-24', '20156', 2),
(1842, 22, 1, 118, '2018-02-24', '18343', 1),
(1843, 39, 5, 34, '2018-02-26', '10063', 1),
(1844, 40, 7, 164, '2018-02-26', '11158', 2),
(1845, 21, 1, 75, '2018-02-26', '20156', 2),
(1846, 22, 1, 147, '2018-02-27', '55029', 3),
(1847, 41, 1, 180, '2018-02-27', '20126', 2),
(1848, 42, 5, 194, '2018-02-27', '18750', 3),
(1849, 43, 1, 141, '2018-02-28', '25290', 3),
(1850, 42, 5, 33, '2018-02-28', '6250', 1),
(1851, 26, 1, 13, '2018-02-28', '40800', 2),
(1852, 27, 1, 189, '2018-02-28', '85100', 2),
(1853, 28, 1, 154, '2018-03-01', '42550', 1),
(1854, 29, 2, 121, '2018-03-01', '11865', 3),
(1855, 43, 1, 160, '2018-03-01', '25290', 3),
(1856, 33, 7, 32, '2018-03-01', '11845', 1),
(1857, 34, 1, 83, '2018-03-01', '11052', 2),
(1858, 35, 1, 103, '2018-03-02', '20556', 2),
(1859, 36, 5, 106, '2018-03-02', '8855', 1),
(1860, 37, 7, 196, '2018-03-02', '1758', 1),
(1861, 37, 7, 96, '2018-03-03', '3516', 2),
(1862, 1, 1, 164, '2018-03-03', '58080', 2),
(1863, 11, 4, 108, '2018-03-03', '1773', 3),
(1864, 12, 4, 59, '2018-03-03', '119', 1),
(1865, 38, 1, 129, '2018-03-03', '9000', 3),
(1866, 36, 5, 173, '2018-03-03', '26565', 3),
(1867, 1, 1, 167, '2018-03-05', '58080', 2),
(1868, 39, 5, 89, '2018-03-05', '39708', 3),
(1869, 20, 1, 190, '2018-03-05', '50577', 3),
(1870, 57, 2, 56, '2018-03-05', '29122', 2),
(1871, 54, 1, 190, '2018-03-06', '61600', 2),
(1872, 55, 4, 149, '2018-03-06', '5280', 2),
(1873, 42, 5, 120, '2018-03-06', '6250', 1),
(1874, 43, 1, 82, '2018-03-07', '25290', 3),
(1875, 31, 1, 100, '2018-03-07', '18000', 2),
(1876, 32, 1, 150, '2018-03-07', '50600', 1),
(1877, 33, 7, 43, '2018-03-07', '11845', 1),
(1878, 48, 1, 5, '2018-03-07', '9250', 2),
(1879, 49, 1, 30, '2018-03-08', '10120', 1),
(1880, 36, 5, 115, '2018-03-08', '17710', 2),
(1881, 50, 5, 165, '2018-03-08', '17710', 2),
(1882, 51, 1, 111, '2018-03-09', '22770', 2),
(1883, 56, 1, 144, '2018-03-09', '7091', 1),
(1884, 37, 7, 97, '2018-03-09', '1758', 1),
(1885, 1, 1, 116, '2018-03-10', '58080', 2),
(1886, 2, 1, 200, '2018-03-10', '87120', 3),
(1887, 3, 2, 195, '2018-03-10', '10400', 1),
(1888, 4, 1, 128, '2018-03-12', '39776', 2),
(1889, 5, 1, 113, '2018-03-12', '22392', 3),
(1890, 6, 1, 94, '2018-03-12', '32868', 3),
(1891, 7, 3, 46, '2018-03-13', '995', 1),
(1892, 8, 1, 75, '2018-03-13', '83013', 3),
(1893, 9, 1, 117, '2018-03-13', '75508', 2),
(1894, 10, 1, 94, '2018-03-13', '8437', 1),
(1895, 11, 4, 65, '2018-03-14', '1773', 3),
(1896, 12, 4, 64, '2018-03-14', '119', 1),
(1897, 13, 1, 118, '2018-03-14', '9900', 3),
(1898, 14, 5, 69, '2018-03-15', '233658', 2),
(1899, 15, 5, 32, '2018-03-15', '116802', 3),
(1900, 16, 5, 31, '2018-03-15', '16705', 1),
(1901, 17, 5, 34, '2018-03-16', '120366', 3),
(1902, 18, 6, 153, '2018-03-16', '16976', 1),
(1903, 19, 7, 37, '2018-03-16', '9374', 2),
(1904, 20, 1, 172, '2018-03-19', '33718', 2),
(1905, 21, 1, 145, '2018-03-19', '20156', 2),
(1906, 22, 1, 14, '2018-03-19', '55029', 3),
(1907, 23, 7, 104, '2018-03-19', '8805', 3),
(1908, 24, 4, 136, '2018-03-20', '1527', 3),
(1909, 25, 2, 33, '2018-03-20', '13125', 3),
(1910, 26, 1, 99, '2018-03-20', '40800', 2),
(1911, 27, 1, 29, '2018-03-21', '127650', 3),
(1912, 28, 1, 9, '2018-03-21', '42550', 1),
(1913, 29, 2, 90, '2018-03-21', '11865', 3),
(1914, 30, 1, 163, '2018-03-22', '16952', 2),
(1915, 2, 1, 101, '2018-03-22', '87120', 3),
(1916, 3, 2, 153, '2018-03-22', '10400', 1),
(1917, 31, 1, 89, '2018-03-23', '9000', 1),
(1918, 32, 1, 41, '2018-03-23', '50600', 1),
(1919, 33, 7, 99, '2018-03-23', '11845', 1),
(1920, 34, 1, 131, '2018-03-23', '11052', 2),
(1921, 35, 1, 87, '2018-03-23', '10278', 1),
(1922, 36, 5, 151, '2018-03-23', '26565', 3),
(1923, 37, 7, 87, '2018-03-24', '3516', 2),
(1924, 37, 7, 166, '2018-03-24', '3516', 2),
(1925, 1, 1, 147, '2018-03-24', '58080', 2),
(1926, 11, 4, 134, '2018-03-26', '1182', 2),
(1927, 12, 4, 3, '2018-03-26', '119', 1),
(1928, 38, 1, 162, '2018-03-26', '3000', 1),
(1929, 36, 5, 51, '2018-03-27', '8855', 1),
(1930, 1, 1, 16, '2018-03-27', '87120', 3),
(1931, 39, 5, 136, '2018-03-27', '13236', 1),
(1932, 40, 7, 161, '2018-03-27', '16737', 3),
(1933, 21, 1, 142, '2018-03-28', '10078', 1),
(1934, 22, 1, 188, '2018-03-28', '55029', 3),
(1935, 41, 1, 198, '2018-03-28', '30189', 3),
(1936, 42, 5, 47, '2018-03-29', '18750', 3),
(1937, 43, 1, 39, '2018-03-29', '8430', 1),
(1938, 42, 5, 141, '2018-03-29', '18750', 3),
(1939, 43, 1, 10, '2018-03-31', '8430', 1),
(1940, 26, 1, 121, '2018-03-31', '40800', 2),
(1941, 27, 1, 87, '2018-03-31', '85100', 2),
(1942, 44, 2, 49, '2018-03-31', '4810', 2),
(1943, 45, 1, 117, '2018-03-31', '4154', 1),
(1944, 46, 7, 161, '2018-03-31', '14145', 3),
(1945, 47, 2, 126, '2018-04-02', '12036', 1),
(1946, 30, 1, 165, '2018-04-02', '25428', 3),
(1947, 28, 1, 34, '2018-04-02', '42550', 1),
(1948, 29, 2, 39, '2018-04-03', '11865', 3),
(1949, 30, 1, 8, '2018-04-03', '8476', 1),
(1950, 2, 1, 56, '2018-04-03', '29040', 1),
(1951, 3, 2, 76, '2018-04-03', '20800', 2),
(1952, 31, 1, 166, '2018-04-03', '9000', 1),
(1953, 32, 1, 43, '2018-04-04', '151800', 3),
(1954, 33, 7, 100, '2018-04-04', '11845', 1),
(1955, 34, 1, 162, '2018-04-04', '5526', 1),
(1956, 35, 1, 180, '2018-04-04', '10278', 1),
(1957, 36, 5, 115, '2018-04-05', '26565', 3),
(1958, 37, 7, 99, '2018-04-05', '5274', 3),
(1959, 37, 7, 56, '2018-04-05', '1758', 1),
(1960, 1, 1, 37, '2018-04-06', '29040', 1),
(1961, 11, 4, 195, '2018-04-06', '1182', 2),
(1962, 12, 4, 53, '2018-04-06', '238', 2),
(1963, 38, 1, 97, '2018-04-06', '9000', 3),
(1964, 36, 5, 163, '2018-04-07', '17710', 2),
(1965, 1, 1, 119, '2018-04-07', '58080', 2),
(1966, 39, 5, 112, '2018-04-07', '39708', 3),
(1967, 40, 7, 9, '2018-04-07', '16737', 3),
(1968, 21, 1, 153, '2018-04-07', '10078', 1),
(1969, 28, 1, 156, '2018-04-07', '42550', 1),
(1970, 29, 2, 180, '2018-04-09', '7910', 2),
(1971, 30, 1, 129, '2018-04-09', '25428', 3),
(1972, 2, 1, 12, '2018-04-09', '29040', 1),
(1973, 3, 2, 40, '2018-04-10', '20800', 2),
(1974, 31, 1, 80, '2018-04-10', '18000', 2),
(1975, 32, 1, 3, '2018-04-10', '50600', 1),
(1976, 33, 7, 78, '2018-04-10', '23690', 2),
(1977, 34, 1, 90, '2018-04-10', '16578', 3),
(1978, 35, 1, 79, '2018-04-11', '10278', 1),
(1979, 36, 5, 135, '2018-04-11', '26565', 3),
(1980, 48, 1, 63, '2018-04-11', '4625', 1),
(1981, 49, 1, 103, '2018-04-11', '20240', 2),
(1982, 30, 1, 95, '2018-04-12', '25428', 3),
(1983, 2, 1, 171, '2018-04-12', '87120', 3),
(1984, 35, 1, 100, '2018-04-12', '20556', 2),
(1985, 36, 5, 77, '2018-04-13', '26565', 3),
(1986, 48, 1, 121, '2018-04-13', '9250', 2),
(1987, 43, 1, 199, '2018-04-13', '25290', 3),
(1988, 26, 1, 70, '2018-04-13', '20400', 1),
(1989, 27, 1, 188, '2018-04-13', '127650', 3),
(1990, 44, 2, 4, '2018-04-16', '2405', 1),
(1991, 45, 1, 25, '2018-04-16', '12462', 3),
(1992, 31, 1, 121, '2018-04-16', '9000', 1),
(1993, 32, 1, 105, '2018-04-17', '50600', 1),
(1994, 33, 7, 118, '2018-04-17', '23690', 2),
(1995, 48, 1, 126, '2018-04-17', '9250', 2),
(1996, 49, 1, 79, '2018-04-17', '30360', 3),
(1997, 36, 5, 3, '2018-04-17', '17710', 2),
(1998, 50, 5, 166, '2018-04-18', '8855', 1),
(1999, 51, 1, 61, '2018-04-18', '34155', 3),
(2000, 2, 1, 4, '2018-04-18', '29040', 1),
(2001, 3, 2, 154, '2018-04-18', '10400', 1),
(2002, 4, 1, 76, '2018-04-18', '59664', 3),
(2003, 52, 1, 168, '2018-04-19', '10063', 1),
(2004, 53, 1, 147, '2018-04-19', '294930', 3),
(2005, 54, 1, 73, '2018-04-19', '30800', 1),
(2006, 55, 4, 3, '2018-04-19', '7920', 3),
(2007, 42, 5, 184, '2018-04-19', '18750', 3),
(2008, 43, 1, 96, '2018-04-20', '8430', 1),
(2009, 33, 7, 152, '2018-04-20', '35535', 3),
(2010, 34, 1, 55, '2018-04-20', '16578', 3),
(2011, 35, 1, 192, '2018-04-20', '10278', 1),
(2012, 36, 5, 93, '2018-04-21', '17710', 2),
(2013, 37, 7, 94, '2018-04-21', '3516', 2),
(2014, 37, 7, 56, '2018-04-21', '3516', 2),
(2015, 1, 1, 184, '2018-04-23', '29040', 1),
(2016, 41, 1, 111, '2018-04-23', '30189', 3),
(2017, 11, 4, 23, '2018-04-23', '1773', 3),
(2018, 12, 4, 61, '2018-04-23', '357', 3),
(2019, 38, 1, 127, '2018-04-24', '6000', 2),
(2020, 36, 5, 172, '2018-04-24', '8855', 1),
(2021, 1, 1, 185, '2018-04-24', '58080', 2),
(2022, 39, 5, 102, '2018-04-24', '39708', 3),
(2023, 40, 7, 128, '2018-04-24', '5579', 1),
(2024, 21, 1, 146, '2018-04-25', '20156', 2),
(2025, 43, 1, 184, '2018-04-25', '25290', 3),
(2026, 33, 7, 54, '2018-04-25', '23690', 2),
(2027, 34, 1, 146, '2018-04-25', '16578', 3),
(2028, 35, 1, 57, '2018-04-26', '10278', 1),
(2029, 36, 5, 122, '2018-04-26', '26565', 3),
(2030, 4, 1, 81, '2018-04-26', '19888', 1),
(2031, 5, 1, 67, '2018-04-27', '14928', 2),
(2032, 6, 1, 107, '2018-04-27', '32868', 3),
(2033, 7, 3, 77, '2018-04-27', '2985', 3),
(2034, 8, 1, 139, '2018-04-27', '83013', 3),
(2035, 9, 1, 40, '2018-04-28', '75508', 2),
(2036, 10, 1, 187, '2018-04-28', '8437', 1),
(2037, 37, 7, 124, '2018-04-28', '3516', 2),
(2038, 1, 1, 54, '2018-04-28', '29040', 1),
(2039, 11, 4, 198, '2018-04-30', '591', 1),
(2040, 12, 4, 97, '2018-04-30', '238', 2),
(2041, 38, 1, 18, '2018-04-30', '6000', 2),
(2042, 36, 5, 176, '2018-04-30', '17710', 2),
(2043, 1, 1, 111, '2018-04-30', '87120', 3),
(2044, 39, 5, 23, '2018-05-02', '13236', 1),
(2045, 40, 7, 119, '2018-05-02', '5579', 1),
(2046, 21, 1, 108, '2018-05-02', '10078', 1),
(2047, 22, 1, 74, '2018-05-02', '18343', 1),
(2048, 41, 1, 141, '2018-05-03', '10063', 1),
(2049, 42, 5, 39, '2018-05-03', '12500', 2),
(2050, 43, 1, 78, '2018-05-03', '8430', 1),
(2051, 42, 5, 114, '2018-05-03', '12500', 2),
(2052, 43, 1, 113, '2018-05-04', '8430', 1),
(2053, 26, 1, 188, '2018-05-04', '61200', 3),
(2054, 27, 1, 128, '2018-05-04', '127650', 3),
(2055, 44, 2, 69, '2018-05-05', '7215', 3),
(2056, 45, 1, 140, '2018-05-05', '12462', 3),
(2057, 46, 7, 29, '2018-05-05', '4715', 1),
(2058, 47, 2, 101, '2018-05-05', '12036', 1),
(2059, 30, 1, 58, '2018-05-07', '8476', 1),
(2060, 28, 1, 88, '2018-05-07', '42550', 1),
(2061, 29, 2, 40, '2018-05-07', '3955', 1),
(2062, 30, 1, 36, '2018-05-08', '16952', 2),
(2063, 2, 1, 19, '2018-05-08', '29040', 1),
(2064, 3, 2, 130, '2018-05-08', '10400', 1),
(2065, 6, 1, 144, '2018-05-08', '10956', 1),
(2066, 7, 3, 129, '2018-05-09', '1990', 2),
(2067, 8, 1, 129, '2018-05-09', '55342', 2),
(2068, 9, 1, 2, '2018-05-09', '37754', 1),
(2069, 10, 1, 90, '2018-05-11', '8437', 1),
(2070, 37, 7, 184, '2018-05-11', '1758', 1),
(2071, 1, 1, 120, '2018-05-11', '29040', 1),
(2072, 11, 4, 67, '2018-05-11', '1773', 3),
(2073, 12, 4, 189, '2018-05-12', '238', 2),
(2074, 38, 1, 24, '2018-05-12', '9000', 3),
(2075, 36, 5, 92, '2018-05-12', '17710', 2),
(2076, 1, 1, 3, '2018-05-12', '29040', 1),
(2077, 39, 5, 78, '2018-05-14', '13236', 1),
(2078, 40, 7, 91, '2018-05-14', '5579', 1),
(2079, 21, 1, 10, '2018-05-14', '30234', 3),
(2080, 22, 1, 124, '2018-05-14', '18343', 1),
(2081, 41, 1, 194, '2018-05-14', '30189', 3),
(2082, 42, 5, 95, '2018-05-15', '18750', 3),
(2083, 43, 1, 117, '2018-05-15', '16860', 2),
(2084, 42, 5, 51, '2018-05-15', '6250', 1),
(2085, 43, 1, 197, '2018-05-16', '25290', 3),
(2086, 26, 1, 74, '2018-05-16', '61200', 3),
(2087, 27, 1, 194, '2018-05-16', '85100', 2),
(2088, 3, 2, 110, '2018-05-16', '10400', 1),
(2089, 4, 1, 146, '2018-05-17', '39776', 2),
(2090, 5, 1, 179, '2018-05-17', '14928', 2),
(2091, 6, 1, 73, '2018-05-17', '32868', 3),
(2092, 7, 3, 109, '2018-05-18', '995', 1),
(2093, 8, 1, 148, '2018-05-18', '55342', 2),
(2094, 9, 1, 122, '2018-05-18', '37754', 1),
(2095, 10, 1, 190, '2018-05-19', '25311', 3),
(2096, 11, 4, 72, '2018-05-19', '591', 1),
(2097, 12, 4, 65, '2018-05-19', '357', 3),
(2098, 13, 1, 90, '2018-05-21', '3300', 1),
(2099, 14, 5, 198, '2018-05-21', '116829', 1),
(2100, 15, 5, 121, '2018-05-22', '77868', 2),
(2101, 16, 5, 73, '2018-05-22', '50115', 3),
(2102, 17, 5, 53, '2018-05-22', '120366', 3),
(2103, 18, 6, 2, '2018-05-23', '50928', 3),
(2104, 19, 7, 85, '2018-05-23', '9374', 2),
(2105, 20, 1, 121, '2018-05-23', '16859', 1),
(2106, 21, 1, 121, '2018-05-24', '10078', 1),
(2107, 22, 1, 47, '2018-05-24', '36686', 2),
(2108, 23, 7, 155, '2018-05-24', '2935', 1),
(2109, 24, 4, 190, '2018-05-25', '1527', 3),
(2110, 25, 2, 155, '2018-05-25', '13125', 3),
(2111, 26, 1, 144, '2018-05-25', '40800', 2),
(2112, 27, 1, 24, '2018-05-26', '42550', 1),
(2113, 28, 1, 164, '2018-05-26', '85100', 2),
(2114, 29, 2, 53, '2018-05-28', '3955', 1),
(2115, 30, 1, 129, '2018-05-28', '16952', 2),
(2116, 22, 1, 152, '2018-05-30', '18434', 1),
(2117, 23, 7, 110, '2018-05-30', '8805', 3),
(2118, 24, 4, 182, '2018-05-30', '509', 1),
(2119, 25, 2, 142, '2018-05-31', '4375', 1),
(2120, 26, 1, 143, '2018-05-31', '61200', 3),
(2121, 37, 7, 149, '2018-05-31', '5274', 3),
(2122, 1, 1, 28, '2018-05-31', '29040', 1),
(2123, 11, 4, 178, '2018-06-02', '591', 1),
(2124, 12, 4, 101, '2018-06-02', '119', 1),
(2125, 38, 1, 105, '2018-06-02', '3000', 1),
(2126, 36, 5, 69, '2018-06-04', '8855', 1),
(2127, 1, 1, 58, '2018-06-04', '29040', 1),
(2128, 39, 5, 22, '2018-06-04', '26472', 2),
(2129, 40, 7, 142, '2018-06-05', '16737', 3),
(2130, 21, 1, 152, '2018-06-05', '20156', 2),
(2131, 22, 1, 176, '2018-06-05', '18343', 1),
(2132, 41, 1, 153, '2018-06-06', '30189', 3),
(2133, 42, 5, 62, '2018-06-06', '18750', 3),
(2134, 43, 1, 192, '2018-06-07', '16860', 2),
(2135, 42, 5, 103, '2018-06-07', '6250', 1),
(2136, 43, 1, 87, '2018-06-08', '25290', 3),
(2137, 26, 1, 182, '2018-06-08', '61200', 3),
(2138, 27, 1, 186, '2018-06-08', '42550', 1),
(2139, 3, 2, 135, '2018-06-09', '10400', 1),
(2140, 4, 1, 32, '2018-06-09', '59664', 3),
(2141, 5, 1, 8, '2018-06-09', '22392', 3),
(2142, 6, 1, 31, '2018-06-21', '21912', 2),
(2143, 7, 3, 102, '2018-06-21', '2985', 3),
(2144, 8, 1, 178, '2018-06-21', '55342', 2),
(2145, 9, 1, 111, '2018-06-22', '113262', 3),
(2146, 10, 1, 36, '2018-06-22', '8437', 1),
(2147, 11, 4, 116, '2018-06-22', '1773', 3),
(2148, 32, 1, 89, '2018-06-23', '101200', 2),
(2149, 33, 7, 55, '2018-06-23', '23690', 2),
(2150, 34, 1, 132, '2018-06-23', '11052', 2),
(2151, 35, 1, 167, '2018-06-25', '30834', 3),
(2152, 36, 5, 193, '2018-06-25', '17710', 2),
(2153, 37, 7, 147, '2018-06-25', '3516', 2),
(2154, 37, 7, 61, '2018-06-25', '5274', 3),
(2155, 1, 1, 154, '2018-06-26', '29040', 1),
(2156, 11, 4, 154, '2018-06-26', '1773', 3),
(2157, 12, 4, 170, '2018-06-26', '119', 1),
(2158, 38, 1, 130, '2018-06-28', '3000', 1),
(2159, 36, 5, 128, '2018-06-28', '8855', 1),
(2160, 29, 2, 158, '2018-06-28', '3955', 1),
(2161, 30, 1, 192, '2018-06-28', '16952', 2),
(2162, 22, 1, 195, '2018-06-29', '18343', 1),
(2163, 23, 7, 149, '2018-06-29', '5870', 2),
(2164, 24, 4, 15, '2018-06-29', '1527', 3),
(2165, 25, 2, 97, '2018-06-30', '13125', 3),
(2166, 26, 1, 122, '2018-06-30', '20400', 1),
(2167, 37, 7, 72, '2018-06-30', '1758', 1),
(2168, 1, 1, 76, '2018-06-30', '58080', 2),
(2169, 11, 4, 22, '2018-07-02', '1182', 2),
(2170, 12, 4, 172, '2018-07-02', '119', 1),
(2171, 38, 1, 46, '2018-07-02', '9000', 3),
(2172, 36, 5, 139, '2018-07-02', '26565', 3),
(2173, 1, 1, 12, '2018-07-03', '87120', 3),
(2174, 7, 3, 167, '2018-07-03', '2985', 3),
(2175, 8, 1, 98, '2018-07-03', '55342', 2),
(2176, 9, 1, 27, '2018-07-03', '75508', 2),
(2177, 10, 1, 10, '2018-07-03', '25311', 3),
(2178, 11, 4, 56, '2018-07-03', '1182', 2),
(2179, 12, 4, 99, '2018-07-04', '238', 2),
(2180, 13, 1, 56, '2018-07-04', '3300', 1),
(2181, 14, 5, 162, '2018-07-04', '116829', 1),
(2182, 15, 5, 60, '2018-07-05', '38934', 1),
(2183, 16, 5, 20, '2018-07-05', '50115', 3),
(2184, 17, 5, 77, '2018-07-05', '80244', 2),
(2185, 18, 6, 72, '2018-07-05', '16976', 1),
(2186, 19, 7, 135, '2018-07-05', '4687', 1),
(2187, 20, 1, 32, '2018-07-06', '33718', 2),
(2188, 21, 1, 10, '2018-07-06', '10078', 1),
(2189, 22, 1, 109, '2018-07-06', '55029', 3),
(2190, 23, 7, 7, '2018-07-07', '2935', 1),
(2191, 24, 4, 197, '2018-07-07', '509', 1),
(2192, 25, 2, 23, '2018-07-07', '13125', 3),
(2193, 26, 1, 44, '2018-07-09', '20400', 1),
(2194, 27, 1, 30, '2018-07-09', '127650', 3),
(2195, 28, 1, 134, '2018-07-09', '42550', 1),
(2196, 29, 2, 154, '2018-07-09', '3955', 1),
(2197, 30, 1, 114, '2018-07-10', '8476', 1),
(2198, 2, 1, 21, '2018-07-10', '87120', 3),
(2199, 3, 2, 120, '2018-07-10', '10400', 1),
(2200, 31, 1, 33, '2018-07-11', '9000', 1),
(2201, 32, 1, 200, '2018-07-11', '151800', 3),
(2202, 33, 7, 199, '2018-07-11', '23690', 2),
(2203, 34, 1, 151, '2018-07-12', '16578', 3),
(2204, 35, 1, 183, '2018-07-12', '30834', 3),
(2205, 24, 4, 84, '2018-07-13', '1527', 3),
(2206, 25, 2, 139, '2018-07-13', '4375', 1),
(2207, 26, 1, 28, '2018-07-13', '40800', 2),
(2208, 27, 1, 182, '2018-07-14', '42550', 1),
(2209, 28, 1, 121, '2018-07-14', '42550', 1),
(2210, 29, 2, 42, '2018-07-14', '7910', 2),
(2211, 30, 1, 74, '2018-07-14', '8476', 1),
(2212, 22, 1, 78, '2018-07-14', '55302', 3),
(2213, 23, 7, 62, '2018-07-16', '5870', 2),
(2214, 24, 4, 3, '2018-07-16', '509', 1),
(2215, 25, 2, 75, '2018-07-16', '13125', 3),
(2216, 26, 1, 8, '2018-07-17', '20400', 1),
(2217, 37, 7, 34, '2018-07-17', '3516', 2),
(2218, 1, 1, 128, '2018-07-17', '87120', 3),
(2219, 11, 4, 194, '2018-07-18', '1182', 2),
(2220, 12, 4, 88, '2018-07-18', '357', 3),
(2221, 38, 1, 109, '2018-07-18', '3000', 1),
(2222, 36, 5, 126, '2018-07-18', '17710', 2),
(2223, 1, 1, 43, '2018-07-19', '58080', 2),
(2224, 39, 5, 166, '2018-07-19', '13236', 1),
(2225, 40, 7, 195, '2018-07-19', '5579', 1),
(2226, 21, 1, 93, '2018-07-19', '10078', 1),
(2227, 22, 1, 16, '2018-07-20', '55029', 3),
(2228, 41, 1, 192, '2018-07-20', '20126', 2),
(2229, 42, 5, 148, '2018-07-20', '6250', 1),
(2230, 43, 1, 105, '2018-07-21', '16860', 2),
(2231, 42, 5, 193, '2018-07-21', '12500', 2),
(2232, 43, 1, 76, '2018-07-21', '16860', 2),
(2233, 26, 1, 192, '2018-07-23', '20400', 1),
(2234, 27, 1, 124, '2018-07-23', '42550', 1),
(2235, 3, 2, 126, '2018-07-23', '31200', 3),
(2236, 4, 1, 112, '2018-07-23', '39776', 2),
(2237, 5, 1, 60, '2018-07-24', '14928', 2),
(2238, 6, 1, 189, '2018-07-24', '10956', 1),
(2239, 35, 1, 2, '2018-07-24', '10278', 1),
(2240, 24, 4, 5, '2018-07-25', '1527', 3),
(2241, 25, 2, 143, '2018-07-25', '13125', 3),
(2242, 26, 1, 32, '2018-07-25', '20400', 1),
(2243, 27, 1, 179, '2018-07-25', '42550', 1),
(2244, 28, 1, 108, '2018-07-26', '127650', 3),
(2245, 29, 2, 132, '2018-07-26', '11865', 3),
(2246, 30, 1, 111, '2018-07-26', '8476', 1),
(2247, 22, 1, 134, '2018-07-26', '36868', 2),
(2248, 23, 7, 113, '2018-07-27', '5870', 2),
(2249, 24, 4, 200, '2018-07-27', '1527', 3),
(2250, 25, 2, 44, '2018-07-27', '4375', 1),
(2251, 26, 1, 130, '2018-07-27', '61200', 3),
(2252, 37, 7, 56, '2018-07-28', '5274', 3),
(2253, 1, 1, 79, '2018-07-28', '87120', 3),
(2254, 1, 1, 138, '2018-07-28', '87120', 3),
(2255, 11, 4, 18, '2018-07-30', '591', 1),
(2256, 12, 4, 33, '2018-07-30', '238', 2),
(2257, 38, 1, 73, '2018-07-30', '6000', 2),
(2258, 36, 5, 169, '2018-07-31', '26565', 3),
(2259, 1, 1, 56, '2018-07-31', '87120', 3),
(2260, 39, 5, 183, '2018-07-31', '39708', 3),
(2261, 40, 7, 157, '2018-07-31', '16737', 3),
(2262, 21, 1, 131, '2018-08-01', '30234', 3),
(2263, 22, 1, 128, '2018-08-01', '36686', 2),
(2264, 41, 1, 32, '2018-08-01', '30189', 3),
(2265, 1, 1, 162, '2018-08-02', '58080', 2),
(2266, 11, 4, 56, '2018-08-02', '1182', 2),
(2267, 12, 4, 73, '2018-08-02', '238', 2),
(2268, 38, 1, 11, '2018-08-02', '3000', 1),
(2269, 36, 5, 199, '2019-08-03', '26565', 3),
(2270, 35, 1, 98, '2019-08-03', '20556', 2),
(2271, 24, 4, 33, '2019-08-03', '1018', 2),
(2272, 25, 2, 117, '2019-08-03', '8750', 2),
(2273, 26, 1, 200, '2019-08-03', '20400', 1),
(2274, 27, 1, 132, '2018-08-04', '127650', 3),
(2275, 28, 1, 51, '2018-08-04', '127650', 3),
(2276, 29, 2, 91, '2018-08-04', '7910', 2),
(2277, 12, 4, 165, '2018-08-04', '357', 3),
(2278, 38, 1, 117, '2018-08-04', '6000', 2),
(2279, 36, 5, 108, '2018-08-06', '26565', 3),
(2280, 1, 1, 163, '2018-08-06', '87120', 3),
(2281, 39, 5, 16, '2018-08-06', '13236', 1),
(2282, 40, 7, 192, '2018-08-06', '11158', 2),
(2283, 21, 1, 156, '2018-08-07', '30234', 3),
(2284, 22, 1, 157, '2018-08-07', '18343', 1),
(2285, 41, 1, 131, '2018-08-07', '20126', 2),
(2286, 36, 5, 119, '2018-08-07', '17710', 2),
(2287, 35, 1, 195, '2018-08-08', '20556', 2),
(2288, 24, 4, 14, '2018-08-08', '1018', 2),
(2289, 25, 2, 190, '2018-08-08', '13125', 3),
(2290, 26, 1, 181, '2018-08-08', '40800', 2),
(2291, 27, 1, 172, '2018-08-09', '85100', 2),
(2292, 28, 1, 116, '2018-08-09', '42550', 1),
(2293, 29, 2, 82, '2018-08-09', '7910', 2),
(2294, 12, 4, 179, '2018-08-10', '119', 1),
(2295, 35, 1, 22, '2018-08-10', '10278', 1),
(2296, 24, 4, 97, '2018-08-10', '1527', 3),
(2297, 25, 2, 169, '2018-08-10', '13125', 3),
(2298, 26, 1, 65, '2018-08-10', '20400', 1),
(2299, 27, 1, 140, '2018-08-11', '127650', 3),
(2300, 28, 1, 76, '2018-08-11', '42550', 1),
(2301, 29, 2, 190, '2018-08-11', '11865', 3),
(2302, 30, 1, 198, '2018-08-11', '25428', 3),
(2303, 37, 7, 101, '2018-08-13', '5274', 3),
(2304, 1, 1, 49, '2018-08-13', '87120', 3),
(2305, 11, 4, 121, '2018-08-13', '591', 1),
(2306, 12, 4, 8, '2018-08-14', '357', 3),
(2307, 38, 1, 135, '2018-08-14', '6000', 2),
(2308, 36, 5, 50, '2018-08-14', '17710', 2),
(2309, 1, 1, 119, '2018-08-14', '58080', 2),
(2310, 39, 5, 22, '2018-08-15', '39708', 3),
(2311, 40, 7, 169, '2018-08-15', '5579', 1),
(2312, 21, 1, 75, '2018-08-15', '20156', 2),
(2313, 28, 1, 112, '2018-08-15', '127650', 3),
(2314, 33, 7, 99, '2018-08-16', '23690', 2),
(2315, 48, 1, 4, '2018-08-16', '4625', 1),
(2316, 49, 1, 129, '2018-08-16', '30360', 3),
(2317, 36, 5, 103, '2018-08-16', '26565', 3),
(2318, 50, 5, 195, '2018-08-18', '26565', 3),
(2319, 51, 1, 17, '2018-08-18', '34155', 3),
(2320, 56, 1, 38, '2018-08-18', '7091', 1),
(2321, 3, 2, 25, '2018-08-18', '10400', 1),
(2322, 4, 1, 128, '2018-08-20', '19888', 1),
(2323, 5, 1, 41, '2018-08-20', '22392', 3),
(2324, 6, 1, 167, '2018-08-20', '32868', 3),
(2325, 7, 3, 87, '2018-08-20', '995', 1),
(2326, 8, 1, 123, '2018-08-21', '27671', 1),
(2327, 9, 1, 147, '2018-08-21', '75508', 2),
(2328, 10, 1, 86, '2018-08-21', '8437', 1),
(2329, 1, 1, 62, '2018-08-23', '58080', 2),
(2330, 11, 4, 47, '2018-08-23', '591', 1),
(2331, 12, 4, 92, '2018-08-23', '238', 2),
(2332, 38, 1, 104, '2018-08-23', '6000', 2),
(2333, 36, 5, 122, '2018-08-24', '17710', 2),
(2334, 1, 1, 24, '2018-08-24', '87120', 3),
(2335, 39, 5, 73, '2018-08-24', '13236', 1),
(2336, 40, 7, 43, '2018-08-25', '5579', 1),
(2337, 21, 1, 178, '2018-08-25', '30234', 3),
(2338, 28, 1, 143, '2018-08-25', '42550', 1),
(2339, 38, 1, 25, '2018-08-25', '3000', 1),
(2340, 36, 5, 97, '2018-08-25', '17710', 2),
(2341, 1, 1, 138, '2018-08-27', '87120', 3),
(2342, 39, 5, 101, '2018-08-27', '39708', 3),
(2343, 41, 1, 44, '2018-08-27', '20126', 2),
(2344, 36, 5, 73, '2018-08-28', '26565', 3),
(2345, 35, 1, 85, '2018-08-28', '10278', 1),
(2346, 24, 4, 7, '2018-08-28', '509', 1),
(2347, 25, 2, 113, '2018-08-28', '8750', 2),
(2348, 26, 1, 96, '2018-08-29', '61200', 3),
(2349, 27, 1, 167, '2018-08-29', '42550', 1);
INSERT INTO `tbl_penjualan` (`id_penjualan`, `id_obat`, `id_satuan`, `id_user`, `tanggal_pembelian`, `harga`, `jmlah`) VALUES
(2350, 19, 7, 163, '2018-08-29', '9374', 2),
(2351, 20, 1, 44, '2018-08-29', '50577', 3),
(2352, 21, 1, 123, '2018-08-30', '20156', 2),
(2353, 22, 1, 53, '2018-08-30', '18343', 1),
(2354, 23, 7, 162, '2018-08-30', '5870', 2),
(2355, 24, 4, 55, '2018-08-30', '1018', 2),
(2356, 25, 2, 92, '2018-08-31', '13125', 3),
(2357, 1, 1, 84, '2018-08-31', '58080', 2),
(2358, 39, 5, 25, '2018-08-31', '26472', 2),
(2359, 20, 1, 58, '2018-08-31', '16859', 1),
(2360, 57, 2, 20, '2018-08-31', '29122', 2),
(2361, 54, 1, 32, '2018-08-31', '92400', 3),
(2362, 55, 4, 94, '2018-09-01', '5280', 2),
(2363, 7, 3, 120, '2018-09-01', '2985', 3),
(2364, 8, 1, 112, '2018-09-01', '27671', 1),
(2365, 9, 1, 57, '2018-09-01', '37754', 1),
(2366, 10, 1, 13, '2018-09-03', '8437', 1),
(2367, 20, 1, 191, '2018-09-03', '50577', 3),
(2368, 57, 2, 18, '2018-09-03', '14561', 1),
(2369, 54, 1, 34, '2018-09-03', '61600', 2),
(2370, 55, 4, 106, '2018-09-03', '7920', 3),
(2371, 7, 3, 129, '2018-09-04', '1990', 2),
(2372, 8, 1, 62, '2018-09-04', '55342', 2),
(2373, 9, 1, 182, '2018-09-04', '37754', 1),
(2374, 10, 1, 73, '2018-09-04', '8437', 1),
(2375, 3, 2, 7, '2018-09-05', '20800', 2),
(2376, 4, 1, 55, '2018-09-05', '19888', 1),
(2377, 5, 1, 180, '2018-09-05', '7464', 1),
(2378, 6, 1, 41, '2018-09-06', '10956', 1),
(2379, 7, 3, 190, '2018-09-06', '2985', 3),
(2380, 39, 5, 137, '2018-09-06', '26472', 2),
(2381, 41, 1, 160, '2018-09-06', '20126', 2),
(2382, 36, 5, 135, '2018-09-07', '8855', 1),
(2383, 35, 1, 29, '2018-09-07', '30834', 3),
(2384, 24, 4, 77, '2018-09-07', '509', 1),
(2385, 25, 2, 29, '2018-09-07', '8750', 2),
(2386, 26, 1, 173, '2018-09-08', '61200', 3),
(2387, 27, 1, 36, '2018-09-08', '127650', 3),
(2388, 19, 7, 61, '2018-09-08', '14061', 3),
(2389, 20, 1, 148, '2018-09-10', '33718', 2),
(2390, 21, 1, 103, '2018-09-10', '30234', 3),
(2391, 22, 1, 39, '2018-09-10', '18343', 1),
(2392, 25, 2, 148, '2018-09-10', '4375', 1),
(2393, 26, 1, 16, '2018-09-12', '61200', 3),
(2394, 27, 1, 83, '2018-09-12', '127650', 3),
(2395, 28, 1, 61, '2018-09-12', '42550', 1),
(2396, 29, 2, 17, '2018-09-12', '7910', 2),
(2397, 25, 2, 132, '2018-09-13', '8750', 2),
(2398, 26, 1, 94, '2018-09-13', '40800', 2),
(2399, 37, 7, 189, '2018-09-13', '3516', 2),
(2400, 1, 1, 106, '2018-09-13', '29040', 1),
(2401, 11, 4, 130, '2018-09-13', '1773', 3),
(2402, 12, 4, 124, '2018-09-14', '119', 1),
(2403, 12, 4, 94, '2018-09-14', '238', 2),
(2404, 38, 1, 127, '2018-09-14', '3000', 1),
(2405, 36, 5, 167, '2018-09-14', '26565', 3),
(2406, 1, 1, 177, '2018-09-15', '58080', 2),
(2407, 39, 5, 9, '2018-09-15', '13236', 1),
(2408, 40, 7, 160, '2018-09-15', '11158', 2),
(2409, 29, 2, 8, '2018-09-17', '11865', 3),
(2410, 12, 4, 50, '2018-09-17', '238', 2),
(2411, 35, 1, 145, '2018-09-17', '10278', 1),
(2412, 24, 4, 115, '2018-09-17', '1527', 3),
(2413, 25, 2, 158, '2018-09-18', '13125', 3),
(2414, 26, 1, 119, '2018-09-18', '20400', 1),
(2415, 27, 1, 85, '2018-09-18', '85100', 2),
(2416, 41, 1, 143, '2018-09-18', '30189', 3),
(2417, 42, 5, 58, '2018-09-19', '18750', 3),
(2418, 43, 1, 136, '2018-09-19', '25290', 3),
(2419, 42, 5, 133, '2018-09-19', '12500', 2),
(2420, 43, 1, 73, '2018-09-20', '8430', 1),
(2421, 26, 1, 30, '2018-09-20', '61200', 3),
(2422, 27, 1, 136, '2018-09-20', '85100', 2),
(2423, 36, 5, 159, '2018-09-20', '26565', 3),
(2424, 35, 1, 48, '2018-09-21', '30834', 3),
(2425, 24, 4, 55, '2018-09-21', '1527', 3),
(2426, 25, 2, 91, '2018-09-21', '8750', 2),
(2427, 26, 1, 191, '2018-09-21', '61200', 3),
(2428, 27, 1, 169, '2018-09-22', '127650', 3),
(2429, 43, 1, 150, '2018-09-22', '25290', 3),
(2430, 26, 1, 82, '2018-09-22', '20400', 1),
(2431, 27, 1, 185, '2018-09-24', '127650', 3),
(2432, 27, 1, 15, '2018-09-24', '85100', 2),
(2433, 41, 1, 125, '2018-09-24', '30189', 3),
(2434, 42, 5, 8, '2018-09-24', '18750', 3),
(2435, 43, 1, 79, '2018-09-25', '25290', 3),
(2436, 38, 1, 123, '2018-09-25', '9000', 3),
(2437, 36, 5, 84, '2018-09-25', '26565', 3),
(2438, 29, 2, 28, '2018-09-25', '3955', 1),
(2439, 30, 1, 3, '2018-09-25', '16952', 2),
(2440, 22, 1, 181, '2018-09-25', '55029', 3),
(2441, 23, 7, 94, '2018-09-26', '2935', 1),
(2442, 28, 1, 131, '2018-09-26', '42550', 1),
(2443, 38, 1, 189, '2018-09-26', '3000', 1),
(2444, 36, 5, 178, '2018-09-26', '26565', 3),
(2445, 1, 1, 117, '2018-09-27', '29040', 1),
(2446, 39, 5, 42, '2018-09-27', '39708', 3),
(2447, 41, 1, 120, '2018-09-27', '30189', 3),
(2448, 36, 5, 56, '2018-09-28', '26565', 3),
(2449, 35, 1, 190, '2018-09-28', '20556', 2),
(2450, 24, 4, 161, '2018-09-28', '1527', 3),
(2451, 26, 1, 84, '2018-09-28', '61200', 3),
(2452, 27, 1, 155, '2018-09-29', '85100', 2),
(2453, 44, 2, 160, '2018-09-29', '2405', 1),
(2454, 45, 1, 24, '2018-09-29', '8308', 2),
(2455, 35, 1, 169, '2018-09-29', '20556', 2),
(2456, 36, 5, 188, '2018-10-01', '8855', 1),
(2457, 37, 7, 131, '2018-10-01', '3516', 2),
(2458, 37, 7, 193, '2018-10-01', '3516', 2),
(2459, 1, 1, 123, '2018-10-01', '87120', 3),
(2460, 11, 4, 147, '2018-10-02', '1182', 2),
(2461, 12, 4, 177, '2018-10-02', '357', 3),
(2462, 37, 7, 186, '2018-10-02', '1758', 1),
(2463, 25, 2, 23, '2018-10-02', '8750', 2),
(2464, 26, 1, 155, '2018-10-02', '20400', 1),
(2465, 27, 1, 76, '2018-10-03', '127650', 3),
(2466, 28, 1, 91, '2018-10-03', '85100', 2),
(2467, 35, 1, 101, '2018-10-03', '20556', 2),
(2468, 36, 5, 114, '2018-10-03', '8855', 1),
(2469, 37, 7, 109, '2018-10-04', '3516', 2),
(2470, 37, 7, 57, '2018-10-04', '1758', 1),
(2471, 1, 1, 63, '2018-10-04', '87120', 3),
(2472, 11, 4, 33, '2018-10-04', '591', 1),
(2473, 12, 4, 162, '2018-10-04', '357', 3),
(2474, 38, 1, 149, '2018-10-05', '3000', 1),
(2475, 36, 5, 151, '2018-10-05', '26565', 3),
(2476, 14, 5, 43, '2018-10-05', '233658', 2),
(2477, 51, 1, 4, '2018-10-05', '22770', 2),
(2478, 56, 1, 122, '2018-10-06', '14182', 2),
(2479, 10, 1, 173, '2018-10-06', '25311', 3),
(2480, 20, 1, 12, '2018-10-06', '50577', 3),
(2481, 57, 2, 8, '2018-10-08', '14561', 1),
(2482, 54, 1, 187, '2018-10-08', '92400', 3),
(2483, 55, 4, 2, '2018-10-08', '2640', 1),
(2484, 7, 3, 63, '2018-10-08', '2985', 3),
(2485, 8, 1, 109, '2018-10-09', '27671', 1),
(2486, 9, 1, 60, '2018-10-09', '37754', 1),
(2487, 10, 1, 53, '2018-10-09', '16874', 2),
(2488, 3, 2, 80, '2018-10-09', '31200', 3),
(2489, 4, 1, 101, '2018-10-09', '39776', 2),
(2490, 5, 1, 136, '2018-10-10', '22392', 3),
(2491, 6, 1, 110, '2018-10-10', '21912', 2),
(2492, 7, 3, 110, '2018-10-10', '995', 1),
(2493, 39, 5, 25, '2018-10-10', '13236', 1),
(2494, 41, 1, 188, '2018-10-11', '20126', 2),
(2495, 36, 5, 175, '2018-10-11', '26565', 3),
(2496, 3, 2, 189, '2018-10-11', '31200', 3),
(2497, 4, 1, 159, '2018-10-12', '39776', 2),
(2498, 5, 1, 167, '2018-10-12', '14928', 2),
(2499, 6, 1, 192, '2018-10-12', '21912', 2),
(2500, 7, 3, 197, '2018-10-12', '995', 1),
(2501, 39, 5, 66, '2018-10-13', '13236', 1),
(2502, 41, 1, 127, '2018-10-13', '20126', 2),
(2503, 36, 5, 66, '2018-10-13', '17710', 2),
(2504, 35, 1, 170, '2018-10-13', '10278', 1),
(2505, 24, 4, 146, '2018-10-13', '509', 1),
(2506, 25, 2, 52, '2018-10-15', '4375', 1),
(2507, 26, 1, 24, '2018-10-15', '20400', 1),
(2508, 27, 1, 39, '2018-10-15', '85100', 2),
(2509, 19, 7, 195, '2018-10-15', '14061', 3),
(2510, 20, 1, 130, '2018-10-15', '16859', 1),
(2511, 21, 1, 138, '2018-10-16', '20156', 2),
(2512, 22, 1, 129, '2018-10-16', '55029', 3),
(2513, 25, 2, 153, '2018-10-16', '4375', 1),
(2514, 35, 1, 85, '2018-10-16', '10278', 1),
(2515, 24, 4, 164, '2018-10-17', '1527', 3),
(2516, 25, 2, 17, '2018-10-17', '13125', 3),
(2517, 26, 1, 40, '2018-10-17', '40800', 2),
(2518, 27, 1, 127, '2018-10-18', '42550', 1),
(2519, 28, 1, 86, '2018-10-18', '127650', 3),
(2520, 29, 2, 102, '2018-10-18', '3955', 1),
(2521, 30, 1, 90, '2018-10-18', '8476', 1),
(2522, 37, 7, 154, '2018-10-19', '3516', 2),
(2523, 1, 1, 165, '2018-10-19', '58080', 2),
(2524, 11, 4, 36, '2018-10-19', '591', 1),
(2525, 12, 4, 37, '2018-10-19', '119', 1),
(2526, 38, 1, 168, '2018-10-20', '3000', 1),
(2527, 36, 5, 26, '2018-10-20', '8855', 1),
(2528, 1, 1, 90, '2018-10-20', '29040', 1),
(2529, 39, 5, 176, '2018-10-20', '13236', 1),
(2530, 40, 7, 123, '2018-10-22', '11158', 2),
(2531, 21, 1, 111, '2018-10-22', '20156', 2),
(2532, 28, 1, 87, '2018-10-22', '127650', 3),
(2533, 33, 7, 62, '2018-10-22', '35535', 3),
(2534, 48, 1, 24, '2018-10-22', '9250', 2),
(2535, 49, 1, 72, '2018-10-22', '30360', 3),
(2536, 36, 5, 149, '2018-10-23', '17710', 2),
(2537, 50, 5, 21, '2018-10-23', '26565', 3),
(2538, 51, 1, 171, '2018-10-23', '22770', 2),
(2539, 56, 1, 139, '2018-10-23', '7091', 1),
(2540, 3, 2, 138, '2018-10-23', '31200', 3),
(2541, 4, 1, 166, '2018-10-24', '19888', 1),
(2542, 5, 1, 144, '2018-10-24', '7464', 1),
(2543, 6, 1, 160, '2018-10-24', '10956', 1),
(2544, 7, 3, 89, '2018-10-24', '1990', 2),
(2545, 8, 1, 61, '2018-10-25', '55342', 2),
(2546, 9, 1, 11, '2018-10-25', '37754', 1),
(2547, 10, 1, 94, '2018-10-25', '8437', 1),
(2548, 1, 1, 145, '2018-10-26', '58080', 2),
(2549, 11, 4, 64, '2018-10-26', '1773', 3),
(2550, 12, 4, 95, '2018-10-26', '238', 2),
(2551, 38, 1, 156, '2018-10-26', '6000', 2),
(2552, 36, 5, 168, '2018-10-27', '8855', 1),
(2553, 1, 1, 155, '2018-10-27', '87120', 3),
(2554, 39, 5, 180, '2018-10-27', '26472', 2),
(2555, 40, 7, 141, '2018-10-27', '11158', 2),
(2556, 21, 1, 48, '2018-10-27', '20156', 2),
(2557, 28, 1, 116, '2018-10-27', '127650', 3),
(2558, 38, 1, 87, '2018-10-29', '9000', 3),
(2559, 36, 5, 39, '2018-10-29', '8855', 1),
(2560, 1, 1, 67, '2018-10-29', '29040', 1),
(2561, 39, 5, 25, '2018-10-29', '26472', 2),
(2562, 41, 1, 192, '2018-10-29', '30189', 3),
(2563, 36, 5, 108, '2018-10-29', '8855', 1),
(2564, 35, 1, 171, '2018-10-29', '30834', 3),
(2565, 24, 4, 190, '2018-10-29', '509', 1),
(2566, 25, 2, 6, '2018-10-30', '4375', 1),
(2567, 26, 1, 162, '2018-10-30', '20400', 1),
(2568, 27, 1, 91, '2018-10-30', '127650', 3),
(2569, 19, 7, 179, '2018-10-30', '14061', 3),
(2570, 20, 1, 175, '2018-10-30', '33718', 2),
(2571, 21, 1, 102, '2018-10-31', '30234', 3),
(2572, 22, 1, 197, '2018-10-31', '36686', 2),
(2573, 23, 7, 118, '2018-10-31', '2935', 1),
(2574, 24, 4, 184, '2018-10-31', '509', 1),
(2575, 25, 2, 174, '2018-10-31', '8750', 2),
(2576, 1, 1, 27, '2018-10-31', '87120', 3),
(2577, 39, 5, 135, '2018-11-01', '13236', 1),
(2578, 20, 1, 57, '2018-11-01', '33718', 2),
(2579, 57, 2, 31, '2018-11-01', '43683', 3),
(2580, 54, 1, 192, '2018-11-01', '61600', 2),
(2581, 55, 4, 98, '2018-11-01', '2640', 1),
(2582, 7, 3, 11, '2018-11-02', '995', 1),
(2583, 8, 1, 44, '2018-11-02', '83013', 3),
(2584, 9, 1, 179, '2018-11-02', '113262', 3),
(2585, 10, 1, 57, '2018-11-02', '25311', 3),
(2586, 20, 1, 137, '2018-11-02', '33718', 2),
(2587, 57, 2, 117, '2018-11-02', '43683', 3),
(2588, 54, 1, 200, '2018-11-02', '30800', 1),
(2589, 55, 4, 52, '2018-11-02', '5280', 2),
(2590, 7, 3, 169, '2018-11-02', '2985', 3),
(2591, 8, 1, 143, '2018-11-03', '55342', 2),
(2592, 9, 1, 182, '2018-11-03', '37754', 1),
(2593, 10, 1, 17, '2018-11-03', '16874', 2),
(2594, 3, 2, 92, '2018-11-03', '10400', 1),
(2595, 4, 1, 151, '2018-11-05', '59664', 3),
(2596, 5, 1, 148, '2018-11-05', '22392', 3),
(2597, 6, 1, 102, '2018-11-05', '21912', 2),
(2598, 7, 3, 186, '2018-11-05', '995', 1),
(2599, 39, 5, 120, '2018-11-05', '13236', 1),
(2600, 41, 1, 145, '2018-11-05', '10063', 1),
(2601, 36, 5, 125, '2018-11-06', '8855', 1),
(2602, 35, 1, 189, '2018-11-06', '10278', 1),
(2603, 24, 4, 129, '2018-11-06', '1527', 3),
(2604, 25, 2, 63, '2018-11-06', '4375', 1),
(2605, 26, 1, 113, '2018-11-06', '61200', 3),
(2606, 27, 1, 2, '2018-11-06', '127650', 3),
(2607, 19, 7, 161, '2018-11-06', '4687', 1),
(2608, 20, 1, 14, '2018-11-06', '16859', 1),
(2609, 21, 1, 164, '2018-11-07', '20156', 2),
(2610, 22, 1, 124, '2018-11-07', '36686', 2),
(2611, 25, 2, 136, '2018-11-07', '13125', 3),
(2612, 26, 1, 90, '2018-11-08', '40800', 2),
(2613, 27, 1, 164, '2018-11-08', '127650', 3),
(2614, 28, 1, 144, '2018-11-08', '42550', 1),
(2615, 29, 2, 186, '2018-11-08', '11865', 3),
(2616, 25, 2, 70, '2018-11-08', '4375', 1),
(2617, 26, 1, 58, '2018-11-09', '40800', 2),
(2618, 37, 7, 125, '2018-11-09', '5274', 3),
(2619, 1, 1, 103, '2018-11-09', '58080', 2),
(2620, 41, 1, 90, '2018-11-09', '20126', 2),
(2621, 36, 5, 95, '2018-11-10', '8855', 1),
(2622, 35, 1, 79, '2018-11-10', '10278', 1),
(2623, 24, 4, 171, '2018-11-10', '1527', 3),
(2624, 25, 2, 100, '2018-11-10', '8750', 2),
(2625, 26, 1, 24, '2018-11-10', '20400', 1),
(2626, 27, 1, 83, '2018-11-12', '127650', 3),
(2627, 28, 1, 98, '2018-11-12', '42550', 1),
(2628, 29, 2, 130, '2018-11-12', '7910', 2),
(2629, 12, 4, 47, '2018-11-12', '119', 1),
(2630, 35, 1, 200, '2018-11-12', '20556', 2),
(2631, 24, 4, 135, '2018-11-12', '1018', 2),
(2632, 25, 2, 151, '2018-11-13', '8750', 2),
(2633, 26, 1, 119, '2018-11-13', '40800', 2),
(2634, 27, 1, 64, '2018-11-13', '127650', 3),
(2635, 28, 1, 87, '2018-11-13', '85100', 2),
(2636, 29, 2, 192, '2018-11-13', '11865', 3),
(2637, 30, 1, 128, '2018-11-13', '25428', 3),
(2638, 37, 7, 154, '2018-11-13', '5274', 3),
(2639, 1, 1, 116, '2018-11-14', '29040', 1),
(2640, 11, 4, 166, '2018-11-14', '1182', 2),
(2641, 28, 1, 84, '2018-11-14', '42550', 1),
(2642, 38, 1, 100, '2018-11-14', '3000', 1),
(2643, 36, 5, 92, '2018-11-14', '26565', 3),
(2644, 1, 1, 40, '2018-11-14', '87120', 3),
(2645, 39, 5, 72, '2018-11-15', '26472', 2),
(2646, 41, 1, 195, '2018-11-15', '30189', 3),
(2647, 36, 5, 150, '2018-11-15', '8855', 1),
(2648, 35, 1, 34, '2018-11-15', '20556', 2),
(2649, 24, 4, 187, '2018-11-15', '1018', 2),
(2650, 38, 1, 36, '2018-11-16', '9000', 3),
(2651, 33, 7, 174, '2018-11-16', '11845', 1),
(2652, 48, 1, 47, '2018-11-16', '13875', 3),
(2653, 49, 1, 98, '2018-11-16', '20240', 2),
(2654, 36, 5, 1, '2018-11-17', '8855', 1),
(2655, 56, 1, 148, '2018-11-17', '21273', 3),
(2656, 37, 7, 182, '2018-11-17', '3516', 2),
(2657, 25, 2, 31, '2018-11-17', '4375', 1),
(2658, 26, 1, 139, '2018-11-19', '61200', 3),
(2659, 27, 1, 124, '2018-11-19', '127650', 3),
(2660, 28, 1, 142, '2018-11-19', '85100', 2),
(2661, 29, 2, 8, '2018-11-19', '11865', 3),
(2662, 30, 1, 121, '2018-11-19', '16952', 2),
(2663, 2, 1, 36, '2018-11-21', '29040', 1),
(2664, 3, 2, 46, '2018-11-21', '10400', 1),
(2665, 31, 1, 112, '2018-11-21', '18000', 2),
(2666, 39, 5, 169, '2018-11-21', '39708', 3),
(2667, 41, 1, 47, '2018-11-21', '10063', 1),
(2668, 36, 5, 132, '2018-11-21', '17710', 2),
(2669, 35, 1, 23, '2018-11-21', '30834', 3),
(2670, 24, 4, 71, '2018-11-21', '509', 1),
(2671, 38, 1, 167, '2018-11-21', '9000', 3),
(2672, 33, 7, 52, '2018-11-22', '35535', 3),
(2673, 48, 1, 194, '2018-11-22', '9250', 2),
(2674, 37, 7, 109, '2018-11-22', '5274', 3),
(2675, 25, 2, 82, '2018-11-22', '13125', 3),
(2676, 26, 1, 2, '2018-11-22', '61200', 3),
(2677, 27, 1, 48, '2018-11-23', '127650', 3),
(2678, 28, 1, 96, '2018-11-23', '42550', 1),
(2679, 29, 2, 64, '2018-11-23', '3955', 1),
(2680, 13, 1, 101, '2018-11-23', '6600', 2),
(2681, 14, 5, 69, '2018-11-23', '233658', 2),
(2682, 51, 1, 68, '2018-11-23', '22770', 2),
(2683, 56, 1, 159, '2018-11-23', '7091', 1),
(2684, 37, 7, 147, '2018-11-24', '1758', 1),
(2685, 1, 1, 156, '2018-11-24', '58080', 2),
(2686, 48, 1, 12, '2018-11-24', '4625', 1),
(2687, 37, 7, 164, '2018-11-24', '1758', 1),
(2688, 25, 2, 14, '2018-11-24', '13125', 3),
(2689, 26, 1, 151, '2018-11-24', '40800', 2),
(2690, 27, 1, 77, '2018-11-26', '85100', 2),
(2691, 28, 1, 117, '2018-11-26', '85100', 2),
(2692, 35, 1, 57, '2018-11-26', '10278', 1),
(2693, 36, 5, 147, '2018-11-26', '17710', 2),
(2694, 37, 7, 15, '2018-11-26', '5274', 3),
(2695, 37, 7, 120, '2018-11-27', '5274', 3),
(2696, 1, 1, 109, '2018-11-27', '87120', 3),
(2697, 11, 4, 92, '2018-11-27', '1773', 3),
(2698, 12, 4, 141, '2018-11-27', '357', 3),
(2699, 38, 1, 94, '2018-11-27', '9000', 3),
(2700, 36, 5, 31, '2018-11-27', '17710', 2),
(2701, 14, 5, 131, '2018-11-27', '350487', 3),
(2702, 51, 1, 56, '2018-11-27', '34155', 3),
(2703, 56, 1, 62, '2018-11-28', '21273', 3),
(2704, 37, 7, 87, '2018-11-28', '1758', 1),
(2705, 1, 1, 44, '2018-11-28', '87120', 3),
(2706, 55, 4, 20, '2018-11-28', '7920', 3),
(2707, 7, 3, 117, '2018-11-28', '2985', 3),
(2708, 8, 1, 105, '2018-11-28', '55342', 2),
(2709, 9, 1, 52, '2018-11-29', '37754', 1),
(2710, 10, 1, 103, '2018-11-29', '8437', 1),
(2711, 20, 1, 94, '2018-11-29', '33718', 2),
(2712, 57, 2, 27, '2018-11-29', '43683', 3),
(2713, 54, 1, 58, '2018-11-29', '30800', 1),
(2714, 55, 4, 167, '2018-11-30', '5280', 2),
(2715, 7, 3, 113, '2018-11-30', '1990', 2),
(2716, 8, 1, 175, '2018-11-30', '55342', 2),
(2717, 9, 1, 32, '2018-11-30', '37754', 1),
(2718, 10, 1, 67, '2018-11-30', '25311', 3),
(2719, 3, 2, 27, '2018-11-30', '10400', 1),
(2720, 4, 1, 43, '2018-11-30', '19888', 1),
(2721, 5, 1, 8, '2018-12-01', '14928', 2),
(2722, 26, 1, 144, '2018-12-01', '20400', 1),
(2723, 27, 1, 195, '2018-12-01', '42550', 1),
(2724, 28, 1, 120, '2018-12-01', '42550', 1),
(2725, 29, 2, 64, '2018-12-01', '3955', 1),
(2726, 30, 1, 165, '2018-12-03', '25428', 3),
(2727, 37, 7, 162, '2018-12-03', '5274', 3),
(2728, 1, 1, 146, '2018-12-03', '29040', 1),
(2729, 11, 4, 126, '2018-12-03', '591', 1),
(2730, 12, 4, 18, '2018-12-03', '119', 1),
(2731, 38, 1, 151, '2018-12-03', '9000', 3),
(2732, 36, 5, 156, '2018-12-03', '17710', 2),
(2733, 1, 1, 127, '2018-12-03', '87120', 3),
(2734, 39, 5, 176, '2018-12-04', '39708', 3),
(2735, 40, 7, 157, '2018-12-04', '5579', 1),
(2736, 21, 1, 86, '2018-12-04', '20156', 2),
(2737, 28, 1, 29, '2018-12-04', '127650', 3),
(2738, 33, 7, 8, '2018-12-04', '23690', 2),
(2739, 48, 1, 17, '2018-12-04', '4625', 1),
(2740, 49, 1, 70, '2018-12-05', '10120', 1),
(2741, 36, 5, 146, '2018-12-05', '8855', 1),
(2742, 50, 5, 186, '2018-12-05', '8855', 1),
(2743, 51, 1, 101, '2018-12-05', '11385', 1),
(2744, 56, 1, 38, '2018-12-05', '21273', 3),
(2745, 3, 2, 197, '2018-12-06', '20800', 2),
(2746, 4, 1, 195, '2018-12-06', '19888', 1),
(2747, 5, 1, 164, '2018-12-06', '22392', 3),
(2748, 6, 1, 10, '2018-12-06', '32868', 3),
(2749, 39, 5, 41, '2018-12-06', '39708', 3),
(2750, 40, 7, 9, '2018-12-06', '11158', 2),
(2751, 21, 1, 142, '2018-12-07', '30234', 3),
(2752, 22, 1, 39, '2018-12-07', '36686', 2),
(2753, 41, 1, 123, '2018-12-07', '10063', 1),
(2754, 42, 5, 45, '2018-12-07', '6250', 1),
(2755, 43, 1, 126, '2018-12-07', '16860', 2),
(2756, 42, 5, 183, '2018-12-08', '12500', 2),
(2757, 43, 1, 78, '2018-12-08', '25290', 3),
(2758, 26, 1, 85, '2018-12-08', '61200', 3),
(2759, 27, 1, 73, '2018-12-08', '42550', 1),
(2760, 44, 2, 122, '2018-12-08', '2405', 1),
(2761, 45, 1, 87, '2018-12-08', '8308', 2),
(2762, 46, 7, 126, '2018-12-10', '14145', 3),
(2763, 47, 2, 118, '2018-12-10', '36108', 3),
(2764, 30, 1, 164, '2018-12-10', '16952', 2),
(2765, 28, 1, 97, '2018-12-10', '85100', 2),
(2766, 29, 2, 91, '2018-12-10', '7910', 2),
(2767, 30, 1, 111, '2018-12-10', '16952', 2),
(2768, 2, 1, 144, '2018-12-10', '58080', 2),
(2769, 3, 2, 3, '2018-12-10', '31200', 3),
(2770, 31, 1, 115, '2018-12-10', '9000', 1),
(2771, 32, 1, 43, '2018-12-10', '101200', 2),
(2772, 33, 7, 25, '2018-12-10', '35535', 3),
(2773, 34, 1, 37, '2018-12-10', '11052', 2),
(2774, 35, 1, 141, '2018-12-11', '20556', 2),
(2775, 36, 5, 139, '2018-12-11', '17710', 2),
(2776, 37, 7, 167, '2018-12-11', '5274', 3),
(2777, 37, 7, 61, '2018-12-11', '5274', 3),
(2778, 1, 1, 66, '2018-12-11', '29040', 1),
(2779, 11, 4, 36, '2018-12-12', '1182', 2),
(2780, 12, 4, 37, '2018-12-12', '357', 3),
(2781, 38, 1, 78, '2018-12-12', '6000', 2),
(2782, 36, 5, 9, '2018-12-12', '17710', 2),
(2783, 1, 1, 91, '2018-12-12', '58080', 2),
(2784, 39, 5, 76, '2018-12-12', '13236', 1),
(2785, 40, 7, 64, '2018-12-13', '5579', 1),
(2786, 21, 1, 92, '2018-12-13', '20156', 2),
(2787, 28, 1, 26, '2018-12-13', '42550', 1),
(2788, 29, 2, 133, '2018-12-13', '11865', 3),
(2789, 30, 1, 99, '2018-12-13', '8476', 1),
(2790, 2, 1, 117, '2018-12-13', '29040', 1),
(2791, 3, 2, 19, '2018-12-14', '20800', 2),
(2792, 31, 1, 57, '2018-12-14', '9000', 1),
(2793, 32, 1, 173, '2018-12-14', '101200', 2),
(2794, 33, 7, 41, '2018-12-14', '35535', 3),
(2795, 34, 1, 82, '2018-12-15', '11052', 2),
(2796, 35, 1, 84, '2018-12-15', '20556', 2),
(2797, 36, 5, 11, '2018-12-15', '8855', 1),
(2798, 36, 5, 60, '2018-12-15', '17710', 2),
(2799, 37, 7, 197, '2018-12-15', '1758', 1),
(2800, 37, 7, 102, '2018-12-15', '5274', 3),
(2801, 1, 1, 146, '2018-12-17', '87120', 3),
(2802, 11, 4, 150, '2018-12-17', '1773', 3),
(2803, 12, 4, 31, '2018-12-17', '357', 3),
(2804, 38, 1, 69, '2018-12-17', '9000', 3),
(2805, 36, 5, 173, '2018-12-17', '26565', 3),
(2806, 1, 1, 148, '2018-12-17', '87120', 3),
(2807, 39, 5, 17, '2018-12-18', '26472', 2),
(2808, 40, 7, 154, '2018-12-18', '5579', 1),
(2809, 21, 1, 77, '2018-12-18', '10078', 1),
(2810, 22, 1, 117, '2018-12-18', '36686', 2),
(2811, 41, 1, 139, '2018-12-18', '10063', 1),
(2812, 11, 4, 153, '2018-12-18', '1773', 3),
(2813, 12, 4, 150, '2018-12-19', '119', 1),
(2814, 38, 1, 98, '2018-12-19', '6000', 2),
(2815, 36, 5, 164, '2018-12-19', '8855', 1),
(2816, 1, 1, 108, '2018-12-19', '87120', 3),
(2817, 39, 5, 42, '2018-12-19', '13236', 1),
(2818, 40, 7, 83, '2018-12-19', '16737', 3),
(2819, 21, 1, 110, '2018-12-19', '10078', 1),
(2820, 43, 1, 109, '2018-12-20', '25290', 3),
(2821, 33, 7, 177, '2018-12-20', '11845', 1),
(2822, 34, 1, 50, '2018-12-20', '16578', 3),
(2823, 35, 1, 32, '2018-12-20', '20556', 2),
(2824, 36, 5, 128, '2018-12-20', '8855', 1),
(2825, 4, 1, 83, '2018-12-20', '19888', 1),
(2826, 5, 1, 113, '2018-12-21', '14928', 2),
(2827, 6, 1, 87, '2018-12-21', '32868', 3),
(2828, 7, 3, 69, '2018-12-21', '995', 1),
(2829, 8, 1, 144, '2018-12-21', '27671', 1),
(2830, 9, 1, 185, '2018-12-21', '113262', 3),
(2831, 10, 1, 83, '2018-12-21', '16874', 2),
(2832, 11, 4, 16, '2018-12-22', '1182', 2),
(2833, 12, 4, 198, '2018-12-22', '119', 1),
(2834, 13, 1, 124, '2018-12-22', '9900', 3),
(2835, 14, 5, 117, '2018-12-22', '233658', 2),
(2836, 51, 1, 67, '2018-12-22', '34155', 3),
(2837, 56, 1, 183, '2018-12-22', '21273', 3),
(2838, 37, 7, 122, '2018-12-26', '5274', 3),
(2839, 1, 1, 170, '2018-12-26', '58080', 2),
(2840, 2, 1, 190, '2018-12-26', '87120', 3),
(2841, 3, 2, 8, '2018-12-26', '31200', 3),
(2842, 4, 1, 124, '2018-12-26', '59664', 3),
(2843, 6, 1, 179, '2018-12-26', '32868', 3),
(2844, 7, 3, 167, '2018-12-26', '1990', 2),
(2845, 8, 1, 64, '2018-12-27', '27671', 1),
(2846, 9, 1, 153, '2018-12-27', '37754', 1),
(2847, 10, 1, 37, '2018-12-27', '25311', 3),
(2848, 11, 4, 48, '2018-12-27', '591', 1),
(2849, 12, 4, 145, '2018-12-27', '357', 3),
(2850, 13, 1, 117, '2018-12-27', '3300', 1),
(2851, 14, 5, 147, '2018-12-28', '116829', 1),
(2852, 51, 1, 124, '2018-12-28', '34155', 3),
(2853, 56, 1, 160, '2018-12-28', '14182', 2),
(2854, 37, 7, 3, '2018-12-28', '5274', 3),
(2855, 1, 1, 62, '2018-12-28', '29040', 1),
(2856, 2, 1, 117, '2018-12-28', '29040', 1),
(2857, 3, 2, 119, '2018-12-29', '10400', 1),
(2858, 11, 4, 4, '2018-12-29', '1182', 2),
(2859, 12, 4, 87, '2018-12-29', '119', 1),
(2860, 38, 1, 182, '2018-12-29', '9000', 3),
(2861, 36, 5, 4, '2018-12-29', '17710', 2),
(2862, 19, 7, 91, '2018-12-31', '9374', 2),
(2863, 20, 1, 155, '2018-12-31', '33718', 2),
(2864, 21, 1, 103, '2018-12-31', '10078', 1),
(2865, 22, 1, 88, '2018-12-31', '18343', 1),
(2866, 39, 5, 168, '2018-12-31', '20126', 2),
(2867, 40, 7, 178, '2018-12-31', '11158', 2),
(2868, 21, 1, 25, '2018-12-31', '20156', 2),
(2869, 22, 1, 195, '2018-12-31', '55029', 3),
(2870, 41, 1, 94, '2018-12-31', '10063', 1),
(2871, 42, 5, 133, '2018-12-31', '18750', 3),
(2872, 43, 1, 35, '2018-12-31', '25290', 3);

-- --------------------------------------------------------

--
-- Table structure for table `tbl_satuan`
--

CREATE TABLE `tbl_satuan` (
  `id_satuan` int(11) NOT NULL,
  `satuan` varchar(25) NOT NULL
) ENGINE=InnoDB DEFAULT CHARSET=latin1;

--
-- Dumping data for table `tbl_satuan`
--

INSERT INTO `tbl_satuan` (`id_satuan`, `satuan`) VALUES
(1, 'BOTOL'),
(2, 'PCS'),
(3, 'KAPS'),
(4, 'TABLET'),
(5, 'PACK'),
(6, 'SUPPO'),
(7, 'STRIP');

-- --------------------------------------------------------

--
-- Table structure for table `tbl_user`
--

CREATE TABLE `tbl_user` (
  `id_pembeli` int(11) NOT NULL,
  `nama_pembeli` varchar(25) NOT NULL,
  `id_gender` int(1) NOT NULL,
  `usia` int(2) NOT NULL,
  `alamat` varchar(100) NOT NULL,
  `kecamatan` varchar(100) NOT NULL,
  `kota` varchar(100) NOT NULL
) ENGINE=InnoDB DEFAULT CHARSET=latin1;

--
-- Dumping data for table `tbl_user`
--

INSERT INTO `tbl_user` (`id_pembeli`, `nama_pembeli`, `id_gender`, `usia`, `alamat`, `kecamatan`, `kota`) VALUES
(1, 'Rifki', 1, 35, 'Jl.Pipa Reja', 'Perumnas', 'Palembang'),
(2, 'Okta', 1, 34, 'Jl.wayhitam', 'Ilir Barat I', 'Palembang'),
(3, 'Aren', 1, 49, 'Jl.Ahmad Yani, No 4', 'Plaju', 'Palembang'),
(4, 'Reno', 1, 45, 'Jl.Angkatan 45, no 22', 'Ilir Barat I', 'Palembang'),
(5, 'Indah', 2, 35, 'Jl.Sudirman, cinde No 44', 'Ilir Timur I', 'Palembang'),
(6, 'Ulfa ', 2, 17, 'Jl.Basuki Rahmat, ', 'Ilir Timur I', 'Palembang'),
(7, 'Maya', 2, 38, 'Jl. Kol.H.Burlian, KM 7', 'Ilir Timur I', 'Palembang'),
(8, 'Sherlia', 2, 50, 'Jl. Demang Lebar Daun, No 34 ', 'Ilir Barat I', 'Palembang'),
(9, 'Rahmat', 1, 27, 'Jl. Kolonel  Atmo, No 23 ', 'Ilir Timur II', 'Palembang'),
(10, 'Ongky', 1, 18, 'Jl. Lunjuk Jaya,  ', 'Ilir Barat I', 'Palembang'),
(11, 'Mahmud', 1, 39, 'Jl. Sriyijaya, Bukit Kecil ', 'Ilir Barat I', 'Palembang'),
(12, 'Lela', 2, 54, 'Jl. Perumnas Talang Kelapa Hijau 2 No.23', 'AAL', 'Palembang'),
(13, 'Aldo', 1, 44, 'Jl. Perumnas Talang Kelapa Hijau 4 No.33', 'AAL', 'Palembang'),
(14, 'Galuh', 1, 22, 'Jl. Perumnas Talang Kelapa Hijau 3 No.18', 'AAL', 'Palembang'),
(15, 'Julian', 1, 54, 'Jl. Perumnas Talang Kelapa Hijau 5 No.12', 'AAL', 'Palembang'),
(16, 'Wulan', 2, 41, 'Jl. Soekarno-Hatta, ', 'Ilir Barat II', 'Palembang'),
(17, 'Kiki', 2, 27, 'Jl. Puncak Sekuning, No 34 ', 'Ilir Barat I', 'Palembang'),
(18, 'Adi', 1, 54, 'Jl. POM IX No 54', 'Ilir Barat I', 'Palembang'),
(19, 'Arif', 1, 27, 'Jl. Radial, Lorong Anggrek No 24', 'Ilir Barat I', 'Palembang'),
(20, 'Bayu', 1, 34, 'Jl. Kihajar Dewantara Rt/Rw :002/001', 'Banyuasin', 'Palembang'),
(21, 'Dina', 2, 13, 'Jl. Kihajar Dewantara Rt/Rw :001/002', 'Banyuasin', 'Palembang'),
(22, 'Nita', 2, 28, 'Jl. Silaberanti Lorong Apel No 54', 'Plaju', 'Palembang'),
(23, 'Puput', 2, 42, 'Jl. Silaberanti Lorong Jeruk No 23', 'Plaju', 'Palembang'),
(24, 'Nopan', 1, 13, 'Jl. Silaberanti Lorong Mangga No 22', 'Plaju', 'Palembang'),
(25, 'Ari', 1, 43, 'Jl. Silaberanti Lorong Manggis No 80', 'Plaju', 'Palembang'),
(26, 'Ilham', 1, 17, 'Jl. Banten I, lorong Buah No 11', 'Plaju', 'Palembang'),
(27, 'Faris', 1, 35, 'Jl. Banten II, lorong Sayur No 12', 'Plaju', 'Palembang'),
(28, 'Farid', 1, 37, 'Jl. Banten III, lorong Sejahtera No 13', 'Plaju', 'Palembang'),
(29, 'Fatoni', 1, 54, 'Jl. Banten IV, lorong family 2 No 14', 'Plaju', 'Palembang'),
(30, 'Eny', 2, 41, 'Jl. Banten V, lorong Keluarga No 15', 'Plaju', 'Palembang'),
(31, 'Yaya', 1, 42, 'Jl. Banten V, lorong Keluarga No 16', 'Plaju', 'Palembang'),
(32, 'Rama', 1, 54, 'Jl. Banten V, lorong Keluarga No 17', 'Plaju', 'Palembang'),
(33, 'Lily', 2, 23, 'Jl. Banten V, lorong Keluarga No 18', 'Sembawa', 'Palembang'),
(34, 'Nila', 2, 44, 'Jl. Kihajar Dewantara Rt/Rw :006/002 No.2', 'Muara Sugihan', 'Palembang'),
(35, 'Julika', 2, 34, 'Jl. Way hitam, lorong family 4 No 50', 'Pakjo', 'Palembang'),
(36, 'Riskya', 2, 47, 'Jl. Alang-alang lebar, KM 11', 'AAL', 'Palembang'),
(37, 'Deta', 2, 49, 'Jl. Puncak Sekuning, No 22', 'Ilir Barat 1', 'Palembang'),
(38, 'Yudha', 1, 54, 'Jl. Puncak Sekuning, No 23', 'Ilir Barat 1', 'Palembang'),
(39, 'Yoga', 1, 18, 'Jl. Banten V, lorong Keluarga No 24', 'Plaju', 'Palembang'),
(40, 'Candra', 1, 39, 'Jl. Way hitam, lorong family 2 No 81', 'Pakjo', 'Palembang'),
(41, 'Afif', 1, 44, 'Jl. Banten V, lorong Keluarga No 26', 'Plaju', 'Palembang'),
(42, 'Galang', 1, 20, 'Jl. Simpang Dogan Kenten Laut No 33', 'Kenten', 'Palembang'),
(43, 'Pertiwi', 2, 14, 'Jl. Banten V, lorong Keluarga No 28', 'Plaju', 'Palembang'),
(44, 'Susi', 2, 34, 'Jl. Banten V, lorong Keluarga No 29', 'Plaju', 'Palembang'),
(45, 'Anggun', 2, 38, 'Jl. Perumnas Sako Lorong Mangga No 45', 'Sako', 'Palembang'),
(46, 'Umam', 1, 40, 'Jl. Banten V, lorong Keluarga No 31', 'Plaju', 'Palembang'),
(47, 'Pudin', 1, 46, 'Jl. Soekamto Lorong Sejahtera No 45', 'Perumnas', 'Palembang'),
(48, 'Perli', 1, 54, 'Jl. Banten V, lorong Keluarga No 33', 'Plaju', 'Palembang'),
(49, 'Giovanni', 1, 31, 'Jl. Banten V, lorong Keluarga No 34', 'Plaju', 'Palembang'),
(50, 'Irma', 2, 20, 'Jl. Kihajar Dewantara Rt/Rw :004/002 No.2', 'Muara Sugihan', 'Palembang'),
(51, 'Sari', 2, 30, 'Jl. Kihajar Dewantara Rt/Rw :002/002 No.3', 'Muara Sugihan', 'Palembang'),
(52, 'Fitriyati', 2, 26, 'Jl. Kihajar Dewantara Rt/Rw :002/002 No.4', 'Muara Sugihan', 'Palembang'),
(53, 'Septi', 2, 27, 'Jl. Banten V, lorong Keluarga No 38', 'Plaju', 'Palembang'),
(54, 'Yandi', 1, 54, 'Jl. Penghubung Muara Enim - Lahat No 99', 'Muara Enim', 'Palembang'),
(55, 'Novi', 2, 55, 'Jl. Kihajar Dewantara Rt/Rw :002/002 No.1', 'Muara Sugihan', 'Palembang'),
(56, 'Anne ', 2, 18, 'Jl. Banten V, lorong Keluarga No 41', 'Plaju', 'Palembang'),
(57, 'Rufaidah', 2, 12, 'Jl. Banten V, lorong Keluarga No 42', 'Plaju', 'Palembang'),
(58, 'Agustin', 2, 36, 'Jl. Kihajar Dewantara Rt/Rw :002/001', 'Muara Sugihan', 'Palembang'),
(59, 'Farida', 2, 39, 'Jl. Kihajar Dewantara Rt/Rw :002/002 No.22', 'Muara Sugihan', 'Palembang'),
(60, 'Farid', 1, 35, 'Jl. Kihajar Dewantara Rt/Rw :002/002 No.23', 'Muara Sugihan', 'Palembang'),
(61, 'Lihun', 1, 15, 'Jl. Kihajar Dewantara Rt/Rw :002/002 No.24', 'Muara Sugihan', 'Palembang'),
(62, 'Ainun', 1, 50, 'Jl. Kihajar Dewantara Rt/Rw :002/002 No.25', 'Muara Sugihan', 'Palembang'),
(63, 'Najib', 1, 35, 'Jl. Kihajar Dewantara Rt/Rw :002/002 No.26', 'Muara Sugihan', 'Palembang'),
(64, 'Matinun', 1, 30, 'Jl. Kihajar Dewantara Rt/Rw :002/002 No.27', 'Muara Sugihan', 'Palembang'),
(65, 'Amin', 1, 26, 'Jl. Kihajar Dewantara Rt/Rw :002/002 No.28', 'Muara Sugihan', 'Palembang'),
(66, 'Ari', 1, 31, 'Jl. Kihajar Dewantara Rt/Rw :002/002 No.29', 'Muara Sugihan', 'Palembang'),
(67, 'Takim', 1, 47, 'Jl. Kihajar Dewantara Rt/Rw :002/002 No.30', 'Muara Sugihan', 'Palembang'),
(68, 'Tekno', 1, 53, 'Jl. Kihajar Dewantara Rt/Rw :002/002 No.31', 'Muara Sugihan', 'Palembang'),
(69, 'Mahmudi', 1, 48, 'Jl. Kihajar Dewantara Rt/Rw :002/002 No.32', 'Muara Sugihan', 'Palembang'),
(70, 'Arep', 1, 20, 'Jl. Kihajar Dewantara Rt/Rw :002/002 No.33', 'Muara Sugihan', 'Palembang'),
(71, 'Umi', 2, 14, 'Jl. Kihajar Dewantara Rt/Rw :002/002 No.34', 'Muara Sugihan', 'Palembang'),
(72, 'Tria', 2, 18, 'Jl. Kihajar Dewantara Rt/Rw :002/002 No.35', 'Muara Sugihan', 'Palembang'),
(73, 'Atun', 2, 34, 'Jl. Kihajar Dewantara Rt/Rw :002/002 No.36', 'Muara Sugihan', 'Palembang'),
(74, 'Mul', 1, 37, 'Jl. Kihajar Dewantara Rt/Rw :002/002 No.37', 'Muara Sugihan', 'Palembang'),
(75, 'Khotim', 2, 24, 'Jl. Kihajar Dewantara Rt/Rw :002/002 No.38', 'Muara Sugihan', 'Palembang'),
(76, 'Wahid', 1, 25, 'Jl. Kihajar Dewantara Rt/Rw :002/002 No.39', 'Muara Sugihan', 'Palembang'),
(77, 'Bambang', 1, 37, 'Jl. Opi V, Jaka Baring Komplek Permata Indah No 2', 'Opi', 'Palembang'),
(78, 'Pamungkas', 1, 51, 'Jl. Opi V, Jaka Baring Komplek Permata Indah No 3', 'Opi', 'Palembang'),
(79, 'Aan ', 1, 44, 'Jl. Banten V, lorong Keluarga No 64', 'Empat Lawang', 'Palembang'),
(80, 'Megi', 1, 26, 'Jl. Rambutan V, lorong Manggis No 65', 'Rambutan', 'Palembang'),
(81, 'Gagar', 1, 50, 'Jl. Banten V, lorong Keluarga No 66', 'Muara Enim', 'Palembang'),
(82, 'Farvin', 1, 12, 'Jl. Kihajar Dewantara Rt/Rw :002/002 No.38', 'Muara Sugihan', 'Palembang'),
(83, 'Sukirman', 1, 41, 'Jl. Kihajar Dewantara Rt/Rw :002/002 No.39', 'Muara Sugihan', 'Palembang'),
(84, 'Tanem', 1, 17, 'Jl. Kihajar Dewantara Rt/Rw :002/002 No.40', 'Muara Sugihan', 'Palembang'),
(85, 'Eri', 1, 47, 'Jl. Kihajar Dewantara Rt/Rw :002/002 No.41', 'Muara Sugihan', 'Palembang'),
(86, 'Burhan', 1, 24, 'Jl. Kihajar Dewantara Rt/Rw :002/002 No.42', 'Muara Sugihan', 'Palembang'),
(87, 'Mita', 2, 17, 'Jl. Kihajar Dewantara Rt/Rw :002/002 No.43', 'Muara Sugihan', 'Palembang'),
(88, 'Uswa', 2, 24, 'Jl. Perumnas Talang Kelapa Hijau 2 No.11', 'AAL', 'Palembang'),
(89, 'Solikin', 1, 36, 'Jl. Kihajar Dewantara Rt/Rw :002/002 No.43', 'Muara Sugihan', 'Palembang'),
(90, 'Samsudin', 1, 44, 'Jl. Kihajar Dewantara Rt/Rw :002/002 No.44', 'Muara Sugihan', 'Palembang'),
(91, 'Anik', 2, 17, 'Jl. Kihajar Dewantara Rt/Rw :002/002 No.45', 'Muara Sugihan', 'Palembang'),
(92, 'Fahri', 1, 33, 'Jl. Kihajar Dewantara Rt/Rw :002/002 No.46', 'Muara Sugihan', 'Palembang'),
(93, 'Tyas', 2, 15, 'Jl. Kihajar Dewantara Rt/Rw :002/002 No.47', 'Muara Sugihan', 'Palembang'),
(94, 'Cilla', 2, 47, 'Jl. Kihajar Dewantara Rt/Rw :002/002 No.48', 'Muara Sugihan', 'Palembang'),
(95, 'Khamid', 1, 41, 'Jl. Kihajar Dewantara Rt/Rw :002/002 No.49', 'Muara Sugihan', 'Palembang'),
(96, 'Mayar', 1, 13, 'Jl. Kihajar Dewantara Rt/Rw :002/002 No.50', 'Muara Sugihan', 'Palembang'),
(97, 'Mujib', 1, 15, 'Jl. Kihajar Dewantara Rt/Rw :002/002 No.51', 'Muara Sugihan', 'Palembang'),
(98, 'Piroh', 2, 37, 'Jl. Kihajar Dewantara Rt/Rw :002/002 No.52', 'Muara Sugihan', 'Palembang'),
(99, 'Lamidi', 1, 31, 'Jl. Kihajar Dewantara Rt/Rw :002/002 No.53', 'Muara Sugihan', 'Palembang'),
(100, 'Agung', 1, 55, 'Jl. Kihajar Dewantara Rt/Rw :002/002 No.54', 'Muara Sugihan', 'Palembang'),
(101, 'Rifki', 1, 43, 'Jl.Pipa Reja', 'Perumnas', 'Palembang'),
(102, 'Okta', 1, 55, 'Jl.wayhitam', 'Ilir Barat I', 'Palembang'),
(103, 'Aren', 1, 40, 'Jl.Ahmad Yani, No 4', 'Plaju', 'Palembang'),
(104, 'Reno', 1, 40, 'Jl.Angkatan 45, no 22', 'Ilir Barat I', 'Palembang'),
(105, 'Indah', 2, 51, 'Jl.Sudirman, cinde No 44', 'Ilir Timur I', 'Palembang'),
(106, 'Ulfa ', 2, 46, 'Jl.Basuki Rahmat, ', 'Ilir Timur I', 'Palembang'),
(107, 'Maya', 2, 32, 'Jl. Kol.H.Burlian, KM 7', 'Ilir Timur I', 'Palembang'),
(108, 'Sherlia', 2, 55, 'Jl. Demang Lebar Daun, No 34 ', 'Ilir Barat I', 'Palembang'),
(109, 'Rahmat', 1, 22, 'Jl. Kolonel  Atmo, No 23 ', 'Ilir Timur II', 'Palembang'),
(110, 'Ongky', 1, 38, 'Jl. Lunjuk Jaya,  ', 'Ilir Barat I', 'Palembang'),
(111, 'Mahmud', 1, 33, 'Jl. Sriyijaya, Bukit Kecil ', 'Ilir Barat I', 'Palembang'),
(112, 'Lela', 2, 35, 'Jl. Perumnas Talang Kelapa Hijau 2 No.23', 'AAL', 'Palembang'),
(113, 'Aldo', 1, 33, 'Jl. Perumnas Talang Kelapa Hijau 4 No.33', 'AAL', 'Palembang'),
(114, 'Galuh', 1, 25, 'Jl. Perumnas Talang Kelapa Hijau 3 No.18', 'AAL', 'Palembang'),
(115, 'Julian', 1, 38, 'Jl. Perumnas Talang Kelapa Hijau 5 No.12', 'AAL', 'Palembang'),
(116, 'Wulan', 2, 49, 'Jl. Soekarno-Hatta, ', 'Ilir Barat II', 'Palembang'),
(117, 'Kiki', 2, 14, 'Jl. Puncak Sekuning, No 34 ', 'Ilir Barat I', 'Palembang'),
(118, 'Adi', 1, 24, 'Jl. POM IX No 54', 'Ilir Barat I', 'Palembang'),
(119, 'Arif', 1, 48, 'Jl. Radial, Lorong Anggrek No 24', 'Ilir Barat I', 'Palembang'),
(120, 'Bayu', 1, 54, 'Jl. Penghubung Palembang-Betung KM 29', 'Sembawa', 'Palembang'),
(121, 'Dina', 2, 54, 'Jl. Penghubung Palembang-Betung KM 30 ', 'Sembawa', 'Palembang'),
(122, 'Nita', 2, 43, 'Jl. Silaberanti Lorong Apel No 54', 'Plaju', 'Palembang'),
(123, 'Puput', 2, 34, 'Jl. Silaberanti Lorong Jeruk No 23', 'Plaju', 'Palembang'),
(124, 'Nopan', 1, 15, 'Jl. Silaberanti Lorong Mangga No 22', 'Plaju', 'Palembang'),
(125, 'Ari', 1, 39, 'Jl. Silaberanti Lorong Manggis No 80', 'Plaju', 'Palembang'),
(126, 'Ilham', 1, 26, 'Jl. Banten I, lorong Buah No 11', 'Plaju', 'Palembang'),
(127, 'Faris', 1, 46, 'Jl. Banten II, lorong Sayur No 12', 'Plaju', 'Palembang'),
(128, 'Yuga', 1, 10, 'Jl. Banten III, lorong Sejahtera No 13', 'Plaju', 'Palembang'),
(129, 'Fatoni', 1, 10, 'Jl. Banten IV, lorong family 2 No 14', 'Plaju', 'Palembang'),
(130, 'Reza', 1, 49, 'Jl. Penghubung Prabumulih-indralaya No 23', 'Ogan Ilir', 'Palembang'),
(131, 'Yaya', 1, 29, 'Jl. Banten V, lorong Keluarga No 16', 'Plaju', 'Palembang'),
(132, 'Rama', 1, 34, 'Jl. Banten V, lorong Keluarga No 17', 'Plaju', 'Palembang'),
(133, 'Lily', 2, 13, 'Jl. Banten V, lorong Keluarga No 18', 'Sembawa', 'Palembang'),
(134, 'Nila', 2, 19, 'Jl. Kihajar Dewantara Rt/Rw :006/002 No.2', 'Muara Sugihan', 'Palembang'),
(135, 'Julika', 2, 42, 'Jl. Way hitam, lorong family 4 No 50', 'Pakjo', 'Palembang'),
(136, 'Riskya', 2, 45, 'Jl. Alang-alang lebar, KM 11', 'AAL', 'Palembang'),
(137, 'Deta', 2, 13, 'Jl. Puncak Sekuning, No 22', 'Ilir Barat 1', 'Palembang'),
(138, 'Yudha', 1, 51, 'Jl. Puncak Sekuning, No 23', 'Ilir Barat 1', 'Palembang'),
(139, 'Yoga', 1, 15, 'Jl. Banten V, lorong Keluarga No 24', 'Plaju', 'Palembang'),
(140, 'Candra', 1, 36, 'Jl. Way hitam, lorong family 2 No 81', 'Pakjo', 'Palembang'),
(141, 'Afif', 1, 52, 'Jl. Banten V, lorong Keluarga No 26', 'Plaju', 'Palembang'),
(142, 'Galang', 1, 26, 'Jl. Simpang Dogan Kenten Laut No 33', 'Kenten', 'Palembang'),
(143, 'Pertiwi', 2, 35, 'Jl. Banten V, lorong Keluarga No 28', 'Plaju', 'Palembang'),
(144, 'Susi', 2, 17, 'Jl. Banten V, lorong Keluarga No 29', 'Plaju', 'Palembang'),
(145, 'Anggun', 2, 45, 'Jl. Perumnas Sako Lorong Mangga No 45', 'Sako', 'Palembang'),
(146, 'Umam', 1, 11, 'Jl. Banten V, lorong Keluarga No 31', 'Plaju', 'Palembang'),
(147, 'Pudin', 1, 52, 'Jl. Soekamto Lorong Sejahtera No 45', 'Perumnas', 'Palembang'),
(148, 'Perli', 1, 18, 'Jl. Banten V, lorong Keluarga No 33', 'Plaju', 'Palembang'),
(149, 'Giovanni', 1, 50, 'Jl. Banten V, lorong Keluarga No 34', 'Plaju', 'Palembang'),
(150, 'Irma', 2, 23, 'Jl. Kihajar Dewantara Rt/Rw :004/002 No.2', 'Muara Sugihan', 'Palembang'),
(151, 'Sari', 2, 30, 'Jl. Kihajar Dewantara Rt/Rw :002/002 No.3', 'Muara Sugihan', 'Palembang'),
(152, 'Fitriyati', 2, 43, 'Jl. Kihajar Dewantara Rt/Rw :002/002 No.4', 'Muara Sugihan', 'Palembang'),
(153, 'Septi', 2, 45, 'Jl. Banten V, lorong Keluarga No 38', 'Plaju', 'Palembang'),
(154, 'Yandi', 1, 48, 'Jl. Penghubung Muara Enim - Lahat No 99', 'Muara Enim', 'Palembang'),
(155, 'Novi', 2, 11, 'Jl. Kihajar Dewantara Rt/Rw :002/002 No.1', 'Muara Sugihan', 'Palembang'),
(156, 'Anne ', 2, 18, 'Jl. Banten V, lorong Keluarga No 41', 'Plaju', 'Palembang'),
(157, 'Rufaidah', 2, 26, 'Jl. Banten V, lorong Keluarga No 42', 'Plaju', 'Palembang'),
(158, 'Agustin', 2, 30, 'Jl. Kihajar Dewantara Rt/Rw :002/001', 'Muara Sugihan', 'Palembang'),
(159, 'Farida', 2, 42, 'Jl. Kihajar Dewantara Rt/Rw :002/002 No.22', 'Muara Sugihan', 'Palembang'),
(160, 'Farid', 1, 22, 'Jl. Kihajar Dewantara Rt/Rw :002/002 No.23', 'Muara Sugihan', 'Palembang'),
(161, 'Lihun', 1, 24, 'Jl. Kihajar Dewantara Rt/Rw :002/002 No.24', 'Muara Sugihan', 'Palembang'),
(162, 'Ainun', 1, 29, 'Jl. Kihajar Dewantara Rt/Rw :002/002 No.25', 'Muara Sugihan', 'Palembang'),
(163, 'Najib', 1, 10, 'Jl. Kihajar Dewantara Rt/Rw :002/002 No.26', 'Muara Sugihan', 'Palembang'),
(164, 'Matinun', 1, 40, 'Jl. Kihajar Dewantara Rt/Rw :002/002 No.27', 'Muara Sugihan', 'Palembang'),
(165, 'Amin', 1, 36, 'Jl. Kihajar Dewantara Rt/Rw :002/002 No.28', 'Muara Sugihan', 'Palembang'),
(166, 'Ari', 1, 15, 'Jl. Kihajar Dewantara Rt/Rw :002/002 No.29', 'Muara Sugihan', 'Palembang'),
(167, 'Takim', 1, 47, 'Jl. Kihajar Dewantara Rt/Rw :002/002 No.30', 'Muara Sugihan', 'Palembang'),
(168, 'Tekno', 1, 49, 'Jl. Kihajar Dewantara Rt/Rw :002/002 No.31', 'Muara Sugihan', 'Palembang'),
(169, 'Mahmudi', 1, 20, 'Jl. Kihajar Dewantara Rt/Rw :002/002 No.32', 'Muara Sugihan', 'Palembang'),
(170, 'Arep', 1, 39, 'Jl. Kihajar Dewantara Rt/Rw :002/002 No.33', 'Muara Sugihan', 'Palembang'),
(171, 'Umi', 2, 32, 'Jl. Kihajar Dewantara Rt/Rw :002/002 No.34', 'Muara Sugihan', 'Palembang'),
(172, 'Tria', 2, 39, 'Jl. Kihajar Dewantara Rt/Rw :002/002 No.35', 'Muara Sugihan', 'Palembang'),
(173, 'Atun', 2, 18, 'Jl. Kihajar Dewantara Rt/Rw :002/002 No.36', 'Muara Sugihan', 'Palembang'),
(174, 'Mul', 1, 30, 'Jl. Kihajar Dewantara Rt/Rw :002/002 No.37', 'Muara Sugihan', 'Palembang'),
(175, 'Khotim', 2, 14, 'Jl. Kihajar Dewantara Rt/Rw :002/002 No.38', 'Muara Sugihan', 'Palembang'),
(176, 'Wahid', 1, 19, 'Jl. Kihajar Dewantara Rt/Rw :002/002 No.39', 'Muara Sugihan', 'Palembang'),
(177, 'Bambang', 1, 44, 'Jl. Opi V, Jaka Baring Komplek Permata Indah No 2', 'Opi', 'Palembang'),
(178, 'Pamungkas', 1, 33, 'Jl. Opi V, Jaka Baring Komplek Permata Indah No 3', 'Opi', 'Palembang'),
(179, 'Aan ', 1, 39, 'Jl. Banten V, lorong Keluarga No 64', 'Empat Lawang', 'Palembang'),
(180, 'Megi', 1, 14, 'Jl. Rambutan V, lorong Manggis No 65', 'Rambutan', 'Palembang'),
(181, 'Gagar', 1, 32, 'Jl. Banten V, lorong Keluarga No 66', 'Muara Enim', 'Palembang'),
(182, 'Farvin', 1, 13, 'Jl. Kihajar Dewantara Rt/Rw :002/002 No.38', 'Muara Sugihan', 'Palembang'),
(183, 'Sukirman', 1, 39, 'Jl. Kihajar Dewantara Rt/Rw :002/002 No.39', 'Muara Sugihan', 'Palembang'),
(184, 'Tanem', 1, 38, 'Jl. Kihajar Dewantara Rt/Rw :002/002 No.40', 'Muara Sugihan', 'Palembang'),
(185, 'Eri', 1, 32, 'Jl. Kihajar Dewantara Rt/Rw :002/002 No.41', 'Muara Sugihan', 'Palembang'),
(186, 'Burhan', 1, 34, 'Jl. Kihajar Dewantara Rt/Rw :002/002 No.42', 'Muara Sugihan', 'Palembang'),
(187, 'Mita', 2, 40, 'Jl. Kihajar Dewantara Rt/Rw :002/002 No.43', 'Muara Sugihan', 'Palembang'),
(188, 'Uswa', 2, 17, 'Jl. Perumnas Talang Kelapa Hijau 2 No.11', 'AAL', 'Palembang'),
(189, 'Solikin', 1, 26, 'Jl. Kihajar Dewantara Rt/Rw :002/002 No.43', 'Muara Sugihan', 'Palembang'),
(190, 'Samsudin', 1, 47, 'Jl. Kihajar Dewantara Rt/Rw :002/002 No.44', 'Muara Sugihan', 'Palembang'),
(191, 'Anik', 2, 37, 'Jl. Kihajar Dewantara Rt/Rw :002/002 No.45', 'Muara Sugihan', 'Palembang'),
(192, 'Fahri', 1, 53, 'Jl. Kihajar Dewantara Rt/Rw :002/002 No.46', 'Muara Sugihan', 'Palembang'),
(193, 'Tyas', 2, 21, 'Jl. Kihajar Dewantara Rt/Rw :002/002 No.47', 'Muara Sugihan', 'Palembang'),
(194, 'Cilla', 2, 16, 'Jl. Kihajar Dewantara Rt/Rw :002/002 No.48', 'Muara Sugihan', 'Palembang'),
(195, 'Khamid', 1, 44, 'Jl. Kihajar Dewantara Rt/Rw :002/002 No.49', 'Muara Sugihan', 'Palembang'),
(196, 'Mayar', 1, 11, 'Jl. Kihajar Dewantara Rt/Rw :002/002 No.50', 'Muara Sugihan', 'Palembang'),
(197, 'Mujib', 1, 37, 'Jl. Kihajar Dewantara Rt/Rw :002/002 No.51', 'Muara Sugihan', 'Palembang'),
(198, 'Piroh', 2, 29, 'Jl. Kihajar Dewantara Rt/Rw :002/002 No.52', 'Muara Sugihan', 'Palembang'),
(199, 'Lamidi', 1, 18, 'Jl. Kihajar Dewantara Rt/Rw :002/002 No.53', 'Muara Sugihan', 'Palembang'),
(200, 'Agung', 1, 42, 'Jl. Kihajar Dewantara Rt/Rw :002/002 No.54', 'Muara Sugihan', 'Palembang');

--
-- Indexes for dumped tables
--

--
-- Indexes for table `tbl_gender`
--
ALTER TABLE `tbl_gender`
  ADD PRIMARY KEY (`id_gender`);

--
-- Indexes for table `tbl_obat`
--
ALTER TABLE `tbl_obat`
  ADD PRIMARY KEY (`id_obat`);

--
-- Indexes for table `tbl_penjualan`
--
ALTER TABLE `tbl_penjualan`
  ADD PRIMARY KEY (`id_penjualan`);

--
-- Indexes for table `tbl_satuan`
--
ALTER TABLE `tbl_satuan`
  ADD PRIMARY KEY (`id_satuan`);

--
-- Indexes for table `tbl_user`
--
ALTER TABLE `tbl_user`
  ADD PRIMARY KEY (`id_pembeli`),
  ADD KEY `id_gender` (`id_gender`);

--
-- AUTO_INCREMENT for dumped tables
--

--
-- AUTO_INCREMENT for table `tbl_gender`
--
ALTER TABLE `tbl_gender`
  MODIFY `id_gender` int(1) NOT NULL AUTO_INCREMENT, AUTO_INCREMENT=3;

--
-- AUTO_INCREMENT for table `tbl_obat`
--
ALTER TABLE `tbl_obat`
  MODIFY `id_obat` int(11) NOT NULL AUTO_INCREMENT, AUTO_INCREMENT=58;

--
-- AUTO_INCREMENT for table `tbl_penjualan`
--
ALTER TABLE `tbl_penjualan`
  MODIFY `id_penjualan` int(6) NOT NULL AUTO_INCREMENT, AUTO_INCREMENT=2873;

--
-- AUTO_INCREMENT for table `tbl_satuan`
--
ALTER TABLE `tbl_satuan`
  MODIFY `id_satuan` int(11) NOT NULL AUTO_INCREMENT, AUTO_INCREMENT=8;

--
-- AUTO_INCREMENT for table `tbl_user`
--
ALTER TABLE `tbl_user`
  MODIFY `id_pembeli` int(11) NOT NULL AUTO_INCREMENT, AUTO_INCREMENT=201;
COMMIT;

/*!40101 SET CHARACTER_SET_CLIENT=@OLD_CHARACTER_SET_CLIENT */;
/*!40101 SET CHARACTER_SET_RESULTS=@OLD_CHARACTER_SET_RESULTS */;
/*!40101 SET COLLATION_CONNECTION=@OLD_COLLATION_CONNECTION */;
