-- phpMyAdmin SQL Dump
-- version 4.8.5
-- https://www.phpmyadmin.net/
--
-- Host: localhost
-- Generation Time: Sep 29, 2019 at 02:57 PM
-- Server version: 10.1.38-MariaDB
-- PHP Version: 7.3.3

SET SQL_MODE = "NO_AUTO_VALUE_ON_ZERO";
SET AUTOCOMMIT = 0;
START TRANSACTION;
SET time_zone = "+00:00";


/*!40101 SET @OLD_CHARACTER_SET_CLIENT=@@CHARACTER_SET_CLIENT */;
/*!40101 SET @OLD_CHARACTER_SET_RESULTS=@@CHARACTER_SET_RESULTS */;
/*!40101 SET @OLD_COLLATION_CONNECTION=@@COLLATION_CONNECTION */;
/*!40101 SET NAMES utf8mb4 */;

--
-- Database: `data_wirehouse_apotik`
--

-- --------------------------------------------------------

--
-- Table structure for table `dim_gender`
--

CREATE TABLE `dim_gender` (
  `id_gender` int(1) NOT NULL,
  `gender` varchar(10) NOT NULL
) ENGINE=InnoDB DEFAULT CHARSET=latin1;

--
-- Dumping data for table `dim_gender`
--

INSERT INTO `dim_gender` (`id_gender`, `gender`) VALUES
(1, 'pria'),
(2, 'wanita');

-- --------------------------------------------------------

--
-- Table structure for table `dim_obat`
--

CREATE TABLE `dim_obat` (
  `id_obat` int(11) NOT NULL,
  `nama_obat` varchar(50) NOT NULL,
  `id_satuan` int(11) NOT NULL,
  `harga_obat` decimal(11,0) NOT NULL
) ENGINE=InnoDB DEFAULT CHARSET=latin1;

--
-- Dumping data for table `dim_obat`
--

INSERT INTO `dim_obat` (`id_obat`, `nama_obat`, `id_satuan`, `harga_obat`) VALUES
(1, 'ACTIFED H 60ML', 1, '29040'),
(2, 'ACTIFED M 60ML', 1, '29040'),
(3, 'ALAT PEMB. TELINGA', 2, '10400'),
(4, 'ALBOTHYL 5ML', 1, '19888'),
(5, 'CALADINE POWDER ORIG 60GR', 1, '7464'),
(6, 'CALADINE PWD ORG 100GR', 1, '10956'),
(7, 'CALCUSOL CAP @30', 3, '995'),
(8, 'CALLUSOL', 1, '27671'),
(9, 'DEXTAMIN 60ML', 1, '37754'),
(10, 'DEXTRAL 60 ML', 1, '8437'),
(11, 'DEXTRAL TAB', 4, '591'),
(12, 'DEXTROMETHORHAN 15MG TAB', 4, '119'),
(13, 'DEXTROMETHORPAN 60 ML RAMA', 1, '3300'),
(14, 'DIABETASOL 600GR VNL', 5, '116829'),
(15, 'DIABETASOL CHO 180GR', 5, '38934'),
(16, 'DIABETASOL SWEET 37,5', 5, '16705'),
(17, 'DIABETASOL VD 180 GR VNL', 5, '40122'),
(18, 'DULCOLAX SUPP ADULT', 6, '16976'),
(19, 'DULCOLAX TAB', 7, '4687'),
(20, 'DUMIN 60 ML', 1, '16859'),
(21, 'FLUCADEX SYR 60 ML', 1, '10078'),
(22, 'FLUDANE PLUS SYR 60ML', 1, '18343'),
(23, 'FLUDANE TAB @4', 7, '2935'),
(24, 'FLUTAMOL TAB', 4, '509'),
(25, 'FORMULA JNR PG 50GR', 2, '4375'),
(26, 'GREEN CARE', 1, '20400'),
(27, 'HABASYI OIL', 1, '42550'),
(28, 'HABATUS SAUDANA 200', 1, '42550'),
(29, 'HANSAPLAST KOYO HANGAT @10', 2, '3955'),
(30, 'HEXON SYR 60ML', 1, '8476'),
(31, 'ALKOHOL 70% 300 ML ONEMED', 1, '9000'),
(32, 'ALMINA MADU JINTEN', 1, '50600'),
(33, 'AMBEVEN CAP', 7, '11845'),
(34, 'BUFANTACID F 60ML', 1, '5526'),
(35, 'CALADINE LOT 60ML', 1, '10278'),
(36, 'BIOLYSIN KIDS ANGGUR', 5, '8855'),
(37, 'BODREX MIGRA', 7, '1758'),
(38, 'ALKOHOL 100ML ONEMED', 1, '3000'),
(39, 'DUREX STRW 3’S', 5, '13236'),
(40, 'FATIGON SPIRIT', 7, '5579'),
(41, 'FRESH CARE GREEN TEA', 1, '10063'),
(42, 'GLUCOSE DX 5%', 5, '6250'),
(43, 'GRAFADON DROPS', 1, '8430'),
(44, 'HANSAPLAST ROLL', 2, '2405'),
(45, 'HEMAVITON C 1000 150ML', 1, '4154'),
(46, 'HEMAVITON SKIN N', 7, '4715'),
(47, 'HEROCYN 150GR', 2, '12036'),
(48, 'AMOXYCILLIN SYR 60ML', 1, '4625'),
(49, 'BIOLYSIN 60ML', 1, '10125'),
(50, 'BIOLYSIN KIDS STRW', 5, '8855'),
(51, 'BIOLYSIN SMART 60ML', 1, '11385'),
(52, 'FRESH CARE SPLASH FRUIT', 1, '10063'),
(53, 'GARCIA CAPS 60’S', 1, '98310'),
(54, 'GARLIC SAUDA PLUS PROPOLIS', 1, '30800'),
(55, 'GLUCOSAMIN 500 MG INDO', 4, '2640'),
(56, 'BODREX FLU&BTK ATT', 1, '7091'),
(57, 'DUREX EXTRA SAFE @3', 2, '14561');

-- --------------------------------------------------------

--
-- Table structure for table `dim_range_umur`
--

CREATE TABLE `dim_range_umur` (
  `id_range` int(11) NOT NULL,
  `range_nama` varchar(11) NOT NULL
) ENGINE=InnoDB DEFAULT CHARSET=latin1;

--
-- Dumping data for table `dim_range_umur`
--

INSERT INTO `dim_range_umur` (`id_range`, `range_nama`) VALUES
(1, 'dewasa'),
(2, 'lansia'),
(3, 'remaja');

-- --------------------------------------------------------

--
-- Table structure for table `dim_satuan`
--

CREATE TABLE `dim_satuan` (
  `id_satuan` int(11) NOT NULL,
  `satuan` varchar(25) NOT NULL
) ENGINE=InnoDB DEFAULT CHARSET=latin1;

--
-- Dumping data for table `dim_satuan`
--

INSERT INTO `dim_satuan` (`id_satuan`, `satuan`) VALUES
(1, 'BOTOL'),
(2, 'PCS'),
(3, 'KAPS'),
(4, 'TABLET'),
(5, 'PACK'),
(6, 'SUPPO'),
(7, 'STRIP');

-- --------------------------------------------------------

--
-- Table structure for table `dim_user`
--

CREATE TABLE `dim_user` (
  `id_pembeli` int(11) NOT NULL,
  `nama_pembeli` varchar(25) NOT NULL,
  `id_gender` int(1) NOT NULL,
  `umur` int(2) NOT NULL,
  `alamat` varchar(100) NOT NULL,
  `kecamatan` varchar(100) NOT NULL,
  `kota` varchar(100) NOT NULL
) ENGINE=InnoDB DEFAULT CHARSET=latin1;

--
-- Dumping data for table `dim_user`
--

INSERT INTO `dim_user` (`id_pembeli`, `nama_pembeli`, `id_gender`, `umur`, `alamat`, `kecamatan`, `kota`) VALUES
(1, 'Rifki', 1, 35, 'Jl.Pipa Reja', 'Perumnas', 'Palembang'),
(2, 'Okta', 1, 34, 'Jl.wayhitam', 'Ilir Barat I', 'Palembang'),
(3, 'Aren', 1, 49, 'Jl.Ahmad Yani, No 4', 'Plaju', 'Palembang'),
(4, 'Reno', 1, 45, 'Jl.Angkatan 45, no 22', 'Ilir Barat I', 'Palembang'),
(5, 'Indah', 2, 35, 'Jl.Sudirman, cinde No 44', 'Ilir Timur I', 'Palembang'),
(6, 'Ulfa ', 2, 17, 'Jl.Basuki Rahmat, ', 'Ilir Timur I', 'Palembang'),
(7, 'Maya', 2, 38, 'Jl. Kol.H.Burlian, KM 7', 'Ilir Timur I', 'Palembang'),
(8, 'Sherlia', 2, 50, 'Jl. Demang Lebar Daun, No 34 ', 'Ilir Barat I', 'Palembang'),
(9, 'Rahmat', 1, 27, 'Jl. Kolonel  Atmo, No 23 ', 'Ilir Timur II', 'Palembang'),
(10, 'Ongky', 1, 18, 'Jl. Lunjuk Jaya,  ', 'Ilir Barat I', 'Palembang'),
(11, 'Mahmud', 1, 39, 'Jl. Sriyijaya, Bukit Kecil ', 'Ilir Barat I', 'Palembang'),
(12, 'Lela', 2, 54, 'Jl. Perumnas Talang Kelapa Hijau 2 No.23', 'AAL', 'Palembang'),
(13, 'Aldo', 1, 44, 'Jl. Perumnas Talang Kelapa Hijau 4 No.33', 'AAL', 'Palembang'),
(14, 'Galuh', 1, 22, 'Jl. Perumnas Talang Kelapa Hijau 3 No.18', 'AAL', 'Palembang'),
(15, 'Julian', 1, 54, 'Jl. Perumnas Talang Kelapa Hijau 5 No.12', 'AAL', 'Palembang'),
(16, 'Wulan', 2, 41, 'Jl. Soekarno-Hatta, ', 'Ilir Barat II', 'Palembang'),
(17, 'Kiki', 2, 27, 'Jl. Puncak Sekuning, No 34 ', 'Ilir Barat I', 'Palembang'),
(18, 'Adi', 1, 54, 'Jl. POM IX No 54', 'Ilir Barat I', 'Palembang'),
(19, 'Arif', 1, 27, 'Jl. Radial, Lorong Anggrek No 24', 'Ilir Barat I', 'Palembang'),
(20, 'Bayu', 1, 34, 'Jl. Kihajar Dewantara Rt/Rw :002/001', 'Banyuasin', 'Palembang'),
(21, 'Dina', 2, 13, 'Jl. Kihajar Dewantara Rt/Rw :001/002', 'Banyuasin', 'Palembang'),
(22, 'Nita', 2, 28, 'Jl. Silaberanti Lorong Apel No 54', 'Plaju', 'Palembang'),
(23, 'Puput', 2, 42, 'Jl. Silaberanti Lorong Jeruk No 23', 'Plaju', 'Palembang'),
(24, 'Nopan', 1, 13, 'Jl. Silaberanti Lorong Mangga No 22', 'Plaju', 'Palembang'),
(25, 'Ari', 1, 43, 'Jl. Silaberanti Lorong Manggis No 80', 'Plaju', 'Palembang'),
(26, 'Ilham', 1, 17, 'Jl. Banten I, lorong Buah No 11', 'Plaju', 'Palembang'),
(27, 'Faris', 1, 35, 'Jl. Banten II, lorong Sayur No 12', 'Plaju', 'Palembang'),
(28, 'Farid', 1, 37, 'Jl. Banten III, lorong Sejahtera No 13', 'Plaju', 'Palembang'),
(29, 'Fatoni', 1, 54, 'Jl. Banten IV, lorong family 2 No 14', 'Plaju', 'Palembang'),
(30, 'Eny', 2, 41, 'Jl. Banten V, lorong Keluarga No 15', 'Plaju', 'Palembang'),
(31, 'Yaya', 1, 42, 'Jl. Banten V, lorong Keluarga No 16', 'Plaju', 'Palembang'),
(32, 'Rama', 1, 54, 'Jl. Banten V, lorong Keluarga No 17', 'Plaju', 'Palembang'),
(33, 'Lily', 2, 23, 'Jl. Banten V, lorong Keluarga No 18', 'Sembawa', 'Palembang'),
(34, 'Nila', 2, 44, 'Jl. Kihajar Dewantara Rt/Rw :006/002 No.2', 'Muara Sugihan', 'Palembang'),
(35, 'Julika', 2, 34, 'Jl. Way hitam, lorong family 4 No 50', 'Pakjo', 'Palembang'),
(36, 'Riskya', 2, 47, 'Jl. Alang-alang lebar, KM 11', 'AAL', 'Palembang'),
(37, 'Deta', 2, 49, 'Jl. Puncak Sekuning, No 22', 'Ilir Barat 1', 'Palembang'),
(38, 'Yudha', 1, 54, 'Jl. Puncak Sekuning, No 23', 'Ilir Barat 1', 'Palembang'),
(39, 'Yoga', 1, 18, 'Jl. Banten V, lorong Keluarga No 24', 'Plaju', 'Palembang'),
(40, 'Candra', 1, 39, 'Jl. Way hitam, lorong family 2 No 81', 'Pakjo', 'Palembang'),
(41, 'Afif', 1, 44, 'Jl. Banten V, lorong Keluarga No 26', 'Plaju', 'Palembang'),
(42, 'Galang', 1, 20, 'Jl. Simpang Dogan Kenten Laut No 33', 'Kenten', 'Palembang'),
(43, 'Pertiwi', 2, 14, 'Jl. Banten V, lorong Keluarga No 28', 'Plaju', 'Palembang'),
(44, 'Susi', 2, 34, 'Jl. Banten V, lorong Keluarga No 29', 'Plaju', 'Palembang'),
(45, 'Anggun', 2, 38, 'Jl. Perumnas Sako Lorong Mangga No 45', 'Sako', 'Palembang'),
(46, 'Umam', 1, 40, 'Jl. Banten V, lorong Keluarga No 31', 'Plaju', 'Palembang'),
(47, 'Pudin', 1, 46, 'Jl. Soekamto Lorong Sejahtera No 45', 'Perumnas', 'Palembang'),
(48, 'Perli', 1, 54, 'Jl. Banten V, lorong Keluarga No 33', 'Plaju', 'Palembang'),
(49, 'Giovanni', 1, 31, 'Jl. Banten V, lorong Keluarga No 34', 'Plaju', 'Palembang'),
(50, 'Irma', 2, 20, 'Jl. Kihajar Dewantara Rt/Rw :004/002 No.2', 'Muara Sugihan', 'Palembang'),
(51, 'Sari', 2, 30, 'Jl. Kihajar Dewantara Rt/Rw :002/002 No.3', 'Muara Sugihan', 'Palembang'),
(52, 'Fitriyati', 2, 26, 'Jl. Kihajar Dewantara Rt/Rw :002/002 No.4', 'Muara Sugihan', 'Palembang'),
(53, 'Septi', 2, 27, 'Jl. Banten V, lorong Keluarga No 38', 'Plaju', 'Palembang'),
(54, 'Yandi', 1, 54, 'Jl. Penghubung Muara Enim - Lahat No 99', 'Muara Enim', 'Palembang'),
(55, 'Novi', 2, 55, 'Jl. Kihajar Dewantara Rt/Rw :002/002 No.1', 'Muara Sugihan', 'Palembang'),
(56, 'Anne ', 2, 18, 'Jl. Banten V, lorong Keluarga No 41', 'Plaju', 'Palembang'),
(57, 'Rufaidah', 2, 12, 'Jl. Banten V, lorong Keluarga No 42', 'Plaju', 'Palembang'),
(58, 'Agustin', 2, 36, 'Jl. Kihajar Dewantara Rt/Rw :002/001', 'Muara Sugihan', 'Palembang'),
(59, 'Farida', 2, 39, 'Jl. Kihajar Dewantara Rt/Rw :002/002 No.22', 'Muara Sugihan', 'Palembang'),
(60, 'Farid', 1, 35, 'Jl. Kihajar Dewantara Rt/Rw :002/002 No.23', 'Muara Sugihan', 'Palembang'),
(61, 'Lihun', 1, 15, 'Jl. Kihajar Dewantara Rt/Rw :002/002 No.24', 'Muara Sugihan', 'Palembang'),
(62, 'Ainun', 1, 50, 'Jl. Kihajar Dewantara Rt/Rw :002/002 No.25', 'Muara Sugihan', 'Palembang'),
(63, 'Najib', 1, 35, 'Jl. Kihajar Dewantara Rt/Rw :002/002 No.26', 'Muara Sugihan', 'Palembang'),
(64, 'Matinun', 1, 30, 'Jl. Kihajar Dewantara Rt/Rw :002/002 No.27', 'Muara Sugihan', 'Palembang'),
(65, 'Amin', 1, 26, 'Jl. Kihajar Dewantara Rt/Rw :002/002 No.28', 'Muara Sugihan', 'Palembang'),
(66, 'Ari', 1, 31, 'Jl. Kihajar Dewantara Rt/Rw :002/002 No.29', 'Muara Sugihan', 'Palembang'),
(67, 'Takim', 1, 47, 'Jl. Kihajar Dewantara Rt/Rw :002/002 No.30', 'Muara Sugihan', 'Palembang'),
(68, 'Tekno', 1, 53, 'Jl. Kihajar Dewantara Rt/Rw :002/002 No.31', 'Muara Sugihan', 'Palembang'),
(69, 'Mahmudi', 1, 48, 'Jl. Kihajar Dewantara Rt/Rw :002/002 No.32', 'Muara Sugihan', 'Palembang'),
(70, 'Arep', 1, 20, 'Jl. Kihajar Dewantara Rt/Rw :002/002 No.33', 'Muara Sugihan', 'Palembang'),
(71, 'Umi', 2, 14, 'Jl. Kihajar Dewantara Rt/Rw :002/002 No.34', 'Muara Sugihan', 'Palembang'),
(72, 'Tria', 2, 18, 'Jl. Kihajar Dewantara Rt/Rw :002/002 No.35', 'Muara Sugihan', 'Palembang'),
(73, 'Atun', 2, 34, 'Jl. Kihajar Dewantara Rt/Rw :002/002 No.36', 'Muara Sugihan', 'Palembang'),
(74, 'Mul', 1, 37, 'Jl. Kihajar Dewantara Rt/Rw :002/002 No.37', 'Muara Sugihan', 'Palembang'),
(75, 'Khotim', 2, 24, 'Jl. Kihajar Dewantara Rt/Rw :002/002 No.38', 'Muara Sugihan', 'Palembang'),
(76, 'Wahid', 1, 25, 'Jl. Kihajar Dewantara Rt/Rw :002/002 No.39', 'Muara Sugihan', 'Palembang'),
(77, 'Bambang', 1, 37, 'Jl. Opi V, Jaka Baring Komplek Permata Indah No 2', 'Opi', 'Palembang'),
(78, 'Pamungkas', 1, 51, 'Jl. Opi V, Jaka Baring Komplek Permata Indah No 3', 'Opi', 'Palembang'),
(79, 'Aan ', 1, 44, 'Jl. Banten V, lorong Keluarga No 64', 'Empat Lawang', 'Palembang'),
(80, 'Megi', 1, 26, 'Jl. Rambutan V, lorong Manggis No 65', 'Rambutan', 'Palembang'),
(81, 'Gagar', 1, 50, 'Jl. Banten V, lorong Keluarga No 66', 'Muara Enim', 'Palembang'),
(82, 'Farvin', 1, 12, 'Jl. Kihajar Dewantara Rt/Rw :002/002 No.38', 'Muara Sugihan', 'Palembang'),
(83, 'Sukirman', 1, 41, 'Jl. Kihajar Dewantara Rt/Rw :002/002 No.39', 'Muara Sugihan', 'Palembang'),
(84, 'Tanem', 1, 17, 'Jl. Kihajar Dewantara Rt/Rw :002/002 No.40', 'Muara Sugihan', 'Palembang'),
(85, 'Eri', 1, 47, 'Jl. Kihajar Dewantara Rt/Rw :002/002 No.41', 'Muara Sugihan', 'Palembang'),
(86, 'Burhan', 1, 24, 'Jl. Kihajar Dewantara Rt/Rw :002/002 No.42', 'Muara Sugihan', 'Palembang'),
(87, 'Mita', 2, 17, 'Jl. Kihajar Dewantara Rt/Rw :002/002 No.43', 'Muara Sugihan', 'Palembang'),
(88, 'Uswa', 2, 24, 'Jl. Perumnas Talang Kelapa Hijau 2 No.11', 'AAL', 'Palembang'),
(89, 'Solikin', 1, 36, 'Jl. Kihajar Dewantara Rt/Rw :002/002 No.43', 'Muara Sugihan', 'Palembang'),
(90, 'Samsudin', 1, 44, 'Jl. Kihajar Dewantara Rt/Rw :002/002 No.44', 'Muara Sugihan', 'Palembang'),
(91, 'Anik', 2, 17, 'Jl. Kihajar Dewantara Rt/Rw :002/002 No.45', 'Muara Sugihan', 'Palembang'),
(92, 'Fahri', 1, 33, 'Jl. Kihajar Dewantara Rt/Rw :002/002 No.46', 'Muara Sugihan', 'Palembang'),
(93, 'Tyas', 2, 15, 'Jl. Kihajar Dewantara Rt/Rw :002/002 No.47', 'Muara Sugihan', 'Palembang'),
(94, 'Cilla', 2, 47, 'Jl. Kihajar Dewantara Rt/Rw :002/002 No.48', 'Muara Sugihan', 'Palembang'),
(95, 'Khamid', 1, 41, 'Jl. Kihajar Dewantara Rt/Rw :002/002 No.49', 'Muara Sugihan', 'Palembang'),
(96, 'Mayar', 1, 13, 'Jl. Kihajar Dewantara Rt/Rw :002/002 No.50', 'Muara Sugihan', 'Palembang'),
(97, 'Mujib', 1, 15, 'Jl. Kihajar Dewantara Rt/Rw :002/002 No.51', 'Muara Sugihan', 'Palembang'),
(98, 'Piroh', 2, 37, 'Jl. Kihajar Dewantara Rt/Rw :002/002 No.52', 'Muara Sugihan', 'Palembang'),
(99, 'Lamidi', 1, 31, 'Jl. Kihajar Dewantara Rt/Rw :002/002 No.53', 'Muara Sugihan', 'Palembang'),
(100, 'Agung', 1, 55, 'Jl. Kihajar Dewantara Rt/Rw :002/002 No.54', 'Muara Sugihan', 'Palembang'),
(101, 'Rifki', 1, 43, 'Jl.Pipa Reja', 'Perumnas', 'Palembang'),
(102, 'Okta', 1, 55, 'Jl.wayhitam', 'Ilir Barat I', 'Palembang'),
(103, 'Aren', 1, 40, 'Jl.Ahmad Yani, No 4', 'Plaju', 'Palembang'),
(104, 'Reno', 1, 40, 'Jl.Angkatan 45, no 22', 'Ilir Barat I', 'Palembang'),
(105, 'Indah', 2, 51, 'Jl.Sudirman, cinde No 44', 'Ilir Timur I', 'Palembang'),
(106, 'Ulfa ', 2, 46, 'Jl.Basuki Rahmat, ', 'Ilir Timur I', 'Palembang'),
(107, 'Maya', 2, 32, 'Jl. Kol.H.Burlian, KM 7', 'Ilir Timur I', 'Palembang'),
(108, 'Sherlia', 2, 55, 'Jl. Demang Lebar Daun, No 34 ', 'Ilir Barat I', 'Palembang'),
(109, 'Rahmat', 1, 22, 'Jl. Kolonel  Atmo, No 23 ', 'Ilir Timur II', 'Palembang'),
(110, 'Ongky', 1, 38, 'Jl. Lunjuk Jaya,  ', 'Ilir Barat I', 'Palembang'),
(111, 'Mahmud', 1, 33, 'Jl. Sriyijaya, Bukit Kecil ', 'Ilir Barat I', 'Palembang'),
(112, 'Lela', 2, 35, 'Jl. Perumnas Talang Kelapa Hijau 2 No.23', 'AAL', 'Palembang'),
(113, 'Aldo', 1, 33, 'Jl. Perumnas Talang Kelapa Hijau 4 No.33', 'AAL', 'Palembang'),
(114, 'Galuh', 1, 25, 'Jl. Perumnas Talang Kelapa Hijau 3 No.18', 'AAL', 'Palembang'),
(115, 'Julian', 1, 38, 'Jl. Perumnas Talang Kelapa Hijau 5 No.12', 'AAL', 'Palembang'),
(116, 'Wulan', 2, 49, 'Jl. Soekarno-Hatta, ', 'Ilir Barat II', 'Palembang'),
(117, 'Kiki', 2, 14, 'Jl. Puncak Sekuning, No 34 ', 'Ilir Barat I', 'Palembang'),
(118, 'Adi', 1, 24, 'Jl. POM IX No 54', 'Ilir Barat I', 'Palembang'),
(119, 'Arif', 1, 48, 'Jl. Radial, Lorong Anggrek No 24', 'Ilir Barat I', 'Palembang'),
(120, 'Bayu', 1, 54, 'Jl. Penghubung Palembang-Betung KM 29', 'Sembawa', 'Palembang'),
(121, 'Dina', 2, 54, 'Jl. Penghubung Palembang-Betung KM 30 ', 'Sembawa', 'Palembang'),
(122, 'Nita', 2, 43, 'Jl. Silaberanti Lorong Apel No 54', 'Plaju', 'Palembang'),
(123, 'Puput', 2, 34, 'Jl. Silaberanti Lorong Jeruk No 23', 'Plaju', 'Palembang'),
(124, 'Nopan', 1, 15, 'Jl. Silaberanti Lorong Mangga No 22', 'Plaju', 'Palembang'),
(125, 'Ari', 1, 39, 'Jl. Silaberanti Lorong Manggis No 80', 'Plaju', 'Palembang'),
(126, 'Ilham', 1, 26, 'Jl. Banten I, lorong Buah No 11', 'Plaju', 'Palembang'),
(127, 'Faris', 1, 46, 'Jl. Banten II, lorong Sayur No 12', 'Plaju', 'Palembang'),
(128, 'Yuga', 1, 10, 'Jl. Banten III, lorong Sejahtera No 13', 'Plaju', 'Palembang'),
(129, 'Fatoni', 1, 10, 'Jl. Banten IV, lorong family 2 No 14', 'Plaju', 'Palembang'),
(130, 'Reza', 1, 49, 'Jl. Penghubung Prabumulih-indralaya No 23', 'Ogan Ilir', 'Palembang'),
(131, 'Yaya', 1, 29, 'Jl. Banten V, lorong Keluarga No 16', 'Plaju', 'Palembang'),
(132, 'Rama', 1, 34, 'Jl. Banten V, lorong Keluarga No 17', 'Plaju', 'Palembang'),
(133, 'Lily', 2, 13, 'Jl. Banten V, lorong Keluarga No 18', 'Sembawa', 'Palembang'),
(134, 'Nila', 2, 19, 'Jl. Kihajar Dewantara Rt/Rw :006/002 No.2', 'Muara Sugihan', 'Palembang'),
(135, 'Julika', 2, 42, 'Jl. Way hitam, lorong family 4 No 50', 'Pakjo', 'Palembang'),
(136, 'Riskya', 2, 45, 'Jl. Alang-alang lebar, KM 11', 'AAL', 'Palembang'),
(137, 'Deta', 2, 13, 'Jl. Puncak Sekuning, No 22', 'Ilir Barat 1', 'Palembang'),
(138, 'Yudha', 1, 51, 'Jl. Puncak Sekuning, No 23', 'Ilir Barat 1', 'Palembang'),
(139, 'Yoga', 1, 15, 'Jl. Banten V, lorong Keluarga No 24', 'Plaju', 'Palembang'),
(140, 'Candra', 1, 36, 'Jl. Way hitam, lorong family 2 No 81', 'Pakjo', 'Palembang'),
(141, 'Afif', 1, 52, 'Jl. Banten V, lorong Keluarga No 26', 'Plaju', 'Palembang'),
(142, 'Galang', 1, 26, 'Jl. Simpang Dogan Kenten Laut No 33', 'Kenten', 'Palembang'),
(143, 'Pertiwi', 2, 35, 'Jl. Banten V, lorong Keluarga No 28', 'Plaju', 'Palembang'),
(144, 'Susi', 2, 17, 'Jl. Banten V, lorong Keluarga No 29', 'Plaju', 'Palembang'),
(145, 'Anggun', 2, 45, 'Jl. Perumnas Sako Lorong Mangga No 45', 'Sako', 'Palembang'),
(146, 'Umam', 1, 11, 'Jl. Banten V, lorong Keluarga No 31', 'Plaju', 'Palembang'),
(147, 'Pudin', 1, 52, 'Jl. Soekamto Lorong Sejahtera No 45', 'Perumnas', 'Palembang'),
(148, 'Perli', 1, 18, 'Jl. Banten V, lorong Keluarga No 33', 'Plaju', 'Palembang'),
(149, 'Giovanni', 1, 50, 'Jl. Banten V, lorong Keluarga No 34', 'Plaju', 'Palembang'),
(150, 'Irma', 2, 23, 'Jl. Kihajar Dewantara Rt/Rw :004/002 No.2', 'Muara Sugihan', 'Palembang'),
(151, 'Sari', 2, 30, 'Jl. Kihajar Dewantara Rt/Rw :002/002 No.3', 'Muara Sugihan', 'Palembang'),
(152, 'Fitriyati', 2, 43, 'Jl. Kihajar Dewantara Rt/Rw :002/002 No.4', 'Muara Sugihan', 'Palembang'),
(153, 'Septi', 2, 45, 'Jl. Banten V, lorong Keluarga No 38', 'Plaju', 'Palembang'),
(154, 'Yandi', 1, 48, 'Jl. Penghubung Muara Enim - Lahat No 99', 'Muara Enim', 'Palembang'),
(155, 'Novi', 2, 11, 'Jl. Kihajar Dewantara Rt/Rw :002/002 No.1', 'Muara Sugihan', 'Palembang'),
(156, 'Anne ', 2, 18, 'Jl. Banten V, lorong Keluarga No 41', 'Plaju', 'Palembang'),
(157, 'Rufaidah', 2, 26, 'Jl. Banten V, lorong Keluarga No 42', 'Plaju', 'Palembang'),
(158, 'Agustin', 2, 30, 'Jl. Kihajar Dewantara Rt/Rw :002/001', 'Muara Sugihan', 'Palembang'),
(159, 'Farida', 2, 42, 'Jl. Kihajar Dewantara Rt/Rw :002/002 No.22', 'Muara Sugihan', 'Palembang'),
(160, 'Farid', 1, 22, 'Jl. Kihajar Dewantara Rt/Rw :002/002 No.23', 'Muara Sugihan', 'Palembang'),
(161, 'Lihun', 1, 24, 'Jl. Kihajar Dewantara Rt/Rw :002/002 No.24', 'Muara Sugihan', 'Palembang'),
(162, 'Ainun', 1, 29, 'Jl. Kihajar Dewantara Rt/Rw :002/002 No.25', 'Muara Sugihan', 'Palembang'),
(163, 'Najib', 1, 10, 'Jl. Kihajar Dewantara Rt/Rw :002/002 No.26', 'Muara Sugihan', 'Palembang'),
(164, 'Matinun', 1, 40, 'Jl. Kihajar Dewantara Rt/Rw :002/002 No.27', 'Muara Sugihan', 'Palembang'),
(165, 'Amin', 1, 36, 'Jl. Kihajar Dewantara Rt/Rw :002/002 No.28', 'Muara Sugihan', 'Palembang'),
(166, 'Ari', 1, 15, 'Jl. Kihajar Dewantara Rt/Rw :002/002 No.29', 'Muara Sugihan', 'Palembang'),
(167, 'Takim', 1, 47, 'Jl. Kihajar Dewantara Rt/Rw :002/002 No.30', 'Muara Sugihan', 'Palembang'),
(168, 'Tekno', 1, 49, 'Jl. Kihajar Dewantara Rt/Rw :002/002 No.31', 'Muara Sugihan', 'Palembang'),
(169, 'Mahmudi', 1, 20, 'Jl. Kihajar Dewantara Rt/Rw :002/002 No.32', 'Muara Sugihan', 'Palembang'),
(170, 'Arep', 1, 39, 'Jl. Kihajar Dewantara Rt/Rw :002/002 No.33', 'Muara Sugihan', 'Palembang'),
(171, 'Umi', 2, 32, 'Jl. Kihajar Dewantara Rt/Rw :002/002 No.34', 'Muara Sugihan', 'Palembang'),
(172, 'Tria', 2, 39, 'Jl. Kihajar Dewantara Rt/Rw :002/002 No.35', 'Muara Sugihan', 'Palembang'),
(173, 'Atun', 2, 18, 'Jl. Kihajar Dewantara Rt/Rw :002/002 No.36', 'Muara Sugihan', 'Palembang'),
(174, 'Mul', 1, 30, 'Jl. Kihajar Dewantara Rt/Rw :002/002 No.37', 'Muara Sugihan', 'Palembang'),
(175, 'Khotim', 2, 14, 'Jl. Kihajar Dewantara Rt/Rw :002/002 No.38', 'Muara Sugihan', 'Palembang'),
(176, 'Wahid', 1, 19, 'Jl. Kihajar Dewantara Rt/Rw :002/002 No.39', 'Muara Sugihan', 'Palembang'),
(177, 'Bambang', 1, 44, 'Jl. Opi V, Jaka Baring Komplek Permata Indah No 2', 'Opi', 'Palembang'),
(178, 'Pamungkas', 1, 33, 'Jl. Opi V, Jaka Baring Komplek Permata Indah No 3', 'Opi', 'Palembang'),
(179, 'Aan ', 1, 39, 'Jl. Banten V, lorong Keluarga No 64', 'Empat Lawang', 'Palembang'),
(180, 'Megi', 1, 14, 'Jl. Rambutan V, lorong Manggis No 65', 'Rambutan', 'Palembang'),
(181, 'Gagar', 1, 32, 'Jl. Banten V, lorong Keluarga No 66', 'Muara Enim', 'Palembang'),
(182, 'Farvin', 1, 13, 'Jl. Kihajar Dewantara Rt/Rw :002/002 No.38', 'Muara Sugihan', 'Palembang'),
(183, 'Sukirman', 1, 39, 'Jl. Kihajar Dewantara Rt/Rw :002/002 No.39', 'Muara Sugihan', 'Palembang'),
(184, 'Tanem', 1, 38, 'Jl. Kihajar Dewantara Rt/Rw :002/002 No.40', 'Muara Sugihan', 'Palembang'),
(185, 'Eri', 1, 32, 'Jl. Kihajar Dewantara Rt/Rw :002/002 No.41', 'Muara Sugihan', 'Palembang'),
(186, 'Burhan', 1, 34, 'Jl. Kihajar Dewantara Rt/Rw :002/002 No.42', 'Muara Sugihan', 'Palembang'),
(187, 'Mita', 2, 40, 'Jl. Kihajar Dewantara Rt/Rw :002/002 No.43', 'Muara Sugihan', 'Palembang'),
(188, 'Uswa', 2, 17, 'Jl. Perumnas Talang Kelapa Hijau 2 No.11', 'AAL', 'Palembang'),
(189, 'Solikin', 1, 26, 'Jl. Kihajar Dewantara Rt/Rw :002/002 No.43', 'Muara Sugihan', 'Palembang'),
(190, 'Samsudin', 1, 47, 'Jl. Kihajar Dewantara Rt/Rw :002/002 No.44', 'Muara Sugihan', 'Palembang'),
(191, 'Anik', 2, 37, 'Jl. Kihajar Dewantara Rt/Rw :002/002 No.45', 'Muara Sugihan', 'Palembang'),
(192, 'Fahri', 1, 53, 'Jl. Kihajar Dewantara Rt/Rw :002/002 No.46', 'Muara Sugihan', 'Palembang'),
(193, 'Tyas', 2, 21, 'Jl. Kihajar Dewantara Rt/Rw :002/002 No.47', 'Muara Sugihan', 'Palembang'),
(194, 'Cilla', 2, 16, 'Jl. Kihajar Dewantara Rt/Rw :002/002 No.48', 'Muara Sugihan', 'Palembang'),
(195, 'Khamid', 1, 44, 'Jl. Kihajar Dewantara Rt/Rw :002/002 No.49', 'Muara Sugihan', 'Palembang'),
(196, 'Mayar', 1, 11, 'Jl. Kihajar Dewantara Rt/Rw :002/002 No.50', 'Muara Sugihan', 'Palembang'),
(197, 'Mujib', 1, 37, 'Jl. Kihajar Dewantara Rt/Rw :002/002 No.51', 'Muara Sugihan', 'Palembang'),
(198, 'Piroh', 2, 29, 'Jl. Kihajar Dewantara Rt/Rw :002/002 No.52', 'Muara Sugihan', 'Palembang'),
(199, 'Lamidi', 1, 18, 'Jl. Kihajar Dewantara Rt/Rw :002/002 No.53', 'Muara Sugihan', 'Palembang'),
(200, 'Agung', 1, 42, 'Jl. Kihajar Dewantara Rt/Rw :002/002 No.54', 'Muara Sugihan', 'Palembang');

-- --------------------------------------------------------

--
-- Table structure for table `fact_penjualan_obat`
--

CREATE TABLE `fact_penjualan_obat` (
  `id_obat` int(1) NOT NULL,
  `id_pembeli` int(1) NOT NULL,
  `id_satuan` int(1) NOT NULL,
  `id_gender` int(1) NOT NULL,
  `id_range_umur` int(1) NOT NULL,
  `jml_pembelian` int(11) NOT NULL,
  `total_bayar` decimal(11,0) NOT NULL,
  `tanggal` date NOT NULL
) ENGINE=InnoDB DEFAULT CHARSET=latin1;

--
-- Dumping data for table `fact_penjualan_obat`
--

INSERT INTO `fact_penjualan_obat` (`id_obat`, `id_pembeli`, `id_satuan`, `id_gender`, `id_range_umur`, `jml_pembelian`, `total_bayar`, `tanggal`) VALUES
(1, 184, 1, 1, 1, 1, '29040', '2017-01-03'),
(2, 129, 1, 1, 3, 3, '87120', '2017-01-03'),
(3, 4, 2, 1, 2, 2, '20800', '2017-01-03'),
(4, 163, 1, 1, 3, 2, '39776', '2017-01-04'),
(5, 158, 1, 2, 1, 3, '22392', '2017-01-03'),
(6, 104, 1, 1, 1, 3, '32868', '2017-01-04'),
(7, 52, 3, 2, 1, 1, '995', '2017-01-04'),
(8, 15, 1, 1, 2, 3, '83013', '2017-01-04'),
(9, 116, 1, 2, 2, 1, '37754', '2017-01-04'),
(10, 97, 1, 1, 3, 3, '25311', '2017-01-04'),
(11, 7, 4, 2, 1, 1, '591', '2017-01-05'),
(12, 95, 4, 1, 1, 1, '119', '2017-01-05'),
(13, 7, 1, 2, 1, 3, '9900', '2017-01-05'),
(14, 153, 5, 2, 2, 2, '233658', '2017-01-05'),
(15, 108, 5, 2, 2, 2, '77868', '2017-01-05'),
(16, 40, 5, 1, 1, 1, '16705', '2017-01-06'),
(17, 35, 5, 2, 1, 2, '80244', '2017-01-06'),
(18, 41, 6, 1, 1, 2, '33952', '2017-01-06'),
(19, 183, 7, 1, 1, 1, '4687', '2017-01-06'),
(20, 74, 1, 1, 1, 2, '33718', '2017-01-06'),
(21, 46, 1, 1, 1, 2, '20156', '2017-01-07'),
(22, 83, 1, 1, 1, 2, '36686', '2017-01-07'),
(23, 61, 7, 1, 3, 2, '5870', '2017-01-07'),
(24, 84, 4, 1, 3, 1, '509', '2017-01-07'),
(25, 189, 2, 1, 1, 3, '13125', '2017-01-07'),
(26, 66, 1, 1, 1, 3, '61200', '2017-01-07'),
(27, 151, 1, 2, 1, 3, '127650', '2017-01-07'),
(28, 74, 1, 1, 1, 3, '127650', '2017-01-09'),
(29, 141, 2, 1, 2, 3, '11865', '2017-01-09'),
(30, 155, 1, 2, 3, 3, '25428', '2017-01-09'),
(2, 88, 1, 2, 1, 3, '87120', '2017-01-09'),
(3, 151, 2, 2, 1, 1, '10400', '2017-01-10'),
(31, 43, 1, 2, 3, 1, '9000', '2017-01-10'),
(32, 151, 1, 2, 1, 1, '50600', '2017-01-10'),
(33, 162, 7, 1, 1, 2, '23690', '2017-01-10'),
(34, 135, 1, 2, 1, 3, '16578', '2017-01-10'),
(35, 186, 1, 1, 1, 2, '20556', '2017-01-10'),
(36, 25, 5, 1, 1, 2, '17710', '2017-01-10'),
(37, 180, 7, 1, 3, 2, '3516', '2017-01-11'),
(37, 54, 7, 1, 2, 2, '3516', '2017-01-11'),
(1, 38, 1, 1, 2, 3, '87120', '2017-01-11'),
(11, 128, 4, 1, 3, 1, '591', '2017-01-11'),
(12, 83, 4, 1, 1, 3, '357', '2017-01-11'),
(38, 24, 1, 1, 3, 1, '3000', '2017-01-11'),
(36, 153, 5, 2, 2, 3, '26565', '2017-01-11'),
(1, 86, 1, 1, 1, 1, '29040', '2017-01-11'),
(39, 163, 5, 1, 3, 3, '39708', '2017-01-12'),
(40, 199, 7, 1, 3, 3, '16737', '2017-01-12'),
(21, 96, 1, 1, 3, 3, '30234', '2017-01-12'),
(22, 199, 1, 1, 3, 3, '55029', '2017-01-12'),
(41, 86, 1, 1, 1, 3, '30189', '2017-01-12'),
(42, 92, 5, 1, 1, 3, '18750', '2017-01-12'),
(43, 128, 1, 1, 3, 3, '25290', '2017-01-13'),
(42, 34, 5, 2, 1, 3, '18750', '2017-01-13'),
(43, 10, 1, 1, 3, 1, '8430', '2017-01-13'),
(26, 146, 1, 1, 3, 2, '40800', '2017-01-13'),
(27, 164, 1, 1, 1, 3, '127650', '2017-01-13'),
(44, 49, 2, 1, 1, 3, '7215', '2017-01-13'),
(45, 111, 1, 1, 1, 3, '12462', '2017-01-13'),
(46, 19, 7, 1, 1, 1, '4715', '2017-01-14'),
(47, 9, 2, 1, 1, 1, '12036', '2017-01-14'),
(30, 77, 1, 1, 1, 1, '8476', '2017-01-14'),
(28, 63, 1, 1, 1, 1, '42550', '2017-01-14'),
(29, 14, 2, 1, 1, 2, '7910', '2017-01-14'),
(30, 23, 1, 2, 1, 2, '16952', '2017-01-14'),
(2, 192, 1, 1, 2, 3, '87120', '2017-01-16'),
(3, 196, 2, 1, 3, 3, '31200', '2017-01-16'),
(31, 73, 1, 2, 1, 2, '18000', '2017-01-16'),
(32, 137, 1, 2, 3, 1, '50600', '2017-01-16'),
(33, 10, 7, 1, 3, 1, '11845', '2017-01-16'),
(34, 10, 1, 1, 3, 2, '11052', '2017-01-16'),
(35, 146, 1, 1, 3, 3, '30834', '2017-01-16'),
(36, 48, 5, 1, 2, 1, '8855', '2017-01-16'),
(37, 14, 7, 1, 1, 2, '3516', '2017-01-16'),
(37, 130, 7, 1, 2, 1, '1758', '2017-01-17'),
(1, 35, 1, 2, 1, 2, '58080', '2017-01-17'),
(11, 129, 4, 1, 3, 2, '1182', '2017-01-17'),
(12, 118, 4, 1, 1, 3, '357', '2017-01-17'),
(38, 100, 1, 1, 2, 2, '6000', '2017-01-17'),
(36, 22, 5, 2, 1, 2, '17710', '2017-01-17'),
(1, 51, 1, 2, 1, 2, '58080', '2017-01-18'),
(39, 76, 5, 1, 1, 3, '39708', '2017-01-18'),
(40, 187, 7, 2, 1, 3, '16737', '2017-01-18'),
(21, 110, 1, 1, 1, 3, '30234', '2017-01-18'),
(28, 189, 1, 1, 1, 3, '127650', '2017-01-18'),
(29, 113, 2, 1, 1, 3, '11865', '2017-01-18'),
(30, 194, 1, 2, 3, 1, '8476', '2017-01-18'),
(2, 11, 1, 1, 1, 3, '87120', '2017-01-18'),
(3, 175, 2, 2, 3, 3, '31200', '2017-01-19'),
(31, 141, 1, 1, 2, 3, '27000', '2017-01-19'),
(32, 131, 1, 1, 1, 3, '151800', '2017-01-19'),
(33, 61, 7, 1, 3, 2, '23690', '2017-01-19'),
(34, 133, 1, 2, 3, 3, '16578', '2017-01-19'),
(35, 156, 1, 2, 3, 2, '20556', '2017-01-19'),
(36, 75, 5, 2, 1, 1, '8855', '2017-01-20'),
(48, 54, 1, 1, 2, 2, '9250', '2017-01-20'),
(49, 168, 1, 1, 2, 1, '10125', '2017-01-20'),
(30, 65, 1, 1, 1, 2, '16952', '2017-01-20'),
(2, 147, 1, 1, 2, 3, '87120', '2017-01-20'),
(35, 113, 1, 1, 1, 3, '30834', '2017-01-20'),
(36, 103, 5, 1, 1, 1, '8855', '2017-01-21'),
(48, 16, 1, 2, 1, 1, '4625', '2017-01-21'),
(43, 21, 1, 2, 3, 2, '16860', '2017-01-21'),
(26, 154, 1, 1, 2, 2, '40800', '2017-01-21'),
(27, 100, 1, 1, 2, 2, '85100', '2017-01-21'),
(44, 110, 2, 1, 1, 3, '7215', '2017-01-21'),
(45, 97, 1, 1, 3, 3, '12462', '2017-01-21'),
(31, 131, 1, 1, 1, 1, '9000', '2017-01-21'),
(32, 56, 1, 2, 3, 1, '50600', '2017-01-23'),
(33, 149, 7, 1, 2, 1, '11845', '2017-01-23'),
(48, 79, 1, 1, 1, 1, '4625', '2017-01-23'),
(49, 182, 1, 1, 3, 3, '30360', '2017-01-23'),
(36, 37, 5, 2, 2, 3, '26565', '2017-01-23'),
(50, 35, 5, 2, 1, 3, '26565', '2017-01-23'),
(51, 32, 1, 1, 2, 2, '22770', '2017-01-24'),
(2, 53, 1, 2, 1, 2, '58080', '2017-01-24'),
(3, 7, 2, 2, 1, 2, '20800', '2017-01-24'),
(4, 34, 1, 2, 1, 3, '59664', '2017-01-24'),
(52, 100, 1, 1, 2, 2, '20126', '2017-01-25'),
(53, 48, 1, 1, 2, 3, '294930', '2017-01-25'),
(54, 11, 1, 1, 1, 3, '92400', '2017-01-25'),
(55, 24, 4, 1, 3, 2, '5280', '2017-01-25'),
(42, 152, 5, 2, 1, 3, '18750', '2017-01-25'),
(43, 146, 1, 1, 3, 2, '16860', '2017-01-25'),
(33, 1, 7, 1, 1, 2, '23690', '2017-01-26'),
(34, 11, 1, 1, 1, 2, '11052', '2017-01-26'),
(35, 64, 1, 1, 1, 1, '10278', '2017-01-26'),
(36, 160, 5, 1, 1, 1, '8855', '2017-01-26'),
(37, 65, 7, 1, 1, 3, '5274', '2017-01-26'),
(37, 180, 7, 1, 3, 3, '5274', '2017-01-26'),
(1, 180, 1, 1, 3, 2, '58080', '2017-01-26'),
(11, 15, 4, 1, 2, 3, '1773', '2017-01-27'),
(12, 101, 4, 1, 1, 1, '119', '2017-01-27'),
(38, 162, 1, 1, 1, 3, '9000', '2017-01-27'),
(36, 27, 5, 1, 1, 3, '26565', '2017-01-27'),
(1, 41, 1, 1, 1, 3, '87120', '2017-01-27'),
(39, 196, 5, 1, 3, 2, '26472', '2017-01-27'),
(40, 176, 7, 1, 3, 3, '16737', '2017-01-30'),
(21, 167, 1, 1, 2, 2, '20156', '2017-01-30'),
(22, 138, 1, 1, 2, 2, '36686', '2017-01-30'),
(41, 107, 1, 2, 1, 3, '30189', '2017-01-30'),
(11, 155, 4, 2, 3, 1, '591', '2017-01-30'),
(12, 96, 4, 1, 3, 3, '357', '2017-01-30'),
(38, 108, 1, 2, 2, 1, '3000', '2017-01-30'),
(36, 24, 5, 1, 3, 2, '17710', '2017-01-31'),
(1, 35, 1, 2, 1, 3, '87120', '2017-01-31'),
(39, 141, 5, 1, 2, 2, '26472', '2017-01-31'),
(40, 66, 7, 1, 1, 3, '16737', '2017-01-31'),
(21, 99, 1, 1, 1, 2, '20156', '2017-01-31'),
(43, 100, 1, 1, 2, 2, '16860', '2017-02-01'),
(33, 100, 7, 1, 2, 1, '11845', '2017-02-01'),
(34, 52, 1, 2, 1, 1, '5526', '2017-02-01'),
(35, 15, 1, 1, 2, 1, '10278', '2017-02-01'),
(36, 66, 5, 1, 1, 2, '17710', '2017-02-01'),
(4, 126, 1, 1, 1, 3, '59664', '2017-02-01'),
(5, 42, 1, 1, 1, 3, '22392', '2017-02-02'),
(6, 199, 1, 1, 3, 2, '21912', '2017-02-02'),
(7, 52, 3, 2, 1, 3, '2985', '2017-02-02'),
(8, 74, 1, 1, 1, 2, '55342', '2017-02-02'),
(9, 158, 1, 2, 1, 2, '75508', '2017-02-02'),
(10, 181, 1, 1, 1, 2, '16874', '2017-02-03'),
(11, 139, 4, 1, 3, 3, '1773', '2017-02-03'),
(12, 67, 4, 1, 2, 1, '119', '2017-02-03'),
(13, 100, 1, 1, 2, 2, '6600', '2017-02-03'),
(14, 41, 5, 1, 1, 2, '233658', '2017-02-03'),
(51, 53, 1, 2, 1, 3, '34155', '2017-02-03'),
(56, 114, 1, 1, 1, 3, '21273', '2017-02-03'),
(37, 24, 7, 1, 3, 3, '5274', '2017-02-04'),
(1, 129, 1, 1, 3, 1, '29040', '2017-02-04'),
(2, 120, 1, 1, 2, 2, '58080', '2017-02-04'),
(3, 34, 2, 2, 1, 2, '20800', '2017-02-04'),
(4, 112, 1, 2, 1, 3, '59664', '2017-02-04'),
(5, 99, 1, 1, 1, 1, '7464', '2017-02-06'),
(11, 153, 4, 2, 2, 1, '591', '2017-02-06'),
(12, 172, 4, 2, 1, 1, '119', '2017-02-06'),
(38, 86, 1, 1, 1, 2, '6000', '2017-02-06'),
(36, 18, 5, 1, 2, 3, '26565', '2017-02-06'),
(19, 45, 7, 2, 1, 1, '4687', '2017-02-06'),
(20, 134, 1, 2, 3, 3, '50577', '2017-02-06'),
(21, 49, 1, 1, 1, 2, '20156', '2017-02-07'),
(22, 48, 1, 1, 2, 1, '18343', '2017-02-07'),
(39, 189, 5, 1, 1, 2, '20126', '2017-02-07'),
(40, 97, 7, 1, 3, 2, '11158', '2017-02-07'),
(21, 198, 1, 2, 1, 3, '30234', '2017-02-07'),
(22, 125, 1, 1, 1, 3, '55029', '2017-02-07'),
(41, 1, 1, 1, 1, 3, '30189', '2017-02-07'),
(42, 95, 5, 1, 1, 3, '18750', '2017-02-08'),
(43, 64, 1, 1, 1, 3, '25290', '2017-02-08'),
(42, 83, 5, 1, 1, 2, '12500', '2017-02-08'),
(26, 3, 1, 1, 2, 1, '20400', '2017-02-08'),
(27, 109, 1, 1, 1, 1, '42550', '2017-02-08'),
(28, 3, 1, 1, 2, 2, '85100', '2017-02-08'),
(29, 14, 2, 1, 1, 2, '7910', '2017-02-09'),
(43, 51, 1, 2, 1, 2, '16860', '2017-02-09'),
(33, 110, 7, 1, 1, 1, '11845', '2017-02-09'),
(34, 69, 1, 1, 2, 1, '5526', '2017-02-09'),
(35, 2, 1, 1, 1, 2, '20556', '2017-02-09'),
(36, 162, 5, 1, 1, 3, '26565', '2017-02-09'),
(37, 79, 7, 1, 1, 3, '5274', '2017-02-10'),
(37, 23, 7, 2, 1, 3, '5274', '2017-02-10'),
(1, 124, 1, 1, 3, 3, '87120', '2017-02-10'),
(11, 60, 4, 1, 1, 3, '1773', '2017-02-10'),
(12, 186, 4, 1, 1, 1, '119', '2017-02-10'),
(38, 30, 1, 2, 1, 1, '3000', '2017-02-10'),
(36, 198, 5, 2, 1, 3, '26565', '2017-02-10'),
(1, 170, 1, 1, 1, 3, '87120', '2017-02-11'),
(39, 92, 5, 1, 1, 2, '26472', '2017-02-11'),
(20, 184, 1, 1, 1, 3, '50577', '2017-02-11'),
(57, 117, 2, 2, 3, 3, '43683', '2017-02-11'),
(54, 150, 1, 2, 1, 1, '30800', '2017-02-11'),
(55, 193, 4, 2, 1, 2, '5280', '2017-02-11'),
(42, 94, 5, 2, 2, 1, '6250', '2017-02-13'),
(43, 187, 1, 2, 1, 3, '25290', '2017-02-13'),
(31, 125, 1, 1, 1, 1, '9000', '2017-02-13'),
(32, 158, 1, 2, 1, 3, '151800', '2017-02-13'),
(33, 165, 7, 1, 1, 3, '35535', '2017-02-13'),
(48, 64, 1, 1, 1, 2, '9250', '2017-02-13'),
(49, 106, 1, 2, 2, 3, '30360', '2017-02-13'),
(36, 22, 5, 2, 1, 2, '17710', '2017-02-14'),
(50, 70, 5, 1, 1, 2, '17710', '2017-02-14'),
(51, 49, 1, 1, 1, 3, '34155', '2017-02-14'),
(56, 42, 1, 1, 1, 2, '14182', '2017-02-14'),
(37, 14, 7, 1, 1, 1, '1758', '2017-02-14'),
(1, 34, 1, 2, 1, 1, '29040', '2017-02-14'),
(2, 110, 1, 1, 1, 3, '87120', '2017-02-14'),
(3, 195, 2, 1, 1, 1, '10400', '2017-02-14'),
(4, 125, 1, 1, 1, 1, '19888', '2017-02-16'),
(5, 88, 1, 2, 1, 2, '14928', '2017-02-16'),
(6, 46, 1, 1, 1, 1, '10956', '2017-02-16'),
(7, 46, 3, 1, 1, 1, '995', '2017-02-16'),
(8, 169, 1, 1, 1, 1, '27671', '2017-02-17'),
(9, 13, 1, 1, 1, 3, '113262', '2017-02-17'),
(10, 30, 1, 2, 1, 2, '16874', '2017-02-17'),
(11, 14, 4, 1, 1, 3, '1773', '2017-02-17'),
(12, 36, 4, 2, 2, 3, '357', '2017-02-17'),
(13, 152, 1, 2, 1, 3, '9900', '2017-02-18'),
(14, 175, 5, 2, 3, 3, '350487', '2017-02-18'),
(15, 134, 5, 2, 3, 3, '116802', '2017-02-18'),
(16, 8, 5, 2, 2, 3, '50115', '2017-02-18'),
(17, 68, 5, 1, 2, 3, '120366', '2017-02-18'),
(18, 57, 6, 2, 3, 1, '16976', '2017-02-18'),
(19, 108, 7, 2, 2, 2, '9374', '2017-02-18'),
(20, 1, 1, 1, 1, 3, '50577', '2017-02-18'),
(21, 63, 1, 1, 1, 3, '30234', '2017-02-18'),
(22, 108, 1, 2, 2, 2, '36686', '2017-02-20'),
(23, 150, 7, 2, 1, 3, '8805', '2017-02-20'),
(24, 111, 4, 1, 1, 2, '1018', '2017-02-20'),
(25, 128, 2, 1, 3, 1, '4375', '2017-02-20'),
(26, 68, 1, 1, 2, 1, '20400', '2017-02-20'),
(27, 131, 1, 1, 1, 3, '127650', '2017-02-21'),
(28, 34, 1, 2, 1, 1, '42550', '2017-02-21'),
(29, 94, 2, 2, 2, 3, '11865', '2017-02-21'),
(30, 52, 1, 2, 1, 3, '25428', '2017-02-21'),
(2, 5, 1, 2, 1, 2, '58080', '2017-02-22'),
(3, 133, 2, 2, 3, 3, '31200', '2017-02-22'),
(31, 166, 1, 1, 3, 3, '27000', '2017-02-22'),
(32, 166, 1, 1, 3, 1, '50600', '2017-02-22'),
(33, 62, 7, 1, 2, 1, '11845', '2017-02-23'),
(34, 146, 1, 1, 3, 1, '5526', '2017-02-23'),
(35, 117, 1, 2, 3, 1, '10278', '2017-02-23'),
(36, 180, 5, 1, 3, 2, '17710', '2017-02-23'),
(37, 5, 7, 2, 1, 2, '3516', '2017-02-23'),
(37, 14, 7, 1, 1, 3, '5274', '2017-02-23'),
(1, 100, 1, 1, 2, 2, '58080', '2017-02-24'),
(11, 174, 4, 1, 1, 2, '1182', '2017-02-24'),
(12, 117, 4, 2, 3, 1, '119', '2017-02-24'),
(38, 113, 1, 1, 1, 1, '3000', '2017-02-24'),
(36, 61, 5, 1, 3, 2, '17710', '2017-02-24'),
(1, 33, 1, 2, 1, 3, '87120', '2017-02-25'),
(39, 71, 5, 2, 3, 3, '39708', '2017-02-25'),
(40, 63, 7, 1, 1, 1, '5579', '2017-02-25'),
(21, 172, 1, 2, 1, 1, '10078', '2017-02-25'),
(22, 182, 1, 1, 3, 2, '36686', '2017-02-25'),
(41, 20, 1, 1, 1, 2, '20126', '2017-02-27'),
(42, 30, 5, 2, 1, 3, '18750', '2017-02-27'),
(43, 157, 1, 2, 1, 3, '25290', '2017-02-27'),
(42, 154, 5, 1, 2, 1, '6250', '2017-02-27'),
(43, 156, 1, 2, 3, 1, '8430', '2017-02-27'),
(26, 113, 1, 1, 1, 2, '40800', '2017-02-28'),
(27, 24, 1, 1, 3, 1, '42550', '2017-02-28'),
(44, 196, 2, 1, 3, 3, '7215', '2017-02-28'),
(45, 121, 1, 2, 2, 3, '12462', '2017-02-28'),
(46, 54, 7, 1, 2, 2, '9430', '2017-02-28'),
(47, 100, 2, 1, 2, 1, '12036', '2017-02-28'),
(30, 197, 1, 1, 1, 2, '16952', '2017-03-01'),
(28, 181, 1, 1, 1, 3, '127650', '2017-03-01'),
(29, 122, 2, 2, 1, 1, '3955', '2017-03-01'),
(30, 35, 1, 2, 1, 3, '25428', '2017-03-01'),
(2, 192, 1, 1, 2, 2, '58080', '2017-03-02'),
(3, 92, 2, 1, 1, 3, '31200', '2017-03-02'),
(31, 10, 1, 1, 3, 2, '18000', '2017-03-02'),
(32, 17, 1, 2, 1, 1, '50600', '2017-03-02'),
(33, 109, 7, 1, 1, 3, '35535', '2017-03-02'),
(34, 186, 1, 1, 1, 3, '16578', '2017-03-02'),
(35, 28, 1, 1, 1, 3, '30834', '2017-03-03'),
(36, 139, 5, 1, 3, 1, '8855', '2017-03-03'),
(37, 93, 7, 2, 3, 3, '5274', '2017-03-03'),
(37, 76, 7, 1, 1, 3, '5274', '2017-03-03'),
(1, 166, 1, 1, 3, 3, '87120', '2017-03-03'),
(11, 163, 4, 1, 3, 1, '591', '2017-03-03'),
(12, 18, 4, 1, 2, 2, '238', '2017-03-04'),
(38, 157, 1, 2, 1, 3, '9000', '2017-03-04'),
(36, 101, 5, 1, 1, 1, '8855', '2017-03-04'),
(1, 94, 1, 2, 2, 2, '58080', '2017-03-04'),
(39, 97, 5, 1, 3, 3, '39708', '2017-03-04'),
(40, 30, 7, 2, 1, 3, '16737', '2017-03-06'),
(21, 80, 1, 1, 1, 3, '30234', '2017-03-06'),
(28, 120, 1, 1, 2, 1, '42550', '2017-03-06'),
(29, 5, 2, 2, 1, 2, '7910', '2017-03-06'),
(30, 60, 1, 1, 1, 2, '16952', '2017-03-06'),
(2, 102, 1, 1, 2, 3, '87120', '2017-03-06'),
(3, 83, 2, 1, 1, 3, '31200', '2017-03-07'),
(31, 158, 1, 2, 1, 3, '27000', '2017-03-07'),
(32, 18, 1, 1, 2, 1, '50600', '2017-03-07'),
(33, 3, 7, 1, 2, 3, '35535', '2017-03-07'),
(34, 196, 1, 1, 3, 1, '5526', '2017-03-07'),
(35, 138, 1, 1, 2, 1, '10278', '2017-03-08'),
(36, 33, 5, 2, 1, 3, '26565', '2017-03-08'),
(48, 44, 1, 2, 1, 3, '13875', '2017-03-08'),
(49, 118, 1, 1, 1, 3, '30360', '2017-03-08'),
(30, 44, 1, 2, 1, 1, '8476', '2017-03-08'),
(2, 128, 1, 1, 3, 2, '58080', '2017-03-08'),
(35, 159, 1, 2, 1, 1, '10278', '2017-03-09'),
(36, 128, 5, 1, 3, 3, '26565', '2017-03-09'),
(48, 190, 1, 1, 2, 2, '9250', '2017-03-09'),
(43, 82, 1, 1, 3, 2, '16860', '2017-03-09'),
(26, 22, 1, 2, 1, 3, '61200', '2017-03-09'),
(27, 122, 1, 2, 1, 3, '127650', '2017-03-09'),
(44, 54, 2, 1, 2, 1, '2405', '2017-03-10'),
(45, 188, 1, 2, 3, 1, '4154', '2017-03-10'),
(31, 76, 1, 1, 1, 3, '27000', '2017-03-10'),
(32, 19, 1, 1, 1, 1, '50600', '2017-03-10'),
(33, 15, 7, 1, 2, 1, '11845', '2017-03-10'),
(48, 77, 1, 1, 1, 3, '13875', '2017-03-10'),
(49, 2, 1, 1, 1, 2, '20240', '2017-03-11'),
(36, 198, 5, 2, 1, 1, '8855', '2017-03-11'),
(50, 196, 5, 1, 3, 1, '8855', '2017-03-11'),
(51, 138, 1, 1, 2, 3, '34155', '2017-03-11'),
(2, 125, 1, 1, 1, 3, '87120', '2017-03-13'),
(3, 153, 2, 2, 2, 2, '20800', '2017-03-13'),
(4, 99, 1, 1, 1, 2, '39776', '2017-03-13'),
(52, 40, 1, 1, 1, 2, '20126', '2017-03-13'),
(53, 151, 1, 2, 1, 1, '98310', '2017-03-13'),
(54, 59, 1, 2, 1, 1, '30800', '2017-03-14'),
(55, 142, 4, 1, 1, 3, '7920', '2017-03-14'),
(42, 45, 5, 2, 1, 3, '18750', '2017-03-14'),
(43, 90, 1, 1, 1, 2, '16860', '2017-03-14'),
(33, 50, 7, 2, 1, 3, '35535', '2017-03-14'),
(34, 57, 1, 2, 3, 1, '5526', '2017-03-15'),
(35, 104, 1, 1, 1, 3, '30834', '2017-03-15'),
(36, 155, 5, 2, 3, 1, '8855', '2017-03-15'),
(37, 48, 7, 1, 2, 1, '1758', '2017-03-15'),
(37, 65, 7, 1, 1, 3, '5274', '2017-03-15'),
(1, 35, 1, 2, 1, 3, '87120', '2017-03-15'),
(41, 188, 1, 2, 3, 1, '10063', '2017-03-16'),
(11, 34, 4, 2, 1, 3, '1773', '2017-03-16'),
(12, 112, 4, 2, 1, 1, '119', '2017-03-16'),
(38, 19, 1, 1, 1, 1, '3000', '2017-03-16'),
(36, 76, 5, 1, 1, 2, '17710', '2017-03-16'),
(1, 170, 1, 1, 1, 3, '87120', '2017-03-17'),
(39, 72, 5, 2, 3, 3, '39708', '2017-03-17'),
(40, 115, 7, 1, 1, 2, '11158', '2017-03-17'),
(21, 105, 1, 2, 2, 2, '20156', '2017-03-17'),
(43, 11, 1, 1, 1, 1, '8430', '2017-03-17'),
(33, 23, 7, 2, 1, 1, '11845', '2017-03-17'),
(34, 80, 1, 1, 1, 1, '5526', '2017-03-18'),
(35, 35, 1, 2, 1, 3, '30834', '2017-03-18'),
(36, 190, 5, 1, 2, 1, '8855', '2017-03-18'),
(4, 137, 1, 2, 3, 1, '19888', '2017-03-18'),
(5, 141, 1, 1, 2, 2, '14928', '2017-03-18'),
(6, 135, 1, 2, 1, 3, '32868', '2017-03-20'),
(7, 8, 3, 2, 2, 2, '1990', '2017-03-20'),
(8, 14, 1, 1, 1, 3, '83013', '2017-03-20'),
(9, 124, 1, 1, 3, 3, '113262', '2017-03-20'),
(10, 27, 1, 1, 1, 2, '16874', '2017-03-21'),
(37, 140, 7, 1, 1, 2, '3516', '2017-03-21'),
(1, 153, 1, 2, 2, 2, '58080', '2017-03-21'),
(11, 83, 4, 1, 1, 3, '1773', '2017-03-21'),
(12, 185, 4, 1, 1, 2, '238', '2017-03-21'),
(38, 74, 1, 1, 1, 3, '9000', '2017-03-22'),
(36, 47, 5, 1, 2, 3, '26565', '2017-03-22'),
(1, 79, 1, 1, 1, 2, '58080', '2017-03-22'),
(39, 58, 5, 2, 1, 3, '39708', '2017-03-22'),
(40, 44, 7, 2, 1, 2, '11158', '2017-03-23'),
(21, 143, 1, 2, 1, 1, '10078', '2017-03-23'),
(22, 43, 1, 2, 3, 2, '36686', '2017-03-23'),
(41, 51, 1, 2, 1, 3, '30189', '2017-03-23'),
(42, 94, 5, 2, 2, 2, '12500', '2017-03-23'),
(43, 45, 1, 2, 1, 1, '8430', '2017-03-24'),
(42, 176, 5, 1, 3, 1, '6250', '2017-03-24'),
(43, 32, 1, 1, 2, 2, '16860', '2017-03-24'),
(26, 185, 1, 1, 1, 3, '61200', '2017-03-24'),
(27, 4, 1, 1, 2, 3, '127650', '2017-03-24'),
(44, 98, 2, 2, 1, 2, '4810', '2017-03-25'),
(45, 143, 1, 2, 1, 2, '8308', '2017-03-25'),
(46, 82, 7, 1, 3, 3, '14145', '2017-03-25'),
(47, 9, 2, 1, 1, 3, '36108', '2017-03-25'),
(30, 82, 1, 1, 3, 2, '16952', '2017-03-25'),
(28, 114, 1, 1, 1, 1, '42550', '2017-03-27'),
(29, 166, 2, 1, 3, 2, '7910', '2017-03-27'),
(30, 135, 1, 2, 1, 1, '8476', '2017-03-27'),
(2, 57, 1, 2, 3, 2, '58080', '2017-03-27'),
(3, 26, 2, 1, 3, 1, '10400', '2017-03-27'),
(6, 51, 1, 2, 1, 2, '21912', '2017-03-27'),
(7, 51, 3, 2, 1, 2, '1990', '2017-03-29'),
(8, 187, 1, 2, 1, 2, '55342', '2017-03-29'),
(9, 34, 1, 2, 1, 1, '37754', '2017-03-29'),
(10, 48, 1, 1, 2, 3, '25311', '2017-03-29'),
(37, 119, 7, 1, 2, 1, '1758', '2017-03-29'),
(1, 120, 1, 1, 2, 3, '87120', '2017-03-29'),
(11, 18, 4, 1, 2, 1, '591', '2017-03-29'),
(12, 33, 4, 2, 1, 3, '357', '2017-03-29'),
(38, 117, 1, 2, 3, 1, '3000', '2017-03-30'),
(36, 120, 5, 1, 2, 3, '26565', '2017-03-30'),
(1, 178, 1, 1, 1, 1, '29040', '2017-03-30'),
(39, 193, 5, 2, 1, 2, '26472', '2017-03-30'),
(40, 33, 7, 2, 1, 1, '5579', '2017-03-30'),
(21, 119, 1, 1, 2, 3, '30234', '2017-03-31'),
(22, 200, 1, 1, 1, 1, '18343', '2017-03-31'),
(41, 54, 1, 1, 2, 1, '10063', '2017-03-31'),
(42, 130, 5, 1, 2, 2, '12500', '2017-03-31'),
(43, 171, 1, 2, 1, 2, '16860', '2017-03-31'),
(42, 10, 5, 1, 3, 3, '18750', '2017-04-01'),
(43, 48, 1, 1, 2, 2, '16860', '2017-04-01'),
(26, 50, 1, 2, 1, 3, '61200', '2017-04-01'),
(27, 7, 1, 2, 1, 3, '127650', '2017-04-01'),
(3, 147, 2, 1, 2, 3, '31200', '2017-04-01'),
(4, 35, 1, 2, 1, 1, '19888', '2017-04-03'),
(5, 16, 1, 2, 1, 3, '22392', '2017-04-03'),
(6, 70, 1, 1, 1, 3, '32868', '2017-04-03'),
(7, 76, 3, 1, 1, 3, '2985', '2017-04-03'),
(8, 200, 1, 1, 1, 3, '83013', '2017-04-04'),
(9, 114, 1, 1, 1, 2, '75508', '2017-04-04'),
(10, 58, 1, 2, 1, 1, '8437', '2017-04-04'),
(11, 189, 4, 1, 1, 1, '591', '2017-04-04'),
(12, 95, 4, 1, 1, 1, '119', '2017-04-04'),
(13, 182, 1, 1, 3, 3, '9900', '2017-04-04'),
(14, 42, 5, 1, 1, 3, '350487', '2017-04-05'),
(15, 53, 5, 2, 1, 2, '77868', '2017-04-05'),
(16, 105, 5, 2, 2, 3, '50115', '2017-04-05'),
(17, 140, 5, 1, 1, 1, '40122', '2017-04-05'),
(18, 85, 6, 1, 2, 1, '16976', '2017-04-05'),
(19, 39, 7, 1, 3, 3, '14061', '2017-04-05'),
(20, 126, 1, 1, 1, 1, '16859', '2017-04-06'),
(21, 124, 1, 1, 3, 2, '20156', '2017-04-06'),
(22, 165, 1, 1, 1, 1, '18343', '2017-04-06'),
(23, 105, 7, 2, 2, 1, '2935', '2017-04-06'),
(24, 112, 4, 2, 1, 3, '1527', '2017-04-06'),
(25, 11, 2, 1, 1, 2, '8750', '2017-04-07'),
(26, 68, 1, 1, 2, 3, '61200', '2017-04-07'),
(27, 41, 1, 1, 1, 3, '127650', '2017-04-07'),
(28, 190, 1, 1, 2, 3, '127650', '2017-04-07'),
(29, 77, 2, 1, 1, 2, '7910', '2017-04-07'),
(30, 72, 1, 2, 3, 2, '16952', '2017-04-08'),
(22, 117, 1, 2, 3, 1, '18434', '2017-04-08'),
(23, 151, 7, 2, 1, 3, '8805', '2017-04-08'),
(24, 4, 4, 1, 2, 1, '509', '2017-04-08'),
(25, 142, 2, 1, 1, 3, '13125', '2017-04-08'),
(26, 140, 1, 1, 1, 2, '40800', '2017-04-10'),
(37, 56, 7, 2, 3, 3, '5274', '2017-04-10'),
(1, 172, 1, 2, 1, 1, '29040', '2017-04-10'),
(11, 105, 4, 2, 2, 3, '1773', '2017-04-10'),
(12, 131, 4, 1, 1, 1, '119', '2017-04-10'),
(38, 181, 1, 1, 1, 2, '6000', '2017-04-11'),
(36, 138, 5, 1, 2, 1, '8855', '2017-04-11'),
(1, 41, 1, 1, 1, 1, '29040', '2017-04-11'),
(39, 172, 5, 2, 1, 2, '26472', '2017-04-11'),
(40, 112, 7, 2, 1, 2, '11158', '2017-04-11'),
(21, 31, 1, 1, 1, 2, '20156', '2017-04-12'),
(22, 40, 1, 1, 1, 2, '36686', '2017-04-12'),
(41, 24, 1, 1, 3, 1, '10063', '2017-04-12'),
(42, 127, 5, 1, 2, 3, '18750', '2017-04-12'),
(43, 126, 1, 1, 1, 2, '16860', '2017-04-13'),
(42, 128, 5, 1, 3, 2, '12500', '2017-04-13'),
(43, 21, 1, 2, 3, 1, '8430', '2017-04-13'),
(26, 53, 1, 2, 1, 1, '20400', '2017-04-13'),
(27, 129, 1, 1, 3, 2, '85100', '2017-04-13'),
(3, 148, 2, 1, 3, 1, '10400', '2017-04-15'),
(4, 42, 1, 1, 1, 2, '39776', '2017-04-15'),
(5, 161, 1, 1, 1, 2, '14928', '2017-04-15'),
(6, 165, 1, 1, 1, 2, '21912', '2017-04-15'),
(7, 39, 3, 1, 3, 2, '1990', '2017-04-15'),
(8, 154, 1, 1, 2, 1, '27671', '2017-04-17'),
(9, 116, 1, 2, 2, 2, '75508', '2017-04-17'),
(10, 141, 1, 1, 2, 3, '25311', '2017-04-17'),
(11, 76, 4, 1, 1, 1, '591', '2017-04-17'),
(32, 149, 1, 1, 2, 3, '151800', '2017-04-17'),
(33, 191, 7, 2, 1, 1, '11845', '2017-04-18'),
(34, 126, 1, 1, 1, 3, '16578', '2017-04-18'),
(35, 61, 1, 1, 3, 3, '30834', '2017-04-18'),
(36, 22, 5, 2, 1, 1, '8855', '2017-04-18'),
(37, 150, 7, 2, 1, 3, '5274', '2017-04-18'),
(37, 19, 7, 1, 1, 3, '5274', '2017-04-19'),
(1, 59, 1, 2, 1, 2, '58080', '2017-04-19'),
(11, 120, 4, 1, 2, 2, '1182', '2017-04-19'),
(12, 69, 4, 1, 2, 2, '238', '2017-04-19'),
(38, 138, 1, 1, 2, 1, '3000', '2017-04-19'),
(36, 187, 5, 2, 1, 3, '26565', '2017-04-20'),
(29, 154, 2, 1, 2, 2, '7910', '2017-04-20'),
(30, 103, 1, 1, 1, 1, '8476', '2017-04-20'),
(22, 157, 1, 2, 1, 2, '36686', '2017-04-20'),
(23, 26, 7, 1, 3, 2, '5870', '2017-04-21'),
(24, 167, 4, 1, 2, 2, '1018', '2017-04-21'),
(25, 108, 2, 2, 2, 2, '8750', '2017-04-21'),
(26, 7, 1, 2, 1, 3, '61200', '2017-04-21'),
(37, 45, 7, 2, 1, 3, '5274', '2017-04-22'),
(1, 148, 1, 1, 3, 3, '87120', '2017-04-22'),
(11, 24, 4, 1, 3, 2, '1182', '2017-04-22'),
(12, 126, 4, 1, 1, 1, '119', '2017-04-22'),
(38, 144, 1, 2, 3, 3, '9000', '2017-04-22'),
(36, 134, 5, 2, 3, 1, '8855', '2017-04-22'),
(1, 26, 1, 1, 3, 3, '87120', '2017-04-22'),
(7, 40, 3, 1, 1, 3, '2985', '2017-04-25'),
(8, 110, 1, 1, 1, 3, '83013', '2017-04-25'),
(9, 28, 1, 1, 1, 2, '75508', '2017-04-25'),
(10, 137, 1, 2, 3, 1, '8437', '2017-04-25'),
(11, 3, 4, 1, 2, 1, '591', '2017-04-25'),
(12, 11, 4, 1, 1, 3, '357', '2017-04-25'),
(13, 57, 1, 2, 3, 2, '6600', '2017-04-26'),
(14, 130, 5, 1, 2, 1, '116829', '2017-04-26'),
(15, 100, 5, 1, 2, 1, '38934', '2017-04-26'),
(16, 125, 5, 1, 1, 1, '16705', '2017-04-26'),
(17, 189, 5, 1, 1, 3, '120366', '2017-04-26'),
(18, 71, 6, 2, 3, 1, '16976', '2017-04-27'),
(19, 26, 7, 1, 3, 2, '9374', '2017-04-27'),
(20, 148, 1, 1, 3, 3, '50577', '2017-04-27'),
(21, 175, 1, 2, 3, 2, '20156', '2017-04-27'),
(22, 66, 1, 1, 1, 3, '55029', '2017-04-27'),
(23, 153, 7, 2, 2, 2, '5870', '2017-04-28'),
(24, 131, 4, 1, 1, 1, '509', '2017-04-28'),
(25, 103, 2, 1, 1, 2, '8750', '2017-04-28'),
(26, 79, 1, 1, 1, 2, '40800', '2017-04-28'),
(27, 154, 1, 1, 2, 3, '127650', '2017-04-28'),
(28, 138, 1, 1, 2, 3, '127650', '2017-04-29'),
(29, 36, 2, 2, 2, 2, '7910', '2017-04-29'),
(30, 98, 1, 2, 1, 3, '25428', '2017-04-29'),
(2, 163, 1, 1, 3, 3, '87120', '2017-04-29'),
(3, 78, 2, 1, 2, 1, '10400', '2017-04-29'),
(31, 181, 1, 1, 1, 2, '18000', '2017-04-29'),
(32, 151, 1, 2, 1, 3, '151800', '2017-05-02'),
(33, 169, 7, 1, 1, 2, '23690', '2017-05-02'),
(34, 12, 1, 2, 2, 2, '11052', '2017-05-02'),
(35, 71, 1, 2, 3, 2, '20556', '2017-05-02'),
(24, 97, 4, 1, 3, 2, '1018', '2017-05-02'),
(25, 127, 2, 1, 2, 1, '4375', '2017-05-02'),
(26, 5, 1, 2, 1, 2, '40800', '2017-05-02'),
(27, 179, 1, 1, 1, 2, '85100', '2017-05-02'),
(28, 179, 1, 1, 1, 2, '85100', '2017-05-03'),
(29, 58, 2, 2, 1, 1, '3955', '2017-05-03'),
(30, 20, 1, 1, 1, 1, '8476', '2017-05-03'),
(22, 130, 1, 1, 2, 3, '55302', '2017-05-03'),
(23, 159, 7, 2, 1, 3, '8805', '2017-05-03'),
(24, 40, 4, 1, 1, 3, '1527', '2017-05-03'),
(25, 151, 2, 2, 1, 2, '8750', '2017-05-04'),
(26, 60, 1, 1, 1, 1, '20400', '2017-05-04'),
(37, 27, 7, 1, 1, 1, '1758', '2017-05-04'),
(1, 115, 1, 1, 1, 3, '87120', '2017-05-04'),
(11, 172, 4, 2, 1, 1, '591', '2017-05-04'),
(12, 107, 4, 2, 1, 1, '119', '2017-05-04'),
(38, 138, 1, 1, 2, 3, '9000', '2017-05-04'),
(36, 24, 5, 1, 3, 2, '17710', '2017-05-04'),
(1, 172, 1, 2, 1, 2, '58080', '2017-05-04'),
(39, 65, 5, 1, 1, 1, '13236', '2017-05-05'),
(40, 36, 7, 2, 2, 2, '11158', '2017-05-05'),
(21, 13, 1, 1, 1, 2, '20156', '2017-05-05'),
(22, 155, 1, 2, 3, 2, '36686', '2017-05-05'),
(41, 119, 1, 1, 2, 3, '30189', '2017-05-05'),
(42, 169, 5, 1, 1, 2, '12500', '2017-05-05'),
(43, 191, 1, 2, 1, 2, '16860', '2017-05-05'),
(42, 178, 5, 1, 1, 1, '6250', '2017-05-05'),
(43, 145, 1, 2, 2, 1, '8430', '2017-05-05'),
(26, 109, 1, 1, 1, 1, '20400', '2017-05-05'),
(27, 118, 1, 1, 1, 3, '127650', '2017-05-06'),
(3, 150, 2, 2, 1, 3, '31200', '2017-05-06'),
(4, 40, 1, 1, 1, 1, '19888', '2017-05-06'),
(5, 145, 1, 2, 2, 3, '22392', '2017-05-06'),
(6, 43, 1, 2, 3, 3, '32868', '2017-05-06'),
(35, 148, 1, 1, 3, 3, '30834', '2017-05-08'),
(24, 159, 4, 2, 1, 1, '509', '2017-05-08'),
(25, 53, 2, 2, 1, 2, '8750', '2017-05-08'),
(26, 144, 1, 2, 3, 2, '40800', '2017-05-08'),
(27, 193, 1, 2, 1, 3, '127650', '2017-05-08'),
(28, 157, 1, 2, 1, 3, '127650', '2017-05-08'),
(29, 27, 2, 1, 1, 3, '11865', '2017-05-08'),
(30, 133, 1, 2, 3, 1, '8476', '2017-05-08'),
(22, 159, 1, 2, 1, 2, '36868', '2017-05-09'),
(23, 107, 7, 2, 1, 3, '8805', '2017-05-09'),
(24, 38, 4, 1, 2, 3, '1527', '2017-05-09'),
(25, 154, 2, 1, 2, 3, '13125', '2017-05-09'),
(26, 144, 1, 2, 3, 2, '40800', '2017-05-09'),
(37, 142, 7, 1, 1, 3, '5274', '2017-05-09'),
(1, 147, 1, 1, 2, 2, '58080', '2017-05-10'),
(1, 29, 1, 1, 2, 3, '87120', '2017-05-10'),
(11, 12, 4, 2, 2, 2, '1182', '2017-05-10'),
(12, 93, 4, 2, 3, 1, '119', '2017-05-10'),
(38, 165, 1, 1, 1, 1, '3000', '2017-05-10'),
(36, 31, 5, 1, 1, 1, '8855', '2017-05-12'),
(1, 200, 1, 1, 1, 1, '29040', '2017-05-12'),
(39, 20, 5, 1, 1, 3, '39708', '2017-05-12'),
(40, 133, 7, 2, 3, 1, '5579', '2017-05-12'),
(21, 10, 1, 1, 3, 2, '20156', '2017-05-12'),
(22, 180, 1, 1, 3, 2, '36686', '2017-05-12'),
(41, 87, 1, 2, 3, 3, '30189', '2017-05-13'),
(1, 80, 1, 1, 1, 3, '87120', '2017-05-13'),
(11, 102, 4, 1, 2, 2, '1182', '2017-05-13'),
(12, 174, 4, 1, 1, 1, '119', '2017-05-13'),
(38, 25, 1, 1, 1, 3, '9000', '2017-05-13'),
(36, 34, 5, 2, 1, 3, '26565', '2017-05-13'),
(35, 22, 1, 2, 1, 2, '20556', '2017-05-15'),
(24, 193, 4, 2, 1, 3, '1527', '2017-05-15'),
(25, 59, 2, 2, 1, 3, '13125', '2017-05-15'),
(26, 1, 1, 1, 1, 1, '20400', '2017-05-15'),
(27, 46, 1, 1, 1, 1, '42550', '2017-05-15'),
(28, 22, 1, 2, 1, 2, '85100', '2017-05-16'),
(29, 35, 2, 2, 1, 2, '7910', '2017-05-16'),
(12, 26, 4, 1, 3, 2, '238', '2017-05-16'),
(38, 150, 1, 2, 1, 1, '3000', '2017-05-16'),
(36, 196, 5, 1, 3, 1, '8855', '2017-05-17'),
(1, 121, 1, 2, 2, 1, '29040', '2017-05-17'),
(39, 86, 5, 1, 1, 1, '13236', '2017-05-17'),
(40, 118, 7, 1, 1, 1, '5579', '2017-05-17'),
(21, 9, 1, 1, 1, 1, '10078', '2017-05-17'),
(22, 116, 1, 2, 2, 3, '55029', '2017-05-18'),
(41, 197, 1, 1, 1, 1, '10063', '2017-05-18'),
(36, 30, 5, 2, 1, 2, '17710', '2017-05-18'),
(35, 122, 1, 2, 1, 1, '10278', '2017-05-18'),
(24, 189, 4, 1, 1, 1, '509', '2017-05-18'),
(25, 57, 2, 2, 3, 3, '13125', '2017-05-18'),
(26, 181, 1, 1, 1, 2, '40800', '2017-05-19'),
(27, 72, 1, 2, 3, 3, '127650', '2017-05-19'),
(28, 54, 1, 1, 2, 1, '42550', '2017-05-19'),
(29, 116, 2, 2, 2, 2, '7910', '2017-05-19'),
(12, 170, 4, 1, 1, 2, '238', '2017-05-19'),
(35, 7, 1, 2, 1, 2, '20556', '2017-05-19'),
(24, 56, 4, 2, 3, 3, '1527', '2017-05-19'),
(25, 75, 2, 2, 1, 3, '13125', '2017-05-19'),
(26, 129, 1, 1, 3, 2, '40800', '2017-05-20'),
(27, 190, 1, 1, 2, 3, '127650', '2017-05-20'),
(28, 141, 1, 1, 2, 1, '42550', '2017-05-20'),
(29, 164, 2, 1, 1, 3, '11865', '2017-05-20'),
(30, 186, 1, 1, 1, 1, '8476', '2017-05-20'),
(37, 72, 7, 2, 3, 3, '5274', '2017-05-20'),
(1, 178, 1, 1, 1, 1, '29040', '2017-05-20'),
(11, 88, 4, 2, 1, 1, '591', '2017-05-20'),
(12, 17, 4, 2, 1, 1, '119', '2017-05-22'),
(38, 134, 1, 2, 3, 1, '3000', '2017-05-22'),
(36, 35, 5, 2, 1, 3, '26565', '2017-05-22'),
(1, 153, 1, 2, 2, 2, '58080', '2017-05-22'),
(39, 135, 5, 2, 1, 3, '39708', '2017-05-22'),
(40, 10, 7, 1, 3, 3, '16737', '2017-05-22'),
(21, 162, 1, 1, 1, 3, '30234', '2017-05-22'),
(28, 91, 1, 2, 3, 2, '85100', '2017-05-23'),
(33, 118, 7, 1, 1, 2, '23690', '2017-05-23'),
(48, 130, 1, 1, 2, 3, '13875', '2017-05-23'),
(49, 23, 1, 2, 1, 2, '20240', '2017-05-23'),
(36, 63, 5, 1, 1, 1, '8855', '2017-05-23'),
(50, 184, 5, 1, 1, 2, '17710', '2017-05-24'),
(51, 53, 1, 2, 1, 1, '11385', '2017-05-24'),
(56, 152, 1, 2, 1, 1, '7091', '2017-05-24'),
(3, 110, 2, 1, 1, 2, '20800', '2017-05-24'),
(4, 33, 1, 2, 1, 3, '59664', '2017-05-24'),
(5, 185, 1, 1, 1, 3, '22392', '2017-05-26'),
(6, 103, 1, 1, 1, 3, '32868', '2017-05-26'),
(7, 47, 3, 1, 2, 3, '2985', '2017-05-26'),
(8, 8, 1, 2, 2, 2, '55342', '2017-05-26'),
(9, 19, 1, 1, 1, 1, '37754', '2017-05-27'),
(10, 123, 1, 2, 1, 3, '25311', '2017-05-27'),
(1, 116, 1, 2, 2, 2, '58080', '2017-05-27'),
(11, 47, 4, 1, 2, 2, '1182', '2017-05-27'),
(12, 18, 4, 1, 2, 2, '238', '2017-05-27'),
(38, 48, 1, 1, 2, 1, '3000', '2017-05-29'),
(36, 126, 5, 1, 1, 1, '8855', '2017-05-29'),
(1, 44, 1, 2, 1, 2, '58080', '2017-05-29'),
(39, 19, 5, 1, 1, 3, '39708', '2017-05-29'),
(40, 30, 7, 2, 1, 2, '11158', '2017-05-29'),
(21, 80, 1, 1, 1, 3, '30234', '2017-05-30'),
(28, 177, 1, 1, 1, 2, '85100', '2017-05-30'),
(38, 44, 1, 2, 1, 1, '3000', '2017-05-30'),
(36, 102, 5, 1, 2, 1, '8855', '2017-05-30'),
(1, 32, 1, 1, 2, 1, '29040', '2017-05-30'),
(39, 115, 5, 1, 1, 3, '39708', '2017-05-31'),
(41, 5, 1, 2, 1, 1, '10063', '2017-05-31'),
(36, 109, 5, 1, 1, 1, '8855', '2017-05-31'),
(35, 75, 1, 2, 1, 2, '20556', '2017-05-31'),
(24, 14, 4, 1, 1, 3, '1527', '2017-05-31'),
(25, 139, 2, 1, 3, 2, '8750', '2017-06-02'),
(26, 65, 1, 1, 1, 2, '40800', '2017-06-02'),
(27, 22, 1, 2, 1, 2, '85100', '2017-06-02'),
(19, 147, 7, 1, 2, 3, '14061', '2017-06-02'),
(20, 63, 1, 1, 1, 2, '33718', '2017-06-02'),
(21, 89, 1, 1, 1, 2, '20156', '2017-06-03'),
(22, 120, 1, 1, 2, 3, '55029', '2017-06-03'),
(23, 96, 7, 1, 3, 2, '5870', '2017-06-03'),
(24, 75, 4, 2, 1, 2, '1018', '2017-06-03'),
(25, 77, 2, 1, 1, 1, '4375', '2017-06-03'),
(1, 139, 1, 1, 3, 1, '29040', '2017-06-03'),
(39, 82, 5, 1, 3, 1, '13236', '2017-06-03'),
(20, 161, 1, 1, 1, 1, '16859', '2017-06-05'),
(57, 143, 2, 2, 1, 2, '29122', '2017-06-05'),
(54, 154, 1, 1, 2, 1, '30800', '2017-06-05'),
(55, 80, 4, 1, 1, 3, '7920', '2017-06-05'),
(7, 75, 3, 2, 1, 1, '995', '2017-06-05'),
(8, 41, 1, 1, 1, 3, '83013', '2017-06-06'),
(9, 90, 1, 1, 1, 2, '75508', '2017-06-06'),
(10, 144, 1, 2, 3, 3, '25311', '2017-06-06'),
(20, 83, 1, 1, 1, 2, '33718', '2017-06-06'),
(57, 59, 2, 2, 1, 2, '29122', '2017-06-06'),
(54, 152, 1, 2, 1, 2, '61600', '2017-06-07'),
(55, 1, 4, 1, 1, 1, '2640', '2017-06-07'),
(7, 196, 3, 1, 3, 3, '2985', '2017-06-07'),
(8, 118, 1, 1, 1, 2, '55342', '2017-06-07'),
(9, 137, 1, 2, 3, 3, '113262', '2017-06-07'),
(10, 188, 1, 2, 3, 3, '25311', '2017-06-07'),
(3, 58, 2, 2, 1, 3, '31200', '2017-06-07'),
(4, 168, 1, 1, 2, 3, '59664', '2017-06-08'),
(5, 44, 1, 2, 1, 3, '22392', '2017-06-08'),
(6, 27, 1, 1, 1, 1, '10956', '2017-06-08'),
(7, 141, 3, 1, 2, 1, '995', '2017-06-08'),
(39, 181, 5, 1, 1, 1, '13236', '2017-06-08'),
(41, 123, 1, 2, 1, 1, '10063', '2017-06-09'),
(36, 88, 5, 2, 1, 1, '8855', '2017-06-09'),
(35, 31, 1, 1, 1, 3, '30834', '2017-06-09'),
(24, 182, 4, 1, 3, 1, '509', '2017-06-09'),
(25, 117, 2, 2, 3, 1, '4375', '2017-06-09'),
(26, 168, 1, 1, 2, 2, '40800', '2017-06-09'),
(27, 41, 1, 1, 1, 2, '85100', '2017-06-09'),
(19, 93, 7, 2, 3, 3, '14061', '2017-06-10'),
(20, 36, 1, 2, 2, 3, '50577', '2017-06-10'),
(21, 99, 1, 1, 1, 3, '30234', '2017-06-10'),
(22, 59, 1, 2, 1, 3, '55029', '2017-06-10'),
(25, 52, 2, 2, 1, 3, '13125', '2017-06-10'),
(26, 127, 1, 1, 2, 2, '40800', '2017-06-10'),
(27, 42, 1, 1, 1, 3, '127650', '2017-06-12'),
(28, 139, 1, 1, 3, 1, '42550', '2017-06-12'),
(29, 120, 2, 1, 2, 1, '3955', '2017-06-12'),
(25, 192, 2, 1, 2, 1, '4375', '2017-06-12'),
(26, 104, 1, 1, 1, 3, '61200', '2017-06-12'),
(37, 190, 7, 1, 2, 3, '5274', '2017-06-13'),
(1, 148, 1, 1, 3, 2, '58080', '2017-06-13'),
(11, 18, 4, 1, 2, 2, '1182', '2017-06-13'),
(12, 20, 4, 1, 1, 2, '238', '2017-06-13'),
(12, 179, 4, 1, 1, 3, '357', '2017-06-14'),
(38, 134, 1, 2, 3, 3, '9000', '2017-06-14'),
(36, 85, 5, 1, 2, 1, '8855', '2017-06-14'),
(1, 157, 1, 2, 1, 1, '29040', '2017-06-14'),
(39, 195, 5, 1, 1, 2, '26472', '2017-06-14'),
(40, 26, 7, 1, 3, 3, '16737', '2017-06-15'),
(29, 28, 2, 1, 1, 2, '7910', '2017-06-15'),
(12, 18, 4, 1, 2, 2, '238', '2017-06-15'),
(35, 20, 1, 1, 1, 2, '20556', '2017-06-15'),
(24, 160, 4, 1, 1, 1, '509', '2017-06-15'),
(25, 20, 2, 1, 1, 1, '4375', '2017-06-16'),
(26, 198, 1, 2, 1, 3, '61200', '2017-06-16'),
(27, 10, 1, 1, 3, 2, '85100', '2017-06-16'),
(41, 42, 1, 1, 1, 3, '30189', '2017-06-16'),
(42, 120, 5, 1, 2, 1, '6250', '2017-06-16'),
(43, 97, 1, 1, 3, 2, '16860', '2017-06-17'),
(42, 144, 5, 2, 3, 2, '12500', '2017-06-17'),
(43, 97, 1, 1, 3, 3, '25290', '2017-06-17'),
(26, 58, 1, 2, 1, 1, '20400', '2017-06-17'),
(27, 134, 1, 2, 3, 2, '85100', '2017-06-17'),
(36, 22, 5, 2, 1, 2, '17710', '2017-06-19'),
(35, 189, 1, 1, 1, 2, '20556', '2017-06-19'),
(24, 106, 4, 2, 2, 2, '1018', '2017-06-19'),
(25, 177, 2, 1, 1, 2, '8750', '2017-06-19'),
(26, 30, 1, 2, 1, 1, '20400', '2017-06-19'),
(27, 16, 1, 2, 1, 1, '42550', '2017-06-20'),
(43, 86, 1, 1, 1, 3, '25290', '2017-06-20'),
(26, 127, 1, 1, 2, 1, '20400', '2017-06-20'),
(27, 140, 1, 1, 1, 3, '127650', '2017-06-20'),
(27, 192, 1, 1, 2, 2, '85100', '2017-06-20'),
(41, 11, 1, 1, 1, 2, '20126', '2017-06-20'),
(42, 26, 5, 1, 3, 2, '12500', '2017-06-20'),
(43, 65, 1, 1, 1, 3, '25290', '2017-06-21'),
(38, 44, 1, 2, 1, 2, '6000', '2017-06-21'),
(36, 24, 5, 1, 3, 1, '8855', '2017-06-21'),
(29, 155, 2, 2, 3, 1, '3955', '2017-06-21'),
(30, 88, 1, 2, 1, 3, '25428', '2017-06-21'),
(22, 138, 1, 1, 2, 2, '36686', '2017-06-22'),
(23, 153, 7, 2, 2, 2, '5870', '2017-06-22'),
(28, 190, 1, 1, 2, 1, '42550', '2017-06-22'),
(38, 146, 1, 1, 3, 3, '9000', '2017-06-22'),
(36, 91, 5, 2, 3, 1, '8855', '2017-06-22'),
(1, 18, 1, 1, 2, 1, '29040', '2017-06-23'),
(39, 127, 5, 1, 2, 1, '13236', '2017-06-23'),
(41, 88, 1, 2, 1, 2, '20126', '2017-06-23'),
(36, 197, 5, 1, 1, 1, '8855', '2017-06-23'),
(35, 48, 1, 1, 2, 3, '30834', '2017-06-23'),
(24, 71, 4, 2, 3, 1, '509', '2017-06-23'),
(38, 149, 1, 1, 2, 1, '3000', '2017-06-24'),
(33, 26, 7, 1, 3, 2, '23690', '2017-06-24'),
(48, 136, 1, 2, 2, 3, '13875', '2017-06-24'),
(49, 34, 1, 2, 1, 3, '30360', '2017-06-24'),
(36, 7, 5, 2, 1, 2, '17710', '2017-06-24'),
(56, 15, 1, 1, 2, 3, '21273', '2017-06-24'),
(37, 178, 7, 1, 1, 1, '1758', '2017-06-24'),
(19, 65, 7, 1, 1, 1, '4687', '2017-07-01'),
(20, 101, 1, 1, 1, 1, '16859', '2017-07-01'),
(21, 40, 1, 1, 1, 2, '20156', '2017-07-01'),
(22, 12, 1, 2, 2, 3, '55029', '2017-07-01'),
(23, 48, 7, 1, 2, 2, '5870', '2017-07-01'),
(24, 112, 4, 2, 1, 2, '1018', '2017-07-01'),
(25, 180, 2, 1, 3, 1, '4375', '2017-07-03'),
(26, 114, 1, 1, 1, 1, '20400', '2017-07-03'),
(27, 129, 1, 1, 3, 1, '42550', '2017-07-03'),
(28, 112, 1, 2, 1, 3, '127650', '2017-07-03'),
(29, 21, 2, 2, 3, 2, '7910', '2017-07-03'),
(30, 6, 1, 2, 3, 3, '25428', '2017-07-03'),
(2, 177, 1, 1, 1, 3, '87120', '2017-07-03'),
(3, 95, 2, 1, 1, 2, '20800', '2017-07-04'),
(31, 76, 1, 1, 1, 3, '27000', '2017-07-04'),
(32, 127, 1, 1, 2, 1, '50600', '2017-07-04'),
(33, 143, 7, 2, 1, 3, '35535', '2017-07-04'),
(34, 52, 1, 2, 1, 2, '11052', '2017-07-04'),
(35, 196, 1, 1, 3, 3, '30834', '2017-07-04'),
(36, 39, 5, 1, 3, 3, '26565', '2017-07-04'),
(37, 171, 7, 2, 1, 3, '5274', '2017-07-04'),
(37, 64, 7, 1, 1, 3, '5274', '2017-07-05'),
(1, 123, 1, 2, 1, 1, '29040', '2017-07-05'),
(11, 88, 4, 2, 1, 3, '1773', '2017-07-05'),
(12, 147, 4, 1, 2, 1, '119', '2017-07-05'),
(38, 141, 1, 1, 2, 2, '6000', '2017-07-05'),
(36, 150, 5, 2, 1, 3, '26565', '2017-07-06'),
(1, 185, 1, 1, 1, 2, '58080', '2017-07-06'),
(39, 14, 5, 1, 1, 2, '26472', '2017-07-06'),
(40, 104, 7, 1, 1, 2, '11158', '2017-07-06'),
(21, 119, 1, 1, 2, 2, '20156', '2017-07-06'),
(22, 34, 1, 2, 1, 1, '18343', '2017-07-06'),
(41, 8, 1, 2, 2, 1, '10063', '2017-07-07'),
(42, 10, 5, 1, 3, 2, '12500', '2017-07-07'),
(43, 183, 1, 1, 1, 1, '8430', '2017-07-07'),
(42, 60, 5, 1, 1, 3, '18750', '2017-07-07'),
(43, 129, 1, 1, 3, 1, '8430', '2017-07-07'),
(26, 131, 1, 1, 1, 1, '20400', '2017-07-07'),
(27, 165, 1, 1, 1, 2, '85100', '2017-07-07'),
(44, 168, 2, 1, 2, 2, '4810', '2017-07-07'),
(45, 30, 1, 2, 1, 1, '4154', '2017-07-08'),
(46, 17, 7, 2, 1, 2, '9430', '2017-07-08'),
(47, 189, 2, 1, 1, 2, '24072', '2017-07-08'),
(30, 161, 1, 1, 1, 3, '25428', '2017-07-08'),
(28, 169, 1, 1, 1, 3, '127650', '2017-07-08'),
(29, 180, 2, 1, 3, 1, '3955', '2017-07-10'),
(30, 40, 1, 1, 1, 1, '8476', '2017-07-10'),
(2, 188, 1, 2, 3, 3, '87120', '2017-07-10'),
(3, 110, 2, 1, 1, 2, '20800', '2017-07-10'),
(31, 137, 1, 2, 3, 3, '27000', '2017-07-10'),
(32, 13, 1, 1, 1, 2, '101200', '2017-07-11'),
(33, 135, 7, 2, 1, 1, '11845', '2017-07-11'),
(34, 90, 1, 1, 1, 1, '5526', '2017-07-11'),
(35, 56, 1, 2, 3, 2, '20556', '2017-07-11'),
(36, 131, 5, 1, 1, 2, '17710', '2017-07-11'),
(37, 130, 7, 1, 2, 1, '1758', '2017-07-12'),
(37, 174, 7, 1, 1, 3, '5274', '2017-07-12'),
(1, 49, 1, 1, 1, 1, '29040', '2017-07-12'),
(11, 134, 4, 2, 3, 3, '1773', '2017-07-12'),
(12, 3, 4, 1, 2, 1, '119', '2017-07-12'),
(38, 153, 1, 2, 2, 3, '9000', '2017-07-12'),
(36, 11, 5, 1, 1, 1, '8855', '2017-07-13'),
(1, 20, 1, 1, 1, 2, '58080', '2017-07-13'),
(39, 91, 5, 2, 3, 3, '39708', '2017-07-13'),
(40, 49, 7, 1, 1, 3, '16737', '2017-07-13'),
(21, 22, 1, 2, 1, 1, '10078', '2017-07-13'),
(28, 86, 1, 1, 1, 3, '127650', '2017-07-13'),
(29, 33, 2, 2, 1, 1, '3955', '2017-07-13'),
(30, 94, 1, 2, 2, 2, '16952', '2017-07-14'),
(2, 46, 1, 1, 1, 3, '87120', '2017-07-14'),
(3, 49, 2, 1, 1, 2, '20800', '2017-07-14'),
(31, 140, 1, 1, 1, 3, '27000', '2017-07-14'),
(32, 112, 1, 2, 1, 1, '50600', '2017-07-14'),
(33, 13, 7, 1, 1, 1, '11845', '2017-07-14'),
(34, 59, 1, 2, 1, 1, '5526', '2017-07-14'),
(35, 15, 1, 1, 2, 1, '10278', '2017-07-14'),
(36, 123, 5, 2, 1, 1, '8855', '2017-07-15'),
(48, 40, 1, 1, 1, 3, '13875', '2017-07-15'),
(49, 15, 1, 1, 2, 2, '20250', '2017-07-15'),
(30, 54, 1, 1, 2, 2, '16952', '2017-07-15'),
(2, 11, 1, 1, 1, 1, '29040', '2017-07-15'),
(35, 8, 1, 2, 2, 1, '10278', '2017-07-17'),
(36, 62, 5, 1, 2, 3, '26565', '2017-07-17'),
(48, 4, 1, 1, 2, 3, '13875', '2017-07-17'),
(43, 139, 1, 1, 3, 1, '8430', '2017-07-17'),
(26, 106, 1, 2, 2, 3, '61200', '2017-07-17'),
(27, 93, 1, 2, 3, 1, '42550', '2017-07-17'),
(44, 193, 2, 2, 1, 1, '2405', '2017-07-17'),
(45, 15, 1, 1, 2, 2, '8308', '2017-07-17'),
(31, 82, 1, 1, 3, 1, '9000', '2017-07-18'),
(32, 173, 1, 2, 3, 1, '50600', '2017-07-18'),
(33, 200, 7, 1, 1, 1, '11845', '2017-07-18'),
(48, 66, 1, 1, 1, 3, '13875', '2017-07-18'),
(49, 171, 1, 2, 1, 2, '20240', '2017-07-18'),
(36, 166, 5, 1, 3, 1, '8855', '2017-07-19'),
(50, 127, 5, 1, 2, 2, '17710', '2017-07-19'),
(51, 20, 1, 1, 1, 1, '11385', '2017-07-19'),
(2, 84, 1, 1, 3, 2, '58080', '2017-07-19'),
(3, 78, 2, 1, 2, 2, '20800', '2017-07-19'),
(4, 113, 1, 1, 1, 3, '59664', '2017-07-19'),
(52, 145, 1, 2, 2, 2, '20126', '2017-07-19'),
(53, 44, 1, 2, 1, 1, '98310', '2017-07-20'),
(54, 171, 1, 2, 1, 1, '30800', '2017-07-20'),
(55, 84, 4, 1, 3, 3, '7920', '2017-07-20'),
(42, 155, 5, 2, 3, 2, '12500', '2017-07-20'),
(43, 196, 1, 1, 3, 2, '16860', '2017-07-21'),
(33, 42, 7, 1, 1, 1, '11845', '2017-07-21'),
(34, 44, 1, 2, 1, 1, '5526', '2017-07-21'),
(35, 84, 1, 1, 3, 1, '10278', '2017-07-21'),
(36, 51, 5, 2, 1, 1, '8855', '2017-07-21'),
(37, 130, 7, 1, 2, 2, '3516', '2017-07-21'),
(37, 26, 7, 1, 3, 2, '3516', '2017-07-22'),
(1, 39, 1, 1, 3, 3, '87120', '2017-07-23'),
(11, 168, 4, 1, 2, 2, '1182', '2017-07-24'),
(12, 11, 4, 1, 1, 2, '238', '2017-07-22'),
(38, 117, 1, 2, 3, 2, '6000', '2017-07-22'),
(36, 64, 5, 1, 1, 3, '26565', '2017-07-24'),
(1, 155, 1, 2, 3, 1, '29040', '2017-07-24'),
(39, 163, 5, 1, 3, 2, '26472', '2017-07-24'),
(40, 49, 7, 1, 1, 2, '11158', '2017-07-24'),
(21, 17, 1, 2, 1, 2, '20156', '2020-07-25'),
(22, 146, 1, 1, 3, 1, '18343', '2020-07-25'),
(41, 128, 1, 1, 3, 3, '30189', '2020-07-25'),
(11, 54, 4, 1, 2, 2, '1182', '2020-07-25'),
(12, 114, 4, 1, 1, 1, '119', '2020-07-25'),
(38, 101, 1, 1, 1, 3, '9000', '2020-07-25'),
(36, 135, 5, 2, 1, 1, '8855', '2017-07-26'),
(1, 57, 1, 2, 3, 1, '29040', '2017-07-26'),
(39, 126, 5, 1, 1, 1, '13236', '2017-07-26'),
(40, 12, 7, 2, 2, 2, '11158', '2017-07-26'),
(21, 121, 1, 2, 2, 2, '20156', '2017-07-26'),
(43, 6, 1, 2, 3, 1, '8430', '2017-07-27'),
(33, 46, 7, 1, 1, 3, '35535', '2017-07-27'),
(34, 134, 1, 2, 3, 3, '16578', '2017-07-27'),
(35, 41, 1, 1, 1, 1, '10278', '2017-07-27'),
(36, 153, 5, 2, 2, 3, '26565', '2017-07-27'),
(4, 41, 1, 1, 1, 1, '19888', '2017-07-27'),
(5, 82, 1, 1, 3, 1, '7464', '2017-07-28'),
(6, 5, 1, 2, 1, 3, '32868', '2017-07-28'),
(7, 5, 3, 2, 1, 3, '2985', '2017-07-28'),
(8, 55, 1, 2, 2, 2, '55342', '2017-07-28'),
(9, 84, 1, 1, 3, 2, '75508', '2017-07-29'),
(10, 127, 1, 1, 2, 3, '25311', '2017-07-29'),
(11, 152, 4, 2, 1, 3, '1773', '2017-07-29'),
(12, 185, 4, 1, 1, 3, '357', '2017-07-29'),
(13, 136, 1, 2, 2, 1, '3300', '2017-07-29'),
(14, 52, 5, 2, 1, 3, '350487', '2017-07-29'),
(51, 13, 1, 1, 1, 2, '22770', '2017-07-29'),
(56, 167, 1, 1, 2, 2, '14182', '2017-07-29'),
(37, 114, 7, 1, 1, 1, '1758', '2017-07-29'),
(1, 23, 1, 2, 1, 1, '29040', '2017-07-29'),
(2, 153, 1, 2, 2, 3, '87120', '2017-07-31'),
(3, 164, 2, 1, 1, 1, '10400', '2017-07-31'),
(4, 8, 1, 2, 2, 2, '39776', '2017-07-31'),
(5, 22, 1, 2, 1, 3, '22392', '2017-07-31'),
(11, 120, 4, 1, 2, 2, '1182', '2017-07-31'),
(12, 16, 4, 2, 1, 3, '357', '2017-08-01'),
(38, 89, 1, 1, 1, 3, '9000', '2017-08-01'),
(36, 54, 5, 1, 2, 1, '8855', '2017-08-01'),
(19, 98, 7, 2, 1, 1, '4687', '2017-08-01'),
(20, 147, 1, 1, 2, 1, '16859', '2017-08-01'),
(21, 115, 1, 1, 1, 3, '30234', '2017-08-02'),
(22, 4, 1, 1, 2, 2, '36686', '2017-08-02'),
(39, 165, 5, 1, 1, 1, '10063', '2017-08-02'),
(40, 115, 7, 1, 1, 2, '11158', '2017-08-02'),
(21, 174, 1, 1, 1, 1, '10078', '2017-08-03'),
(22, 95, 1, 1, 1, 3, '55029', '2017-08-03'),
(41, 19, 1, 1, 1, 3, '30189', '2017-08-03'),
(42, 175, 5, 2, 3, 3, '18750', '2017-08-03'),
(43, 159, 1, 2, 1, 2, '16860', '2017-08-04'),
(42, 59, 5, 2, 1, 3, '18750', '2017-08-04'),
(26, 163, 1, 1, 3, 3, '61200', '2017-08-04'),
(27, 190, 1, 1, 2, 2, '85100', '2017-08-04'),
(28, 108, 1, 2, 2, 2, '85100', '2017-08-04'),
(29, 5, 2, 2, 1, 2, '7910', '2017-08-04'),
(43, 72, 1, 2, 3, 2, '16860', '2017-08-05'),
(33, 128, 7, 1, 3, 2, '23690', '2017-08-05'),
(34, 160, 1, 1, 1, 1, '5526', '2017-08-05'),
(35, 175, 1, 2, 3, 2, '20556', '2017-08-05'),
(36, 143, 5, 2, 1, 3, '26565', '2017-08-05'),
(37, 112, 7, 2, 1, 2, '3516', '2017-08-07'),
(37, 21, 7, 2, 3, 3, '5274', '2017-08-07'),
(1, 37, 1, 2, 2, 1, '29040', '2017-08-07'),
(11, 192, 4, 1, 2, 3, '1773', '2017-08-07'),
(12, 13, 4, 1, 1, 2, '238', '2017-08-07'),
(38, 186, 1, 1, 1, 1, '3000', '2017-08-08'),
(36, 87, 5, 2, 3, 1, '8855', '2017-08-08'),
(1, 106, 1, 2, 2, 2, '58080', '2017-08-08'),
(39, 56, 5, 2, 3, 1, '13236', '2017-08-08'),
(20, 188, 1, 2, 3, 3, '50577', '2017-08-09'),
(57, 183, 2, 1, 1, 3, '43683', '2017-08-09'),
(54, 96, 1, 1, 3, 1, '30800', '2017-08-09'),
(55, 90, 4, 1, 1, 1, '2640', '2017-08-09'),
(42, 96, 5, 1, 3, 3, '18750', '2017-08-09'),
(43, 24, 1, 1, 3, 1, '8430', '2017-08-09'),
(31, 61, 1, 1, 3, 1, '9000', '2017-08-10'),
(32, 49, 1, 1, 1, 1, '50600', '2017-08-10'),
(33, 163, 7, 1, 3, 1, '11845', '2017-08-10'),
(48, 32, 1, 1, 2, 3, '13875', '2017-08-10'),
(49, 141, 1, 1, 2, 1, '10120', '2017-08-10'),
(36, 147, 5, 1, 2, 2, '17710', '2017-08-10'),
(50, 14, 5, 1, 1, 3, '26565', '2017-08-11'),
(51, 49, 1, 1, 1, 1, '11385', '2017-08-11'),
(56, 72, 1, 2, 3, 1, '7091', '2017-08-11'),
(37, 145, 7, 2, 2, 2, '3516', '2017-08-11'),
(1, 34, 1, 2, 1, 3, '87120', '2017-08-12'),
(2, 146, 1, 1, 3, 1, '29040', '2017-08-12'),
(3, 8, 2, 2, 2, 2, '20800', '2017-08-12'),
(4, 67, 1, 1, 2, 1, '19888', '2017-08-12'),
(5, 194, 1, 2, 3, 1, '7464', '2017-08-12'),
(6, 107, 1, 2, 1, 2, '21912', '2017-08-14'),
(7, 66, 3, 1, 1, 3, '2985', '2017-08-14'),
(8, 107, 1, 2, 1, 3, '83013', '2017-08-14'),
(9, 167, 1, 1, 2, 3, '113262', '2017-08-14'),
(10, 184, 1, 1, 1, 1, '8437', '2017-08-14'),
(11, 48, 4, 1, 2, 1, '591', '2017-08-15'),
(12, 24, 4, 1, 3, 3, '357', '2017-08-15'),
(13, 99, 1, 1, 1, 1, '3300', '2017-08-15'),
(14, 133, 5, 2, 3, 3, '350487', '2017-08-15'),
(15, 143, 5, 2, 1, 2, '77868', '2017-08-15'),
(16, 75, 5, 2, 1, 2, '33410', '2017-08-15'),
(17, 75, 5, 2, 1, 2, '80244', '2017-08-16'),
(18, 176, 6, 1, 3, 1, '16976', '2017-08-16'),
(19, 195, 7, 1, 1, 1, '4687', '2017-08-16'),
(20, 145, 1, 2, 2, 1, '16859', '2017-08-16'),
(21, 141, 1, 1, 2, 1, '10078', '2017-08-16'),
(22, 8, 1, 2, 2, 2, '36686', '2017-08-16'),
(23, 174, 7, 1, 1, 3, '8805', '2017-08-18'),
(24, 52, 4, 2, 1, 2, '1018', '2017-08-18'),
(25, 102, 2, 1, 2, 1, '4375', '2017-08-18'),
(26, 29, 1, 1, 2, 1, '20400', '2017-08-18'),
(27, 104, 1, 1, 1, 2, '85100', '2017-08-18'),
(28, 7, 1, 2, 1, 1, '42550', '2017-08-19'),
(29, 196, 2, 1, 3, 3, '11865', '2017-08-19'),
(30, 144, 1, 2, 3, 2, '16952', '2017-08-19'),
(2, 145, 1, 2, 2, 3, '87120', '2017-08-19'),
(3, 95, 2, 1, 1, 1, '10400', '2017-08-19'),
(31, 85, 1, 1, 2, 2, '18000', '2017-08-21'),
(32, 199, 1, 1, 3, 2, '101200', '2017-08-21'),
(33, 1, 7, 1, 1, 3, '35535', '2017-08-21'),
(34, 165, 1, 1, 1, 3, '16578', '2017-08-21'),
(35, 111, 1, 1, 1, 1, '10278', '2017-08-21'),
(36, 31, 5, 1, 1, 2, '17710', '2017-08-21'),
(37, 34, 7, 2, 1, 2, '3516', '2017-08-22'),
(37, 4, 7, 1, 2, 3, '5274', '2017-08-22'),
(1, 162, 1, 1, 1, 3, '87120', '2017-08-22'),
(11, 88, 4, 2, 1, 3, '1773', '2017-08-22'),
(12, 61, 4, 1, 3, 1, '119', '2017-08-22'),
(38, 15, 1, 1, 2, 1, '3000', '2017-08-23'),
(36, 72, 5, 2, 3, 2, '17710', '2017-08-23'),
(1, 142, 1, 1, 1, 1, '29040', '2017-08-23'),
(39, 165, 5, 1, 1, 3, '39708', '2017-08-23'),
(40, 164, 7, 1, 1, 1, '5579', '2017-08-24'),
(21, 157, 1, 2, 1, 1, '10078', '2017-08-24'),
(22, 124, 1, 1, 3, 1, '18343', '2017-08-24'),
(41, 198, 1, 2, 1, 3, '30189', '2017-08-24'),
(42, 102, 5, 1, 2, 3, '18750', '2017-08-24'),
(43, 181, 1, 1, 1, 2, '16860', '2017-08-25'),
(42, 123, 5, 2, 1, 3, '18750', '2017-08-25'),
(43, 186, 1, 1, 1, 3, '25290', '2017-08-25'),
(26, 183, 1, 1, 1, 1, '20400', '2017-08-25'),
(27, 51, 1, 2, 1, 3, '127650', '2017-08-25'),
(44, 34, 2, 2, 1, 2, '4810', '2017-08-26'),
(45, 118, 1, 1, 1, 2, '8308', '2017-08-26'),
(46, 142, 7, 1, 1, 3, '14145', '2017-08-26'),
(47, 103, 2, 1, 1, 2, '24072', '2017-08-26'),
(30, 49, 1, 1, 1, 3, '25428', '2017-08-26'),
(28, 41, 1, 1, 1, 3, '127650', '2017-08-28'),
(29, 11, 2, 1, 1, 1, '3955', '2017-08-28'),
(30, 89, 1, 1, 1, 1, '8476', '2017-08-28'),
(2, 160, 1, 1, 1, 3, '87120', '2017-08-28'),
(3, 160, 2, 1, 1, 2, '20800', '2017-08-28'),
(31, 15, 1, 1, 2, 3, '27000', '2017-08-29'),
(32, 93, 1, 2, 3, 3, '151800', '2017-08-29'),
(33, 46, 7, 1, 1, 1, '11845', '2017-08-29'),
(34, 24, 1, 1, 3, 1, '5526', '2017-08-29'),
(35, 151, 1, 2, 1, 1, '10278', '2017-08-29'),
(36, 18, 5, 1, 2, 1, '8855', '2017-08-30'),
(37, 109, 7, 1, 1, 1, '1758', '2017-08-30'),
(37, 12, 7, 2, 2, 2, '3516', '2017-08-30'),
(1, 12, 1, 2, 2, 1, '29040', '2017-08-30'),
(11, 96, 4, 1, 3, 2, '1182', '2017-08-31'),
(12, 57, 4, 2, 3, 2, '238', '2017-08-31'),
(38, 35, 1, 2, 1, 3, '9000', '2017-08-31'),
(36, 110, 5, 1, 1, 2, '17710', '2017-08-31'),
(1, 118, 1, 1, 1, 2, '58080', '2017-08-31'),
(39, 115, 5, 1, 1, 2, '26472', '2017-08-31'),
(40, 96, 7, 1, 3, 2, '11158', '2017-08-31'),
(21, 150, 1, 2, 1, 1, '10078', '2017-08-31'),
(28, 179, 1, 1, 1, 2, '85100', '2017-09-02'),
(29, 113, 2, 1, 1, 2, '7910', '2017-09-02'),
(30, 112, 1, 2, 1, 1, '8476', '2017-09-02'),
(2, 38, 1, 1, 2, 1, '29040', '2017-09-02'),
(3, 200, 2, 1, 1, 3, '31200', '2017-09-02'),
(31, 33, 1, 2, 1, 2, '18000', '2017-09-04'),
(32, 120, 1, 1, 2, 3, '151800', '2017-09-04'),
(33, 199, 7, 1, 3, 3, '35535', '2017-09-04'),
(34, 26, 1, 1, 3, 1, '5526', '2017-09-04'),
(35, 33, 1, 2, 1, 1, '10278', '2017-09-05'),
(36, 27, 5, 1, 1, 3, '26565', '2017-09-05'),
(48, 45, 1, 2, 1, 2, '9250', '2017-09-05'),
(49, 168, 1, 1, 2, 1, '10120', '2017-09-05'),
(30, 191, 1, 2, 1, 3, '25428', '2017-09-05'),
(2, 151, 1, 2, 1, 2, '58080', '2017-09-05'),
(35, 188, 1, 2, 3, 1, '10278', '2017-09-06'),
(36, 200, 5, 1, 1, 3, '26565', '2017-09-06'),
(48, 130, 1, 1, 2, 2, '9250', '2017-09-06'),
(43, 192, 1, 1, 2, 1, '8430', '2017-09-06'),
(26, 163, 1, 1, 3, 2, '40800', '2017-09-06'),
(27, 49, 1, 1, 1, 2, '85100', '2017-09-07'),
(44, 125, 2, 1, 1, 2, '4810', '2017-09-07'),
(45, 193, 1, 2, 1, 1, '4154', '2017-09-07'),
(31, 100, 1, 1, 2, 3, '27000', '2017-09-07'),
(32, 144, 1, 2, 3, 1, '50600', '2017-09-07'),
(33, 116, 7, 2, 2, 3, '35535', '2017-09-08'),
(48, 186, 1, 1, 1, 2, '9250', '2017-09-08'),
(49, 52, 1, 2, 1, 1, '10120', '2017-09-08'),
(36, 117, 5, 2, 3, 3, '26565', '2017-09-08'),
(50, 64, 5, 1, 1, 3, '26565', '2017-09-08'),
(51, 87, 1, 2, 3, 3, '34155', '2017-09-08'),
(2, 159, 1, 2, 1, 1, '29040', '2017-09-09'),
(3, 29, 2, 1, 2, 2, '20800', '2017-09-09'),
(4, 43, 1, 2, 3, 3, '59664', '2017-09-09'),
(52, 188, 1, 2, 3, 3, '30189', '2017-09-09'),
(53, 44, 1, 2, 1, 3, '294930', '2017-09-09'),
(54, 84, 1, 1, 3, 2, '61600', '2017-09-09'),
(55, 186, 4, 1, 1, 1, '2640', '2017-09-11'),
(42, 117, 5, 2, 3, 2, '12500', '2017-09-11'),
(43, 116, 1, 2, 2, 1, '8430', '2017-09-11'),
(33, 199, 7, 1, 3, 3, '35535', '2017-09-11'),
(34, 154, 1, 1, 2, 2, '11052', '2017-09-12'),
(35, 133, 1, 2, 3, 1, '10278', '2017-09-12'),
(36, 100, 5, 1, 2, 1, '8855', '2017-09-12'),
(37, 46, 7, 1, 1, 2, '3516', '2017-09-12'),
(37, 137, 7, 2, 3, 2, '3516', '2017-09-12'),
(1, 49, 1, 1, 1, 2, '58080', '2017-09-13'),
(41, 173, 1, 2, 3, 1, '10063', '2017-09-13'),
(11, 145, 4, 2, 2, 1, '591', '2017-09-13'),
(12, 189, 4, 1, 1, 3, '357', '2017-09-13'),
(38, 157, 1, 2, 1, 2, '6000', '2017-09-13'),
(36, 77, 5, 1, 1, 3, '26565', '2017-09-14'),
(1, 17, 1, 2, 1, 2, '58080', '2017-09-14'),
(39, 59, 5, 2, 1, 2, '26472', '2017-09-14'),
(40, 139, 7, 1, 3, 3, '16737', '2017-09-14'),
(21, 71, 1, 2, 3, 2, '20156', '2017-09-14'),
(43, 129, 1, 1, 3, 2, '16860', '2017-09-15'),
(33, 33, 7, 2, 1, 2, '23690', '2017-09-15'),
(34, 143, 1, 2, 1, 2, '11052', '2017-09-15'),
(35, 125, 1, 1, 1, 3, '30834', '2017-09-15'),
(36, 112, 5, 2, 1, 1, '8855', '2017-09-16'),
(4, 108, 1, 2, 2, 2, '39776', '2017-09-16'),
(5, 78, 1, 1, 2, 3, '22392', '2017-09-16'),
(6, 140, 1, 1, 1, 1, '10956', '2017-09-16'),
(7, 96, 3, 1, 3, 2, '1990', '2017-09-16'),
(8, 136, 1, 2, 2, 1, '27671', '2017-09-16'),
(9, 130, 1, 1, 2, 2, '75508', '2017-09-16'),
(10, 75, 1, 2, 1, 1, '8437', '2017-09-16'),
(37, 30, 7, 2, 1, 2, '3516', '2017-09-18'),
(1, 188, 1, 2, 3, 2, '58080', '2017-09-18'),
(11, 114, 4, 1, 1, 3, '1773', '2017-09-18'),
(12, 186, 4, 1, 1, 2, '238', '2017-09-18'),
(38, 122, 1, 2, 1, 2, '6000', '2017-09-18'),
(36, 73, 5, 2, 1, 2, '17710', '2017-09-18'),
(1, 31, 1, 1, 1, 3, '87120', '2017-09-19');
INSERT INTO `fact_penjualan_obat` (`id_obat`, `id_pembeli`, `id_satuan`, `id_gender`, `id_range_umur`, `jml_pembelian`, `total_bayar`, `tanggal`) VALUES
(39, 21, 5, 2, 3, 3, '39708', '2017-09-19'),
(40, 190, 7, 1, 2, 2, '11158', '2017-09-19'),
(21, 121, 1, 2, 2, 3, '30234', '2017-09-19'),
(22, 85, 1, 1, 2, 2, '36686', '2017-09-19'),
(41, 196, 1, 1, 3, 2, '20126', '2017-09-20'),
(42, 85, 5, 1, 2, 1, '6250', '2017-09-20'),
(43, 133, 1, 2, 3, 2, '16860', '2017-09-20'),
(42, 118, 5, 1, 1, 2, '12500', '2017-09-20'),
(43, 163, 1, 1, 3, 1, '8430', '2017-09-20'),
(26, 45, 1, 2, 1, 2, '40800', '2017-09-22'),
(27, 131, 1, 1, 1, 1, '42550', '2017-09-22'),
(44, 173, 2, 2, 3, 2, '4810', '2017-09-22'),
(45, 127, 1, 1, 2, 2, '8308', '2017-09-22'),
(46, 76, 7, 1, 1, 1, '4715', '2017-09-22'),
(47, 166, 2, 1, 3, 1, '12036', '2017-09-22'),
(30, 183, 1, 1, 1, 1, '8476', '2017-09-23'),
(28, 95, 1, 1, 1, 1, '42550', '2017-09-23'),
(29, 115, 2, 1, 1, 1, '3955', '2017-09-23'),
(30, 46, 1, 1, 1, 3, '25428', '2017-09-23'),
(2, 125, 1, 1, 1, 2, '58080', '2017-09-23'),
(3, 154, 2, 1, 2, 1, '10400', '2017-09-25'),
(6, 139, 1, 1, 3, 3, '32868', '2017-09-25'),
(7, 196, 3, 1, 3, 2, '1990', '2017-09-25'),
(8, 98, 1, 2, 1, 3, '83013', '2017-09-25'),
(9, 183, 1, 1, 1, 2, '75508', '2017-09-25'),
(10, 52, 1, 2, 1, 1, '8437', '2017-09-26'),
(37, 17, 7, 2, 1, 2, '3516', '2017-09-26'),
(1, 39, 1, 1, 3, 3, '87120', '2017-09-26'),
(11, 145, 4, 2, 2, 1, '591', '2017-09-26'),
(12, 188, 4, 2, 3, 3, '357', '2017-09-26'),
(38, 88, 1, 2, 1, 1, '3000', '2017-09-27'),
(36, 153, 5, 2, 2, 2, '17710', '2017-09-27'),
(1, 186, 1, 1, 1, 3, '87120', '2017-09-27'),
(39, 156, 5, 2, 3, 1, '13236', '2017-09-27'),
(40, 2, 7, 1, 1, 1, '5579', '2017-09-27'),
(21, 110, 1, 1, 1, 1, '10078', '2017-09-28'),
(22, 43, 1, 2, 3, 1, '18343', '2017-09-28'),
(41, 107, 1, 2, 1, 1, '10063', '2017-09-28'),
(42, 158, 5, 2, 1, 3, '18750', '2017-09-28'),
(43, 53, 1, 2, 1, 1, '8430', '2017-09-29'),
(42, 163, 5, 1, 3, 1, '6250', '2017-09-29'),
(43, 191, 1, 2, 1, 1, '8430', '2017-09-29'),
(26, 133, 1, 2, 3, 2, '40800', '2017-09-29'),
(27, 3, 1, 1, 2, 1, '42550', '2017-09-29'),
(3, 24, 2, 1, 3, 2, '20800', '2017-09-29'),
(4, 127, 1, 1, 2, 1, '19888', '2017-09-29'),
(5, 164, 1, 1, 1, 2, '14928', '2017-09-30'),
(6, 73, 1, 2, 1, 2, '21912', '2017-09-30'),
(7, 102, 3, 1, 2, 3, '2985', '2017-09-30'),
(8, 145, 1, 2, 2, 1, '27671', '2017-09-30'),
(9, 197, 1, 1, 1, 2, '75508', '2017-09-30'),
(10, 87, 1, 2, 3, 1, '8437', '2017-10-02'),
(11, 96, 4, 1, 3, 1, '591', '2017-10-02'),
(12, 64, 4, 1, 1, 3, '357', '2017-10-02'),
(13, 143, 1, 2, 1, 1, '3300', '2017-10-02'),
(14, 123, 5, 2, 1, 3, '350487', '2017-10-02'),
(15, 84, 5, 1, 3, 2, '77868', '2017-10-03'),
(16, 91, 5, 2, 3, 1, '16705', '2017-10-03'),
(17, 69, 5, 1, 2, 1, '40122', '2017-10-03'),
(18, 177, 6, 1, 1, 1, '16976', '2017-10-03'),
(19, 93, 7, 2, 3, 2, '9374', '2017-10-03'),
(20, 123, 1, 2, 1, 3, '50577', '2017-10-03'),
(21, 87, 1, 2, 3, 2, '20156', '2017-10-03'),
(22, 78, 1, 1, 2, 3, '55029', '2017-10-04'),
(23, 122, 7, 2, 1, 2, '5870', '2017-10-04'),
(24, 77, 4, 1, 1, 1, '509', '2017-10-04'),
(25, 17, 2, 2, 1, 1, '4375', '2017-10-04'),
(26, 34, 1, 2, 1, 2, '40800', '2017-10-04'),
(27, 135, 1, 2, 1, 2, '85100', '2017-10-05'),
(28, 188, 1, 2, 3, 3, '127650', '2017-10-05'),
(29, 78, 2, 1, 2, 2, '7910', '2017-10-05'),
(30, 141, 1, 1, 2, 3, '25428', '2017-10-05'),
(22, 99, 1, 1, 1, 1, '18434', '2017-10-05'),
(23, 187, 7, 2, 1, 1, '2935', '2017-10-05'),
(24, 125, 4, 1, 1, 3, '1527', '2017-10-05'),
(25, 162, 2, 1, 1, 3, '13125', '2017-10-05'),
(26, 57, 1, 2, 3, 3, '61200', '2017-10-06'),
(37, 59, 7, 2, 1, 1, '1758', '2017-10-06'),
(1, 137, 1, 2, 3, 1, '29040', '2017-10-06'),
(11, 36, 4, 2, 2, 3, '1773', '2017-10-06'),
(12, 172, 4, 2, 1, 3, '357', '2017-10-06'),
(38, 194, 1, 2, 3, 3, '9000', '2017-10-06'),
(36, 132, 5, 1, 1, 3, '26565', '2017-10-06'),
(1, 155, 1, 2, 3, 1, '29040', '2017-10-07'),
(39, 182, 5, 1, 3, 2, '26472', '2017-10-07'),
(40, 58, 7, 2, 1, 3, '16737', '2017-10-07'),
(21, 114, 1, 1, 1, 2, '20156', '2017-10-07'),
(22, 16, 1, 2, 1, 3, '55029', '2017-10-07'),
(41, 198, 1, 2, 1, 1, '10063', '2017-10-07'),
(42, 115, 5, 1, 1, 2, '12500', '2017-10-07'),
(43, 39, 1, 1, 3, 1, '8430', '2017-10-09'),
(42, 79, 5, 1, 1, 3, '18750', '2017-10-09'),
(43, 102, 1, 1, 2, 3, '25290', '2017-10-09'),
(26, 86, 1, 1, 1, 3, '61200', '2017-10-09'),
(27, 91, 1, 2, 3, 1, '42550', '2017-10-09'),
(3, 93, 2, 2, 3, 1, '10400', '2017-10-09'),
(4, 97, 1, 1, 3, 1, '19888', '2017-10-10'),
(5, 171, 1, 2, 1, 1, '7464', '2017-10-10'),
(6, 125, 1, 1, 1, 3, '32868', '2017-10-10'),
(7, 40, 3, 1, 1, 3, '2985', '2017-10-10'),
(8, 133, 1, 2, 3, 1, '27671', '2017-10-10'),
(9, 59, 1, 2, 1, 1, '37754', '2017-10-10'),
(10, 121, 1, 2, 2, 3, '25311', '2017-10-10'),
(11, 113, 4, 1, 1, 2, '1182', '2017-10-11'),
(32, 104, 1, 1, 1, 2, '101200', '2017-10-11'),
(33, 154, 7, 1, 2, 1, '11845', '2017-10-11'),
(34, 59, 1, 2, 1, 1, '5526', '2017-10-11'),
(35, 64, 1, 1, 1, 3, '30834', '2017-10-11'),
(36, 21, 5, 2, 3, 2, '17710', '2017-10-11'),
(37, 194, 7, 2, 3, 1, '1758', '2017-10-12'),
(37, 28, 7, 1, 1, 1, '1758', '2017-10-12'),
(1, 14, 1, 1, 1, 2, '58080', '2017-10-12'),
(11, 72, 4, 2, 3, 2, '1182', '2017-10-12'),
(12, 193, 4, 2, 1, 3, '357', '2017-10-12'),
(38, 75, 1, 2, 1, 2, '6000', '2017-10-12'),
(36, 61, 5, 1, 3, 2, '17710', '2017-10-12'),
(29, 2, 2, 1, 1, 1, '3955', '2017-10-13'),
(30, 87, 1, 2, 3, 1, '8476', '2017-10-13'),
(22, 117, 1, 2, 3, 1, '18343', '2017-10-13'),
(23, 121, 7, 2, 2, 2, '5870', '2017-10-13'),
(24, 49, 4, 1, 1, 1, '509', '2017-10-13'),
(25, 158, 2, 2, 1, 1, '4375', '2017-10-14'),
(26, 45, 1, 2, 1, 1, '20400', '2017-10-14'),
(37, 19, 7, 1, 1, 1, '1758', '2017-10-14'),
(1, 43, 1, 2, 3, 2, '58080', '2017-10-14'),
(11, 97, 4, 1, 3, 1, '591', '2017-10-14'),
(12, 52, 4, 2, 1, 1, '119', '2017-10-14'),
(38, 145, 1, 2, 2, 2, '6000', '2017-10-14'),
(36, 174, 5, 1, 1, 1, '8855', '2017-10-14'),
(1, 161, 1, 1, 1, 2, '58080', '2017-10-14'),
(7, 22, 3, 2, 1, 1, '995', '2017-10-16'),
(8, 174, 1, 1, 1, 2, '55342', '2017-10-16'),
(9, 172, 1, 2, 1, 3, '113262', '2017-10-16'),
(10, 33, 1, 2, 1, 2, '16874', '2017-10-16'),
(11, 88, 4, 2, 1, 2, '1182', '2017-10-16'),
(12, 68, 4, 1, 2, 2, '238', '2017-10-16'),
(13, 131, 1, 1, 1, 1, '3300', '2017-10-17'),
(14, 131, 5, 1, 1, 2, '233658', '2017-10-17'),
(15, 85, 5, 1, 2, 2, '77868', '2017-10-17'),
(16, 135, 5, 2, 1, 3, '50115', '2017-10-17'),
(17, 117, 5, 2, 3, 3, '120366', '2017-10-17'),
(18, 82, 6, 1, 3, 3, '50928', '2017-10-17'),
(19, 50, 7, 2, 1, 3, '14061', '2017-10-18'),
(20, 197, 1, 1, 1, 2, '33718', '2017-10-18'),
(21, 46, 1, 1, 1, 3, '30234', '2017-10-18'),
(22, 191, 1, 2, 1, 1, '18343', '2017-10-18'),
(23, 2, 7, 1, 1, 2, '5870', '2017-10-18'),
(24, 59, 4, 2, 1, 1, '509', '2017-10-18'),
(25, 82, 2, 1, 3, 3, '13125', '2017-10-19'),
(26, 75, 1, 2, 1, 2, '40800', '2017-10-19'),
(27, 199, 1, 1, 3, 2, '85100', '2017-10-19'),
(28, 175, 1, 2, 3, 1, '42550', '2017-10-19'),
(29, 195, 2, 1, 1, 1, '3955', '2017-10-19'),
(30, 151, 1, 2, 1, 1, '8476', '2017-10-19'),
(2, 129, 1, 1, 3, 1, '29040', '2017-10-19'),
(3, 187, 2, 2, 1, 1, '10400', '2017-10-20'),
(31, 14, 1, 1, 1, 1, '9000', '2017-10-20'),
(32, 154, 1, 1, 2, 2, '101200', '2017-10-20'),
(33, 187, 7, 2, 1, 2, '23690', '2017-10-20'),
(34, 139, 1, 1, 3, 3, '16578', '2017-10-20'),
(35, 86, 1, 1, 1, 1, '10278', '2017-10-20'),
(24, 104, 4, 1, 1, 1, '509', '2017-10-21'),
(25, 93, 2, 2, 3, 3, '13125', '2017-10-21'),
(26, 181, 1, 1, 1, 1, '20400', '2017-10-21'),
(27, 164, 1, 1, 1, 2, '85100', '2017-10-21'),
(28, 80, 1, 1, 1, 2, '85100', '2017-10-21'),
(29, 24, 2, 1, 3, 1, '3955', '2017-10-21'),
(30, 81, 1, 1, 2, 2, '16952', '2017-10-23'),
(22, 154, 1, 1, 2, 2, '36868', '2017-10-23'),
(23, 193, 7, 2, 1, 2, '5870', '2017-10-23'),
(24, 91, 4, 2, 3, 3, '1527', '2017-10-23'),
(25, 132, 2, 1, 1, 3, '13125', '2017-10-23'),
(26, 89, 1, 1, 1, 2, '40800', '2017-10-23'),
(37, 152, 7, 2, 1, 1, '1758', '2017-10-23'),
(1, 111, 1, 1, 1, 2, '58080', '2017-10-24'),
(11, 46, 4, 1, 1, 3, '1773', '2017-10-24'),
(12, 178, 4, 1, 1, 2, '238', '2017-10-24'),
(38, 98, 1, 2, 1, 1, '3000', '2017-10-24'),
(36, 101, 5, 1, 1, 1, '8855', '2017-10-24'),
(1, 9, 1, 1, 1, 2, '58080', '2017-10-24'),
(39, 193, 5, 2, 1, 1, '13236', '2017-10-25'),
(40, 26, 7, 1, 3, 2, '11158', '2017-10-25'),
(21, 130, 1, 1, 2, 1, '10078', '2017-10-25'),
(22, 35, 1, 2, 1, 3, '55029', '2017-10-25'),
(41, 171, 1, 2, 1, 2, '20126', '2017-10-25'),
(42, 128, 5, 1, 3, 1, '6250', '2017-10-25'),
(43, 149, 1, 1, 2, 1, '8430', '2017-10-25'),
(42, 30, 5, 2, 1, 3, '18750', '2017-10-26'),
(43, 103, 1, 1, 1, 3, '25290', '2017-10-26'),
(26, 81, 1, 1, 2, 3, '61200', '2017-10-26'),
(27, 40, 1, 1, 1, 3, '127650', '2017-10-26'),
(3, 70, 2, 1, 1, 3, '31200', '2017-10-26'),
(4, 148, 1, 1, 3, 2, '39776', '2017-10-26'),
(5, 46, 1, 1, 1, 1, '7464', '2017-10-26'),
(6, 4, 1, 1, 2, 2, '21912', '2017-10-27'),
(35, 190, 1, 1, 2, 1, '10278', '2017-10-27'),
(24, 163, 4, 1, 3, 3, '1527', '2017-10-27'),
(25, 83, 2, 1, 1, 3, '13125', '2017-10-27'),
(26, 178, 1, 1, 1, 1, '20400', '2017-10-27'),
(27, 120, 1, 1, 2, 2, '85100', '2017-10-27'),
(28, 197, 1, 1, 1, 3, '127650', '2017-10-28'),
(29, 72, 2, 2, 3, 2, '7910', '2017-10-28'),
(30, 77, 1, 1, 1, 1, '8476', '2017-10-28'),
(22, 25, 1, 1, 1, 2, '36868', '2017-10-28'),
(23, 185, 7, 1, 1, 3, '8805', '2017-10-28'),
(24, 109, 4, 1, 1, 2, '1018', '2017-10-30'),
(25, 61, 2, 1, 3, 1, '4375', '2017-10-30'),
(26, 45, 1, 2, 1, 1, '20400', '2017-10-30'),
(37, 65, 7, 1, 1, 2, '3516', '2017-10-30'),
(1, 150, 1, 2, 1, 2, '58080', '2017-10-30'),
(1, 141, 1, 1, 2, 2, '58080', '2017-10-31'),
(11, 106, 4, 2, 2, 1, '591', '2017-10-31'),
(12, 75, 4, 2, 1, 3, '357', '2017-10-31'),
(38, 9, 1, 1, 1, 3, '9000', '2017-10-31'),
(36, 134, 5, 2, 3, 1, '8855', '2017-10-31'),
(1, 155, 1, 2, 3, 2, '58080', '2017-10-31'),
(39, 73, 5, 2, 1, 3, '39708', '2017-11-01'),
(40, 198, 7, 2, 1, 3, '16737', '2017-11-01'),
(21, 21, 1, 2, 3, 1, '10078', '2017-11-01'),
(22, 78, 1, 1, 2, 1, '18343', '2017-11-01'),
(41, 178, 1, 1, 1, 3, '30189', '2017-11-01'),
(1, 106, 1, 2, 2, 3, '87120', '2017-11-01'),
(11, 86, 4, 1, 1, 1, '591', '2017-11-02'),
(12, 127, 4, 1, 2, 3, '357', '2017-11-02'),
(38, 153, 1, 2, 2, 2, '6000', '2017-11-02'),
(36, 158, 5, 2, 1, 1, '8855', '2017-11-02'),
(35, 64, 1, 1, 1, 3, '30834', '2017-11-02'),
(24, 8, 4, 2, 2, 2, '1018', '2017-11-02'),
(25, 120, 2, 1, 2, 3, '13125', '2017-11-03'),
(26, 158, 1, 2, 1, 2, '40800', '2017-11-03'),
(27, 59, 1, 2, 1, 1, '42550', '2017-11-03'),
(28, 86, 1, 1, 1, 1, '42550', '2017-11-03'),
(29, 89, 2, 1, 1, 1, '3955', '2017-11-03'),
(12, 100, 4, 1, 2, 2, '238', '2017-11-03'),
(38, 56, 1, 2, 3, 2, '6000', '2017-11-04'),
(36, 118, 5, 1, 1, 2, '17710', '2017-11-04'),
(1, 191, 1, 2, 1, 3, '87120', '2017-11-04'),
(39, 96, 5, 1, 3, 2, '26472', '2017-11-04'),
(40, 123, 7, 2, 1, 1, '5579', '2017-11-04'),
(21, 111, 1, 1, 1, 3, '30234', '2017-11-04'),
(22, 196, 1, 1, 3, 1, '18343', '2017-11-04'),
(41, 190, 1, 1, 2, 1, '10063', '2017-11-06'),
(36, 97, 5, 1, 3, 3, '26565', '2017-11-06'),
(35, 36, 1, 2, 2, 2, '20556', '2017-11-06'),
(24, 128, 4, 1, 3, 2, '1018', '2017-11-06'),
(25, 33, 2, 2, 1, 3, '13125', '2017-11-06'),
(26, 114, 1, 1, 1, 3, '61200', '2017-11-06'),
(27, 68, 1, 1, 2, 1, '42550', '2017-11-07'),
(28, 25, 1, 1, 1, 3, '127650', '2017-11-07'),
(29, 137, 2, 2, 3, 1, '3955', '2017-11-07'),
(12, 146, 4, 1, 3, 2, '238', '2017-11-07'),
(35, 172, 1, 2, 1, 1, '10278', '2017-11-07'),
(24, 12, 4, 2, 2, 2, '1018', '2017-11-07'),
(25, 41, 2, 1, 1, 2, '8750', '2017-11-08'),
(26, 28, 1, 1, 1, 3, '61200', '2017-11-08'),
(27, 128, 1, 1, 3, 3, '127650', '2017-11-08'),
(28, 19, 1, 1, 1, 1, '42550', '2017-11-08'),
(29, 46, 2, 1, 1, 1, '3955', '2017-11-09'),
(30, 72, 1, 2, 3, 1, '8476', '2017-11-09'),
(37, 140, 7, 1, 1, 2, '3516', '2017-11-09'),
(1, 190, 1, 1, 2, 2, '58080', '2017-11-09'),
(11, 100, 4, 1, 2, 1, '591', '2017-11-09'),
(12, 124, 4, 1, 3, 3, '357', '2017-11-10'),
(38, 176, 1, 1, 3, 2, '6000', '2017-11-10'),
(36, 100, 5, 1, 2, 3, '26565', '2017-11-10'),
(1, 179, 1, 1, 1, 1, '29040', '2017-11-10'),
(39, 124, 5, 1, 3, 3, '39708', '2017-11-10'),
(40, 118, 7, 1, 1, 1, '5579', '2017-11-11'),
(21, 95, 1, 1, 1, 3, '30234', '2017-11-11'),
(28, 131, 1, 1, 1, 2, '85100', '2017-11-11'),
(33, 99, 7, 1, 1, 1, '11845', '2017-11-11'),
(48, 36, 1, 2, 2, 3, '13875', '2017-11-11'),
(49, 85, 1, 1, 2, 2, '20240', '2017-11-11'),
(36, 90, 5, 1, 1, 2, '17710', '2017-11-11'),
(50, 181, 5, 1, 1, 1, '8855', '2017-11-13'),
(51, 165, 1, 1, 1, 2, '22770', '2017-11-13'),
(56, 24, 1, 1, 3, 2, '14182', '2017-11-13'),
(3, 137, 2, 2, 3, 3, '31200', '2017-11-13'),
(4, 186, 1, 1, 1, 2, '39776', '2017-11-13'),
(5, 76, 1, 1, 1, 1, '7464', '2017-11-13'),
(6, 93, 1, 2, 3, 2, '21912', '2017-11-14'),
(7, 174, 3, 1, 1, 2, '1990', '2017-11-14'),
(8, 172, 1, 2, 1, 3, '83013', '2017-11-14'),
(9, 123, 1, 2, 1, 2, '75508', '2017-11-14'),
(10, 133, 1, 2, 3, 3, '25311', '2017-11-15'),
(1, 198, 1, 2, 1, 3, '87120', '2017-11-15'),
(11, 151, 4, 2, 1, 1, '591', '2017-11-15'),
(12, 161, 4, 1, 1, 3, '357', '2017-11-15'),
(38, 182, 1, 1, 3, 3, '9000', '2017-11-15'),
(36, 191, 5, 2, 1, 2, '17710', '2017-11-16'),
(1, 56, 1, 2, 3, 3, '87120', '2017-11-16'),
(39, 164, 5, 1, 1, 1, '13236', '2017-11-16'),
(40, 164, 7, 1, 1, 2, '11158', '2017-11-16'),
(21, 190, 1, 1, 2, 2, '20156', '2017-11-16'),
(28, 176, 1, 1, 3, 2, '85100', '2017-11-16'),
(38, 10, 1, 1, 3, 2, '6000', '2017-11-17'),
(36, 43, 5, 2, 3, 1, '8855', '2017-11-17'),
(1, 106, 1, 2, 2, 1, '29040', '2017-11-17'),
(39, 43, 5, 2, 3, 2, '26472', '2017-11-17'),
(41, 60, 1, 1, 1, 3, '30189', '2017-11-18'),
(36, 100, 5, 1, 2, 2, '17710', '2017-11-18'),
(35, 148, 1, 1, 3, 2, '20556', '2017-11-18'),
(24, 101, 4, 1, 1, 1, '509', '2017-11-18'),
(25, 74, 2, 1, 1, 2, '8750', '2017-11-18'),
(26, 66, 1, 1, 1, 3, '61200', '2017-11-20'),
(27, 77, 1, 1, 1, 3, '127650', '2017-11-20'),
(19, 71, 7, 2, 3, 2, '9374', '2017-11-20'),
(20, 184, 1, 1, 1, 1, '16859', '2017-11-20'),
(21, 122, 1, 2, 1, 1, '10078', '2017-11-20'),
(22, 185, 1, 1, 1, 3, '55029', '2017-11-20'),
(23, 45, 7, 2, 1, 3, '8805', '2017-11-21'),
(24, 3, 4, 1, 2, 1, '509', '2017-11-21'),
(25, 15, 2, 1, 2, 2, '8750', '2017-11-21'),
(1, 96, 1, 1, 3, 2, '58080', '2017-11-21'),
(39, 136, 5, 2, 2, 3, '39708', '2017-11-21'),
(20, 56, 1, 2, 3, 1, '16859', '2017-11-21'),
(57, 198, 2, 2, 1, 2, '29122', '2017-11-21'),
(54, 24, 1, 1, 3, 1, '30800', '2017-11-22'),
(55, 151, 4, 2, 1, 1, '2640', '2017-11-22'),
(7, 196, 3, 1, 3, 2, '1990', '2017-11-22'),
(8, 194, 1, 2, 3, 2, '55342', '2017-11-22'),
(9, 152, 1, 2, 1, 2, '75508', '2017-11-22'),
(10, 157, 1, 2, 1, 2, '16874', '2017-11-23'),
(20, 71, 1, 2, 3, 3, '50577', '2017-11-23'),
(57, 111, 2, 1, 1, 1, '14561', '2017-11-23'),
(54, 112, 1, 2, 1, 2, '61600', '2017-11-23'),
(55, 19, 4, 1, 1, 2, '5280', '2017-11-23'),
(7, 190, 3, 1, 2, 1, '995', '2017-11-23'),
(8, 31, 1, 1, 1, 3, '83013', '2017-11-24'),
(9, 24, 1, 1, 3, 2, '75508', '2017-11-24'),
(10, 103, 1, 1, 1, 1, '8437', '2017-11-24'),
(3, 169, 2, 1, 1, 3, '31200', '2017-11-24'),
(4, 131, 1, 1, 1, 3, '59664', '2017-11-24'),
(5, 55, 1, 2, 2, 3, '22392', '2017-11-24'),
(6, 66, 1, 1, 1, 3, '32868', '2017-11-25'),
(7, 13, 3, 1, 1, 2, '1990', '2017-11-25'),
(39, 87, 5, 2, 3, 2, '26472', '2017-11-25'),
(41, 117, 1, 2, 3, 2, '20126', '2017-11-25'),
(36, 171, 5, 2, 1, 2, '17710', '2017-11-25'),
(35, 53, 1, 2, 1, 2, '20556', '2017-11-27'),
(24, 47, 4, 1, 2, 1, '509', '2017-11-27'),
(25, 70, 2, 1, 1, 1, '4375', '2017-11-27'),
(26, 89, 1, 1, 1, 2, '40800', '2017-11-27'),
(27, 33, 1, 2, 1, 2, '85100', '2017-11-27'),
(19, 94, 7, 2, 2, 1, '4687', '2017-11-28'),
(20, 96, 1, 1, 3, 3, '50577', '2017-11-28'),
(21, 35, 1, 2, 1, 1, '10078', '2017-11-28'),
(22, 181, 1, 1, 1, 1, '18343', '2017-11-28'),
(25, 91, 2, 2, 3, 2, '8750', '2017-11-28'),
(26, 128, 1, 1, 3, 2, '40800', '2017-11-29'),
(27, 19, 1, 1, 1, 2, '85100', '2017-11-29'),
(28, 30, 1, 2, 1, 2, '85100', '2017-11-29'),
(29, 97, 2, 1, 3, 1, '3955', '2017-11-29'),
(25, 84, 2, 1, 3, 3, '13125', '2017-11-29'),
(26, 91, 1, 2, 3, 3, '61200', '2017-11-29'),
(37, 22, 7, 2, 1, 2, '3516', '2017-11-30'),
(1, 4, 1, 1, 2, 2, '58080', '2017-11-30'),
(11, 151, 4, 2, 1, 3, '1773', '2017-11-30'),
(12, 157, 4, 2, 1, 3, '357', '2017-11-30'),
(12, 170, 4, 1, 1, 1, '119', '2017-11-30'),
(38, 52, 1, 2, 1, 2, '6000', '2017-12-02'),
(36, 189, 5, 1, 1, 2, '17710', '2017-12-02'),
(1, 50, 1, 2, 1, 3, '87120', '2017-12-02'),
(39, 102, 5, 1, 2, 3, '39708', '2017-12-02'),
(40, 1, 7, 1, 1, 1, '5579', '2017-12-02'),
(29, 134, 2, 2, 3, 2, '7910', '2017-12-02'),
(12, 41, 4, 1, 1, 2, '238', '2017-12-04'),
(35, 103, 1, 1, 1, 1, '10278', '2017-12-04'),
(24, 18, 4, 1, 2, 1, '509', '2017-12-04'),
(25, 184, 2, 1, 1, 2, '8750', '2017-12-04'),
(26, 58, 1, 2, 1, 3, '61200', '2017-12-04'),
(27, 37, 1, 2, 2, 2, '85100', '2017-12-04'),
(41, 66, 1, 1, 1, 1, '10063', '2017-12-04'),
(42, 34, 5, 2, 1, 3, '18750', '2017-12-05'),
(43, 145, 1, 2, 2, 1, '8430', '2017-12-05'),
(42, 192, 5, 1, 2, 1, '6250', '2017-12-05'),
(43, 26, 1, 1, 3, 3, '25290', '2017-12-05'),
(26, 128, 1, 1, 3, 1, '20400', '2017-12-05'),
(27, 1, 1, 1, 1, 1, '42550', '2017-12-05'),
(36, 23, 5, 2, 1, 1, '8855', '2017-12-05'),
(35, 90, 1, 1, 1, 3, '30834', '2017-12-06'),
(24, 160, 4, 1, 1, 3, '1527', '2017-12-06'),
(25, 82, 2, 1, 3, 3, '13125', '2017-12-06'),
(26, 136, 1, 2, 2, 2, '40800', '2017-12-06'),
(27, 143, 1, 2, 1, 2, '85100', '2017-12-06'),
(43, 103, 1, 1, 1, 1, '8430', '2017-12-07'),
(26, 183, 1, 1, 1, 2, '40800', '2017-12-07'),
(27, 37, 1, 2, 2, 3, '127650', '2017-12-07'),
(27, 185, 1, 1, 1, 1, '42550', '2017-12-07'),
(41, 81, 1, 1, 2, 2, '20126', '2017-12-07'),
(42, 60, 5, 1, 1, 3, '18750', '2017-12-07'),
(43, 100, 1, 1, 2, 3, '25290', '2017-12-08'),
(38, 31, 1, 1, 1, 2, '6000', '2017-12-08'),
(36, 126, 5, 1, 1, 1, '8855', '2017-12-08'),
(29, 64, 2, 1, 1, 1, '3955', '2017-12-08'),
(30, 60, 1, 1, 1, 1, '8476', '2017-12-08'),
(22, 108, 1, 2, 2, 3, '55029', '2017-12-08'),
(23, 105, 7, 2, 2, 1, '2935', '2017-12-09'),
(28, 141, 1, 1, 2, 3, '127650', '2017-12-09'),
(38, 22, 1, 2, 1, 1, '3000', '2017-12-09'),
(36, 125, 5, 1, 1, 1, '8855', '2017-12-09'),
(1, 196, 1, 1, 3, 2, '58080', '2017-12-09'),
(39, 71, 5, 2, 3, 2, '26472', '2017-12-11'),
(41, 196, 1, 1, 3, 1, '10063', '2017-12-11'),
(36, 78, 5, 1, 2, 2, '17710', '2017-12-11'),
(35, 79, 1, 1, 1, 3, '30834', '2017-12-11'),
(24, 101, 4, 1, 1, 1, '509', '2017-12-11'),
(38, 74, 1, 1, 1, 1, '3000', '2017-12-11'),
(33, 90, 7, 1, 1, 3, '35535', '2017-12-11'),
(48, 110, 1, 1, 1, 1, '4625', '2017-12-12'),
(49, 41, 1, 1, 1, 2, '20240', '2017-12-12'),
(36, 164, 5, 1, 1, 2, '17710', '2017-12-12'),
(56, 23, 1, 2, 1, 3, '21273', '2017-12-12'),
(37, 155, 7, 2, 3, 2, '3516', '2017-12-12'),
(25, 195, 2, 1, 1, 2, '8750', '2017-12-13'),
(26, 54, 1, 1, 2, 1, '20400', '2017-12-13'),
(27, 38, 1, 1, 2, 1, '42550', '2017-12-13'),
(28, 14, 1, 1, 1, 1, '42550', '2017-12-13'),
(29, 23, 2, 2, 1, 1, '3955', '2017-12-13'),
(30, 163, 1, 1, 3, 1, '8476', '2017-12-13'),
(2, 146, 1, 1, 3, 3, '87120', '2017-12-13'),
(3, 36, 2, 2, 2, 3, '31200', '2017-12-14'),
(31, 111, 1, 1, 1, 1, '9000', '2017-12-14'),
(39, 199, 5, 1, 3, 3, '39708', '2017-12-14'),
(41, 82, 1, 1, 3, 2, '20126', '2017-12-14'),
(36, 187, 5, 2, 1, 1, '8855', '2017-12-14'),
(35, 70, 1, 1, 1, 2, '20556', '2017-12-14'),
(24, 2, 4, 1, 1, 3, '1527', '2017-12-15'),
(38, 166, 1, 1, 3, 2, '6000', '2017-12-15'),
(33, 54, 7, 1, 2, 2, '23690', '2017-12-15'),
(48, 168, 1, 1, 2, 2, '9250', '2017-12-15'),
(37, 126, 7, 1, 1, 1, '1758', '2017-12-15'),
(25, 107, 2, 2, 1, 2, '8750', '2017-12-15'),
(26, 152, 1, 2, 1, 3, '61200', '2017-12-16'),
(27, 128, 1, 1, 3, 1, '42550', '2017-12-16'),
(28, 143, 1, 2, 1, 2, '85100', '2017-12-16'),
(29, 33, 2, 2, 1, 1, '3955', '2017-12-16'),
(29, 39, 2, 1, 3, 1, '3955', '2017-12-16'),
(30, 73, 1, 2, 1, 3, '25428', '2017-12-18'),
(2, 40, 1, 1, 1, 1, '29040', '2017-12-18'),
(3, 88, 2, 2, 1, 1, '10400', '2017-12-18'),
(6, 177, 1, 1, 1, 3, '32868', '2017-12-18'),
(7, 164, 3, 1, 1, 1, '995', '2017-12-18'),
(8, 176, 1, 1, 3, 1, '27671', '2017-12-19'),
(9, 54, 1, 1, 2, 2, '75508', '2017-12-19'),
(10, 95, 1, 1, 1, 3, '25311', '2017-12-19'),
(37, 65, 7, 1, 1, 1, '1758', '2017-12-19'),
(1, 181, 1, 1, 1, 2, '58080', '2017-12-19'),
(11, 13, 4, 1, 1, 1, '591', '2017-12-20'),
(12, 45, 4, 2, 1, 1, '119', '2017-12-20'),
(2, 85, 1, 1, 2, 1, '29040', '2017-12-20'),
(3, 174, 2, 1, 1, 3, '31200', '2017-12-20'),
(4, 30, 1, 2, 1, 2, '39776', '2017-12-20'),
(5, 57, 1, 2, 3, 1, '7464', '2017-12-21'),
(6, 108, 1, 2, 2, 2, '21912', '2017-12-21'),
(7, 63, 3, 1, 1, 2, '1990', '2017-12-21'),
(8, 167, 1, 1, 2, 2, '55342', '2017-12-21'),
(9, 180, 1, 1, 3, 1, '37754', '2017-12-21'),
(10, 85, 1, 1, 2, 3, '25311', '2017-12-21'),
(11, 150, 4, 2, 1, 3, '1773', '2017-12-21'),
(12, 197, 4, 1, 1, 2, '238', '2017-12-21'),
(13, 124, 1, 1, 3, 2, '6600', '2017-12-22'),
(14, 152, 5, 2, 1, 3, '350487', '2017-12-22'),
(15, 129, 5, 1, 3, 1, '38934', '2017-12-22'),
(16, 115, 5, 1, 1, 3, '50115', '2017-12-22'),
(20, 110, 1, 1, 1, 1, '16859', '2017-12-22'),
(57, 92, 2, 1, 1, 2, '29122', '2017-12-22'),
(54, 82, 1, 1, 3, 1, '30800', '2017-12-23'),
(55, 191, 4, 2, 1, 2, '5280', '2017-12-27'),
(7, 53, 3, 2, 1, 2, '1990', '2017-12-27'),
(8, 188, 1, 2, 3, 2, '55342', '2017-12-27'),
(9, 129, 1, 1, 3, 2, '75508', '2017-12-27'),
(10, 196, 1, 1, 3, 1, '8437', '2017-12-27'),
(20, 14, 1, 1, 1, 3, '50577', '2017-12-28'),
(57, 10, 2, 1, 3, 1, '14561', '2017-12-28'),
(54, 196, 1, 1, 3, 2, '61600', '2017-12-28'),
(55, 162, 4, 1, 1, 1, '2640', '2017-12-28'),
(7, 72, 3, 2, 3, 3, '2985', '2017-12-29'),
(8, 145, 1, 2, 2, 3, '83013', '2017-12-29'),
(57, 191, 2, 2, 1, 1, '14561', '2017-12-29'),
(54, 187, 1, 2, 1, 1, '30800', '2017-12-29'),
(55, 21, 4, 2, 3, 2, '5280', '2017-12-29'),
(7, 30, 3, 2, 1, 1, '995', '2017-12-29'),
(8, 117, 1, 2, 3, 3, '83013', '2017-12-30'),
(9, 116, 1, 2, 2, 1, '37754', '2017-12-30'),
(10, 37, 1, 2, 2, 1, '8437', '2017-12-30'),
(20, 11, 1, 1, 1, 3, '50577', '2017-12-30'),
(57, 13, 2, 1, 1, 3, '43683', '2017-12-30'),
(4, 155, 1, 2, 3, 1, '19888', '2018-01-02'),
(5, 70, 1, 1, 1, 3, '22392', '2018-01-02'),
(6, 94, 1, 2, 2, 2, '21912', '2018-01-02'),
(7, 34, 3, 2, 1, 1, '995', '2018-01-02'),
(8, 73, 1, 2, 1, 2, '55342', '2018-01-02'),
(9, 33, 1, 2, 1, 3, '113262', '2018-01-02'),
(10, 48, 1, 1, 2, 1, '8437', '2018-01-02'),
(49, 8, 1, 2, 2, 2, '20240', '2018-01-02'),
(36, 108, 5, 2, 2, 1, '8855', '2018-01-02'),
(8, 129, 1, 1, 3, 3, '83013', '2018-01-03'),
(9, 103, 1, 1, 1, 3, '113262', '2018-01-03'),
(10, 83, 1, 1, 1, 2, '16874', '2018-01-03'),
(31, 79, 1, 1, 1, 2, '18000', '2018-01-03'),
(1, 99, 1, 1, 1, 3, '87120', '2018-01-03'),
(2, 97, 1, 1, 3, 3, '87120', '2018-01-03'),
(3, 120, 2, 1, 2, 2, '20800', '2018-01-03'),
(4, 2, 1, 1, 1, 1, '19888', '2018-01-04'),
(5, 15, 1, 1, 2, 2, '14928', '2018-01-04'),
(6, 175, 1, 2, 3, 1, '10956', '2018-01-04'),
(7, 22, 3, 2, 1, 3, '2985', '2018-01-04'),
(8, 26, 1, 1, 3, 2, '55342', '2018-01-04'),
(9, 176, 1, 1, 3, 2, '75508', '2018-01-04'),
(10, 49, 1, 1, 1, 3, '25311', '2018-01-04'),
(11, 150, 4, 2, 1, 3, '1773', '2018-01-04'),
(12, 157, 4, 2, 1, 2, '238', '2018-01-05'),
(21, 72, 1, 2, 3, 1, '10078', '2018-01-05'),
(26, 22, 1, 2, 1, 1, '20400', '2018-01-05'),
(27, 144, 1, 2, 3, 3, '127650', '2108-01-05'),
(28, 93, 1, 2, 3, 3, '127650', '2018-01-06'),
(29, 54, 2, 1, 2, 2, '7910', '2018-01-06'),
(30, 161, 1, 1, 1, 2, '16952', '2018-01-06'),
(19, 86, 7, 1, 1, 1, '4687', '2018-01-06'),
(20, 134, 1, 2, 3, 1, '16859', '2018-01-06'),
(21, 65, 1, 1, 1, 1, '10078', '2018-01-08'),
(22, 151, 1, 2, 1, 1, '18343', '2018-01-08'),
(23, 115, 7, 1, 1, 3, '8805', '2018-01-08'),
(24, 130, 4, 1, 2, 3, '1527', '2018-01-08'),
(25, 99, 2, 1, 1, 2, '8750', '2018-01-08'),
(26, 99, 1, 1, 1, 2, '40800', '2018-01-09'),
(27, 174, 1, 1, 1, 3, '127650', '2018-01-09'),
(28, 82, 1, 1, 3, 2, '85100', '2018-01-09'),
(29, 24, 2, 1, 3, 3, '11865', '2018-01-09'),
(30, 168, 1, 1, 2, 1, '8476', '2018-01-10'),
(2, 49, 1, 1, 1, 3, '87120', '2018-01-10'),
(3, 90, 2, 1, 1, 3, '31200', '2018-01-10'),
(31, 14, 1, 1, 1, 2, '18000', '2018-01-10'),
(32, 171, 1, 2, 1, 3, '151800', '2018-01-11'),
(33, 89, 7, 1, 1, 1, '11845', '2018-01-11'),
(34, 1, 1, 1, 1, 3, '16578', '2018-01-11'),
(35, 69, 1, 1, 2, 3, '30834', '2018-01-11'),
(36, 200, 5, 1, 1, 3, '26565', '2018-01-11'),
(37, 160, 7, 1, 1, 1, '1758', '2018-01-11'),
(37, 132, 7, 1, 1, 2, '3516', '2018-01-12'),
(1, 108, 1, 2, 2, 2, '58080', '2018-01-12'),
(11, 153, 4, 2, 2, 2, '1182', '2018-01-12'),
(12, 53, 4, 2, 1, 1, '119', '2018-01-12'),
(38, 1, 1, 1, 1, 1, '3000', '2018-01-12'),
(36, 43, 5, 2, 3, 1, '8855', '2018-01-13'),
(1, 198, 1, 2, 1, 1, '29040', '2018-01-13'),
(39, 96, 5, 1, 3, 3, '39708', '2018-01-13'),
(40, 10, 7, 1, 3, 1, '5579', '2018-01-13'),
(21, 50, 1, 2, 1, 1, '10078', '2018-01-13'),
(22, 147, 1, 1, 2, 3, '55029', '2018-01-13'),
(41, 70, 1, 1, 1, 3, '30189', '2018-01-15'),
(42, 118, 5, 1, 1, 2, '12500', '2018-01-15'),
(43, 141, 1, 1, 2, 1, '8430', '2018-01-15'),
(42, 179, 5, 1, 1, 2, '12500', '2018-01-15'),
(43, 52, 1, 2, 1, 3, '25290', '2018-01-15'),
(26, 188, 1, 2, 3, 2, '40800', '2018-01-16'),
(27, 19, 1, 1, 1, 2, '85100', '2018-01-16'),
(44, 199, 2, 1, 3, 2, '4810', '2018-01-16'),
(45, 14, 1, 1, 1, 3, '12462', '2018-01-16'),
(46, 14, 7, 1, 1, 2, '9430', '2018-01-16'),
(47, 111, 2, 1, 1, 2, '24072', '2018-01-17'),
(30, 155, 1, 2, 3, 3, '25428', '2018-01-17'),
(28, 23, 1, 2, 1, 1, '42550', '2018-01-17'),
(29, 8, 2, 2, 2, 3, '11865', '2018-01-17'),
(30, 7, 1, 2, 1, 3, '25428', '2018-01-18'),
(2, 170, 1, 1, 1, 1, '29040', '2018-01-18'),
(3, 46, 2, 1, 1, 3, '31200', '2018-01-18'),
(31, 177, 1, 1, 1, 1, '9000', '2018-01-19'),
(32, 128, 1, 1, 3, 2, '101200', '2018-01-19'),
(33, 190, 7, 1, 2, 3, '35535', '2018-01-19'),
(34, 74, 1, 1, 1, 1, '5526', '2018-01-19'),
(35, 23, 1, 2, 1, 1, '10278', '2018-01-20'),
(36, 20, 5, 1, 1, 3, '26565', '2018-01-20'),
(37, 60, 7, 1, 1, 3, '5274', '2018-01-20'),
(37, 129, 7, 1, 3, 2, '3516', '2018-01-22'),
(1, 115, 1, 1, 1, 2, '58080', '2018-01-22'),
(11, 139, 4, 1, 3, 2, '1182', '2018-01-22'),
(12, 127, 4, 1, 2, 2, '238', '2018-01-22'),
(38, 151, 1, 2, 1, 3, '9000', '2018-01-22'),
(36, 131, 5, 1, 1, 2, '17710', '2018-01-23'),
(1, 145, 1, 2, 2, 1, '29040', '2018-01-23'),
(39, 98, 5, 2, 1, 1, '13236', '2018-01-23'),
(40, 124, 7, 1, 3, 2, '11158', '2018-01-24'),
(21, 100, 1, 1, 2, 2, '20156', '2018-01-24'),
(28, 25, 1, 1, 1, 3, '127650', '2018-01-24'),
(29, 71, 2, 2, 3, 3, '11865', '2018-01-25'),
(30, 68, 1, 1, 2, 1, '8476', '2018-01-25'),
(2, 24, 1, 1, 3, 1, '29040', '2018-01-25'),
(3, 151, 2, 2, 1, 1, '10400', '2018-01-25'),
(31, 124, 1, 1, 3, 2, '18000', '2018-01-26'),
(32, 183, 1, 1, 1, 1, '50600', '2018-01-26'),
(33, 37, 7, 2, 2, 2, '23690', '2018-01-26'),
(34, 92, 1, 1, 1, 2, '11052', '2018-01-27'),
(35, 164, 1, 1, 1, 2, '20556', '2018-01-27'),
(36, 138, 5, 1, 2, 2, '17710', '2018-01-27'),
(48, 10, 1, 1, 3, 1, '4625', '2018-01-29'),
(49, 48, 1, 1, 2, 1, '10125', '2018-01-29'),
(30, 64, 1, 1, 1, 3, '25428', '2018-01-29'),
(2, 49, 1, 1, 1, 2, '58080', '2018-01-30'),
(35, 159, 1, 2, 1, 1, '10278', '2018-01-30'),
(36, 66, 5, 1, 1, 2, '17710', '2018-01-30'),
(48, 126, 1, 1, 1, 3, '13875', '2018-01-30'),
(43, 51, 1, 2, 1, 2, '16860', '2018-01-31'),
(26, 95, 1, 1, 1, 2, '40800', '2018-01-31'),
(27, 91, 1, 2, 3, 2, '85100', '2018-01-31'),
(44, 106, 2, 2, 2, 3, '7215', '2018-01-31'),
(45, 181, 1, 1, 1, 1, '4154', '2018-01-31'),
(31, 103, 1, 1, 1, 2, '18000', '2018-02-01'),
(32, 81, 1, 1, 2, 2, '101200', '2018-02-01'),
(33, 59, 7, 2, 1, 2, '23690', '2018-02-01'),
(48, 3, 1, 1, 2, 2, '9250', '2018-02-01'),
(49, 46, 1, 1, 1, 3, '30360', '2018-02-01'),
(36, 26, 5, 1, 3, 1, '8855', '2018-02-02'),
(50, 178, 5, 1, 1, 1, '8855', '2018-02-02'),
(51, 46, 1, 1, 1, 1, '11385', '2018-02-02'),
(2, 72, 1, 2, 3, 1, '29040', '2018-02-03'),
(3, 66, 2, 1, 1, 2, '20800', '2018-02-03'),
(4, 176, 1, 1, 3, 2, '39776', '2018-02-03'),
(52, 119, 1, 1, 2, 3, '30189', '2018-02-03'),
(53, 119, 1, 1, 2, 1, '98310', '2018-02-03'),
(54, 23, 1, 2, 1, 2, '61600', '2018-02-05'),
(55, 126, 4, 1, 1, 3, '7920', '2018-02-05'),
(42, 51, 5, 2, 1, 3, '18750', '2018-02-05'),
(43, 94, 1, 2, 2, 3, '25290', '2018-02-05'),
(33, 71, 7, 2, 3, 3, '35535', '2018-02-06'),
(34, 160, 1, 1, 1, 3, '16578', '2018-02-06'),
(35, 136, 1, 2, 2, 1, '10278', '2018-02-06'),
(36, 44, 5, 2, 1, 2, '17710', '2018-02-06'),
(37, 149, 7, 1, 2, 3, '5274', '2018-02-07'),
(37, 125, 7, 1, 1, 3, '5274', '2018-02-07'),
(1, 194, 1, 2, 3, 3, '87120', '2018-02-07'),
(11, 131, 4, 1, 1, 2, '1182', '2018-02-07'),
(12, 160, 4, 1, 1, 3, '357', '2018-02-08'),
(38, 10, 1, 1, 3, 1, '3000', '2018-02-08'),
(36, 100, 5, 1, 2, 3, '26565', '2018-02-08'),
(1, 86, 1, 1, 1, 1, '29040', '2018-02-09'),
(39, 14, 5, 1, 1, 3, '39708', '2018-02-09'),
(40, 145, 7, 2, 2, 2, '11158', '2018-02-09'),
(21, 198, 1, 2, 1, 1, '10078', '2018-02-10'),
(22, 69, 1, 1, 2, 2, '36686', '2018-02-10'),
(41, 93, 1, 2, 3, 1, '10063', '2018-02-10'),
(11, 117, 4, 2, 3, 1, '591', '2018-02-12'),
(12, 179, 4, 1, 1, 3, '357', '2018-02-12'),
(38, 2, 1, 1, 1, 3, '9000', '2018-02-12'),
(36, 26, 5, 1, 3, 1, '8855', '2018-02-13'),
(1, 38, 1, 1, 2, 1, '29040', '2018-02-13'),
(39, 90, 5, 1, 1, 3, '39708', '2018-02-13'),
(40, 156, 7, 2, 3, 1, '5579', '2018-02-13'),
(21, 197, 1, 1, 1, 3, '30234', '2018-02-14'),
(43, 79, 1, 1, 1, 3, '25290', '2018-02-14'),
(33, 35, 7, 2, 1, 2, '23690', '2018-02-14'),
(34, 190, 1, 1, 2, 1, '5526', '2018-02-15'),
(35, 152, 1, 2, 1, 2, '20556', '2018-02-15'),
(36, 66, 5, 1, 1, 1, '8855', '2018-02-15'),
(4, 18, 1, 1, 2, 2, '39776', '2018-02-17'),
(5, 22, 1, 2, 1, 1, '7464', '2018-02-17'),
(6, 14, 1, 1, 1, 2, '21912', '2018-02-17'),
(7, 102, 3, 1, 2, 3, '2985', '2018-02-17'),
(8, 176, 1, 1, 3, 3, '83013', '2018-02-19'),
(9, 166, 1, 1, 3, 1, '37754', '2018-02-19'),
(10, 6, 1, 2, 3, 2, '16874', '2018-02-19'),
(11, 113, 4, 1, 1, 1, '591', '2018-02-19'),
(12, 52, 4, 2, 1, 3, '357', '2018-02-19'),
(13, 121, 1, 2, 2, 3, '9900', '2018-02-20'),
(14, 109, 5, 1, 1, 2, '233658', '2018-02-20'),
(51, 53, 1, 2, 1, 3, '34155', '2018-02-20'),
(56, 186, 1, 1, 1, 2, '14182', '2018-02-20'),
(37, 19, 7, 1, 1, 2, '3516', '2018-02-21'),
(1, 77, 1, 1, 1, 1, '29040', '2018-02-21'),
(2, 179, 1, 1, 1, 3, '87120', '2018-02-21'),
(3, 92, 2, 1, 1, 3, '31200', '2018-02-22'),
(4, 77, 1, 1, 1, 2, '39776', '2018-02-22'),
(5, 50, 1, 2, 1, 2, '14928', '2018-02-22'),
(11, 165, 4, 1, 1, 1, '591', '2018-02-23'),
(12, 143, 4, 2, 1, 1, '119', '2018-02-23'),
(38, 47, 1, 1, 2, 1, '3000', '2018-02-23'),
(36, 49, 5, 1, 1, 3, '26565', '2018-02-23'),
(19, 17, 7, 2, 1, 2, '9374', '2018-02-23'),
(20, 165, 1, 1, 1, 2, '33718', '2018-02-24'),
(21, 183, 1, 1, 1, 2, '20156', '2018-02-24'),
(22, 118, 1, 1, 1, 1, '18343', '2018-02-24'),
(39, 34, 5, 2, 1, 1, '10063', '2018-02-26'),
(40, 164, 7, 1, 1, 2, '11158', '2018-02-26'),
(21, 75, 1, 2, 1, 2, '20156', '2018-02-26'),
(22, 147, 1, 1, 2, 3, '55029', '2018-02-27'),
(41, 180, 1, 1, 3, 2, '20126', '2018-02-27'),
(42, 194, 5, 2, 3, 3, '18750', '2018-02-27'),
(43, 141, 1, 1, 2, 3, '25290', '2018-02-28'),
(42, 33, 5, 2, 1, 1, '6250', '2018-02-28'),
(26, 13, 1, 1, 1, 2, '40800', '2018-02-28'),
(27, 189, 1, 1, 1, 2, '85100', '2018-02-28'),
(28, 154, 1, 1, 2, 1, '42550', '2018-03-01'),
(29, 121, 2, 2, 2, 3, '11865', '2018-03-01'),
(43, 160, 1, 1, 1, 3, '25290', '2018-03-01'),
(33, 32, 7, 1, 2, 1, '11845', '2018-03-01'),
(34, 83, 1, 1, 1, 2, '11052', '2018-03-01'),
(35, 103, 1, 1, 1, 2, '20556', '2018-03-02'),
(36, 106, 5, 2, 2, 1, '8855', '2018-03-02'),
(37, 196, 7, 1, 3, 1, '1758', '2018-03-02'),
(37, 96, 7, 1, 3, 2, '3516', '2018-03-03'),
(1, 164, 1, 1, 1, 2, '58080', '2018-03-03'),
(11, 108, 4, 2, 2, 3, '1773', '2018-03-03'),
(12, 59, 4, 2, 1, 1, '119', '2018-03-03'),
(38, 129, 1, 1, 3, 3, '9000', '2018-03-03'),
(36, 173, 5, 2, 3, 3, '26565', '2018-03-03'),
(1, 167, 1, 1, 2, 2, '58080', '2018-03-05'),
(39, 89, 5, 1, 1, 3, '39708', '2018-03-05'),
(20, 190, 1, 1, 2, 3, '50577', '2018-03-05'),
(57, 56, 2, 2, 3, 2, '29122', '2018-03-05'),
(54, 190, 1, 1, 2, 2, '61600', '2018-03-06'),
(55, 149, 4, 1, 2, 2, '5280', '2018-03-06'),
(42, 120, 5, 1, 2, 1, '6250', '2018-03-06'),
(43, 82, 1, 1, 3, 3, '25290', '2018-03-07'),
(31, 100, 1, 1, 2, 2, '18000', '2018-03-07'),
(32, 150, 1, 2, 1, 1, '50600', '2018-03-07'),
(33, 43, 7, 2, 3, 1, '11845', '2018-03-07'),
(48, 5, 1, 2, 1, 2, '9250', '2018-03-07'),
(49, 30, 1, 2, 1, 1, '10120', '2018-03-08'),
(36, 115, 5, 1, 1, 2, '17710', '2018-03-08'),
(50, 165, 5, 1, 1, 2, '17710', '2018-03-08'),
(51, 111, 1, 1, 1, 2, '22770', '2018-03-09'),
(56, 144, 1, 2, 3, 1, '7091', '2018-03-09'),
(37, 97, 7, 1, 3, 1, '1758', '2018-03-09'),
(1, 116, 1, 2, 2, 2, '58080', '2018-03-10'),
(2, 200, 1, 1, 1, 3, '87120', '2018-03-10'),
(3, 195, 2, 1, 1, 1, '10400', '2018-03-10'),
(4, 128, 1, 1, 3, 2, '39776', '2018-03-12'),
(5, 113, 1, 1, 1, 3, '22392', '2018-03-12'),
(6, 94, 1, 2, 2, 3, '32868', '2018-03-12'),
(7, 46, 3, 1, 1, 1, '995', '2018-03-13'),
(8, 75, 1, 2, 1, 3, '83013', '2018-03-13'),
(9, 117, 1, 2, 3, 2, '75508', '2018-03-13'),
(10, 94, 1, 2, 2, 1, '8437', '2018-03-13'),
(11, 65, 4, 1, 1, 3, '1773', '2018-03-14'),
(12, 64, 4, 1, 1, 1, '119', '2018-03-14'),
(13, 118, 1, 1, 1, 3, '9900', '2018-03-14'),
(14, 69, 5, 1, 2, 2, '233658', '2018-03-15'),
(15, 32, 5, 1, 2, 3, '116802', '2018-03-15'),
(16, 31, 5, 1, 1, 1, '16705', '2018-03-15'),
(17, 34, 5, 2, 1, 3, '120366', '2018-03-16'),
(18, 153, 6, 2, 2, 1, '16976', '2018-03-16'),
(19, 37, 7, 2, 2, 2, '9374', '2018-03-16'),
(20, 172, 1, 2, 1, 2, '33718', '2018-03-19'),
(21, 145, 1, 2, 2, 2, '20156', '2018-03-19'),
(22, 14, 1, 1, 1, 3, '55029', '2018-03-19'),
(23, 104, 7, 1, 1, 3, '8805', '2018-03-19'),
(24, 136, 4, 2, 2, 3, '1527', '2018-03-20'),
(25, 33, 2, 2, 1, 3, '13125', '2018-03-20'),
(26, 99, 1, 1, 1, 2, '40800', '2018-03-20'),
(27, 29, 1, 1, 2, 3, '127650', '2018-03-21'),
(28, 9, 1, 1, 1, 1, '42550', '2018-03-21'),
(29, 90, 2, 1, 1, 3, '11865', '2018-03-21'),
(30, 163, 1, 1, 3, 2, '16952', '2018-03-22'),
(2, 101, 1, 1, 1, 3, '87120', '2018-03-22'),
(3, 153, 2, 2, 2, 1, '10400', '2018-03-22'),
(31, 89, 1, 1, 1, 1, '9000', '2018-03-23'),
(32, 41, 1, 1, 1, 1, '50600', '2018-03-23'),
(33, 99, 7, 1, 1, 1, '11845', '2018-03-23'),
(34, 131, 1, 1, 1, 2, '11052', '2018-03-23'),
(35, 87, 1, 2, 3, 1, '10278', '2018-03-23'),
(36, 151, 5, 2, 1, 3, '26565', '2018-03-23'),
(37, 87, 7, 2, 3, 2, '3516', '2018-03-24'),
(37, 166, 7, 1, 3, 2, '3516', '2018-03-24'),
(1, 147, 1, 1, 2, 2, '58080', '2018-03-24'),
(11, 134, 4, 2, 3, 2, '1182', '2018-03-26'),
(12, 3, 4, 1, 2, 1, '119', '2018-03-26'),
(38, 162, 1, 1, 1, 1, '3000', '2018-03-26'),
(36, 51, 5, 2, 1, 1, '8855', '2018-03-27'),
(1, 16, 1, 2, 1, 3, '87120', '2018-03-27'),
(39, 136, 5, 2, 2, 1, '13236', '2018-03-27'),
(40, 161, 7, 1, 1, 3, '16737', '2018-03-27'),
(21, 142, 1, 1, 1, 1, '10078', '2018-03-28'),
(22, 188, 1, 2, 3, 3, '55029', '2018-03-28'),
(41, 198, 1, 2, 1, 3, '30189', '2018-03-28'),
(42, 47, 5, 1, 2, 3, '18750', '2018-03-29'),
(43, 39, 1, 1, 3, 1, '8430', '2018-03-29'),
(42, 141, 5, 1, 2, 3, '18750', '2018-03-29'),
(43, 10, 1, 1, 3, 1, '8430', '2018-03-31'),
(26, 121, 1, 2, 2, 2, '40800', '2018-03-31'),
(27, 87, 1, 2, 3, 2, '85100', '2018-03-31'),
(44, 49, 2, 1, 1, 2, '4810', '2018-03-31'),
(45, 117, 1, 2, 3, 1, '4154', '2018-03-31'),
(46, 161, 7, 1, 1, 3, '14145', '2018-03-31'),
(47, 126, 2, 1, 1, 1, '12036', '2018-04-02'),
(30, 165, 1, 1, 1, 3, '25428', '2018-04-02'),
(28, 34, 1, 2, 1, 1, '42550', '2018-04-02'),
(29, 39, 2, 1, 3, 3, '11865', '2018-04-03'),
(30, 8, 1, 2, 2, 1, '8476', '2018-04-03'),
(2, 56, 1, 2, 3, 1, '29040', '2018-04-03'),
(3, 76, 2, 1, 1, 2, '20800', '2018-04-03'),
(31, 166, 1, 1, 3, 1, '9000', '2018-04-03'),
(32, 43, 1, 2, 3, 3, '151800', '2018-04-04'),
(33, 100, 7, 1, 2, 1, '11845', '2018-04-04'),
(34, 162, 1, 1, 1, 1, '5526', '2018-04-04'),
(35, 180, 1, 1, 3, 1, '10278', '2018-04-04'),
(36, 115, 5, 1, 1, 3, '26565', '2018-04-05'),
(37, 99, 7, 1, 1, 3, '5274', '2018-04-05'),
(37, 56, 7, 2, 3, 1, '1758', '2018-04-05'),
(1, 37, 1, 2, 2, 1, '29040', '2018-04-06'),
(11, 195, 4, 1, 1, 2, '1182', '2018-04-06'),
(12, 53, 4, 2, 1, 2, '238', '2018-04-06'),
(38, 97, 1, 1, 3, 3, '9000', '2018-04-06'),
(36, 163, 5, 1, 3, 2, '17710', '2018-04-07'),
(1, 119, 1, 1, 2, 2, '58080', '2018-04-07'),
(39, 112, 5, 2, 1, 3, '39708', '2018-04-07'),
(40, 9, 7, 1, 1, 3, '16737', '2018-04-07'),
(21, 153, 1, 2, 2, 1, '10078', '2018-04-07'),
(28, 156, 1, 2, 3, 1, '42550', '2018-04-07'),
(29, 180, 2, 1, 3, 2, '7910', '2018-04-09'),
(30, 129, 1, 1, 3, 3, '25428', '2018-04-09'),
(2, 12, 1, 2, 2, 1, '29040', '2018-04-09'),
(3, 40, 2, 1, 1, 2, '20800', '2018-04-10'),
(31, 80, 1, 1, 1, 2, '18000', '2018-04-10'),
(32, 3, 1, 1, 2, 1, '50600', '2018-04-10'),
(33, 78, 7, 1, 2, 2, '23690', '2018-04-10'),
(34, 90, 1, 1, 1, 3, '16578', '2018-04-10'),
(35, 79, 1, 1, 1, 1, '10278', '2018-04-11'),
(36, 135, 5, 2, 1, 3, '26565', '2018-04-11'),
(48, 63, 1, 1, 1, 1, '4625', '2018-04-11'),
(49, 103, 1, 1, 1, 2, '20240', '2018-04-11'),
(30, 95, 1, 1, 1, 3, '25428', '2018-04-12'),
(2, 171, 1, 2, 1, 3, '87120', '2018-04-12'),
(35, 100, 1, 1, 2, 2, '20556', '2018-04-12'),
(36, 77, 5, 1, 1, 3, '26565', '2018-04-13'),
(48, 121, 1, 2, 2, 2, '9250', '2018-04-13'),
(43, 199, 1, 1, 3, 3, '25290', '2018-04-13'),
(26, 70, 1, 1, 1, 1, '20400', '2018-04-13'),
(27, 188, 1, 2, 3, 3, '127650', '2018-04-13'),
(44, 4, 2, 1, 2, 1, '2405', '2018-04-16'),
(45, 25, 1, 1, 1, 3, '12462', '2018-04-16'),
(31, 121, 1, 2, 2, 1, '9000', '2018-04-16'),
(32, 105, 1, 2, 2, 1, '50600', '2018-04-17'),
(33, 118, 7, 1, 1, 2, '23690', '2018-04-17'),
(48, 126, 1, 1, 1, 2, '9250', '2018-04-17'),
(49, 79, 1, 1, 1, 3, '30360', '2018-04-17'),
(36, 3, 5, 1, 2, 2, '17710', '2018-04-17'),
(50, 166, 5, 1, 3, 1, '8855', '2018-04-18'),
(51, 61, 1, 1, 3, 3, '34155', '2018-04-18'),
(2, 4, 1, 1, 2, 1, '29040', '2018-04-18'),
(3, 154, 2, 1, 2, 1, '10400', '2018-04-18'),
(4, 76, 1, 1, 1, 3, '59664', '2018-04-18'),
(52, 168, 1, 1, 2, 1, '10063', '2018-04-19'),
(53, 147, 1, 1, 2, 3, '294930', '2018-04-19'),
(54, 73, 1, 2, 1, 1, '30800', '2018-04-19'),
(55, 3, 4, 1, 2, 3, '7920', '2018-04-19'),
(42, 184, 5, 1, 1, 3, '18750', '2018-04-19'),
(43, 96, 1, 1, 3, 1, '8430', '2018-04-20'),
(33, 152, 7, 2, 1, 3, '35535', '2018-04-20'),
(34, 55, 1, 2, 2, 3, '16578', '2018-04-20'),
(35, 192, 1, 1, 2, 1, '10278', '2018-04-20'),
(36, 93, 5, 2, 3, 2, '17710', '2018-04-21'),
(37, 94, 7, 2, 2, 2, '3516', '2018-04-21'),
(37, 56, 7, 2, 3, 2, '3516', '2018-04-21'),
(1, 184, 1, 1, 1, 1, '29040', '2018-04-23'),
(41, 111, 1, 1, 1, 3, '30189', '2018-04-23'),
(11, 23, 4, 2, 1, 3, '1773', '2018-04-23'),
(12, 61, 4, 1, 3, 3, '357', '2018-04-23'),
(38, 127, 1, 1, 2, 2, '6000', '2018-04-24'),
(36, 172, 5, 2, 1, 1, '8855', '2018-04-24'),
(1, 185, 1, 1, 1, 2, '58080', '2018-04-24'),
(39, 102, 5, 1, 2, 3, '39708', '2018-04-24'),
(40, 128, 7, 1, 3, 1, '5579', '2018-04-24'),
(21, 146, 1, 1, 3, 2, '20156', '2018-04-25'),
(43, 184, 1, 1, 1, 3, '25290', '2018-04-25'),
(33, 54, 7, 1, 2, 2, '23690', '2018-04-25'),
(34, 146, 1, 1, 3, 3, '16578', '2018-04-25'),
(35, 57, 1, 2, 3, 1, '10278', '2018-04-26'),
(36, 122, 5, 2, 1, 3, '26565', '2018-04-26'),
(4, 81, 1, 1, 2, 1, '19888', '2018-04-26'),
(5, 67, 1, 1, 2, 2, '14928', '2018-04-27'),
(6, 107, 1, 2, 1, 3, '32868', '2018-04-27'),
(7, 77, 3, 1, 1, 3, '2985', '2018-04-27'),
(8, 139, 1, 1, 3, 3, '83013', '2018-04-27'),
(9, 40, 1, 1, 1, 2, '75508', '2018-04-28'),
(10, 187, 1, 2, 1, 1, '8437', '2018-04-28'),
(37, 124, 7, 1, 3, 2, '3516', '2018-04-28'),
(1, 54, 1, 1, 2, 1, '29040', '2018-04-28'),
(11, 198, 4, 2, 1, 1, '591', '2018-04-30'),
(12, 97, 4, 1, 3, 2, '238', '2018-04-30'),
(38, 18, 1, 1, 2, 2, '6000', '2018-04-30'),
(36, 176, 5, 1, 3, 2, '17710', '2018-04-30'),
(1, 111, 1, 1, 1, 3, '87120', '2018-04-30'),
(39, 23, 5, 2, 1, 1, '13236', '2018-05-02'),
(40, 119, 7, 1, 2, 1, '5579', '2018-05-02'),
(21, 108, 1, 2, 2, 1, '10078', '2018-05-02'),
(22, 74, 1, 1, 1, 1, '18343', '2018-05-02'),
(41, 141, 1, 1, 2, 1, '10063', '2018-05-03'),
(42, 39, 5, 1, 3, 2, '12500', '2018-05-03'),
(43, 78, 1, 1, 2, 1, '8430', '2018-05-03'),
(42, 114, 5, 1, 1, 2, '12500', '2018-05-03'),
(43, 113, 1, 1, 1, 1, '8430', '2018-05-04'),
(26, 188, 1, 2, 3, 3, '61200', '2018-05-04'),
(27, 128, 1, 1, 3, 3, '127650', '2018-05-04'),
(44, 69, 2, 1, 2, 3, '7215', '2018-05-05'),
(45, 140, 1, 1, 1, 3, '12462', '2018-05-05'),
(46, 29, 7, 1, 2, 1, '4715', '2018-05-05'),
(47, 101, 2, 1, 1, 1, '12036', '2018-05-05'),
(30, 58, 1, 2, 1, 1, '8476', '2018-05-07'),
(28, 88, 1, 2, 1, 1, '42550', '2018-05-07'),
(29, 40, 2, 1, 1, 1, '3955', '2018-05-07'),
(30, 36, 1, 2, 2, 2, '16952', '2018-05-08'),
(2, 19, 1, 1, 1, 1, '29040', '2018-05-08'),
(3, 130, 2, 1, 2, 1, '10400', '2018-05-08'),
(6, 144, 1, 2, 3, 1, '10956', '2018-05-08'),
(7, 129, 3, 1, 3, 2, '1990', '2018-05-09'),
(8, 129, 1, 1, 3, 2, '55342', '2018-05-09'),
(9, 2, 1, 1, 1, 1, '37754', '2018-05-09'),
(10, 90, 1, 1, 1, 1, '8437', '2018-05-11'),
(37, 184, 7, 1, 1, 1, '1758', '2018-05-11'),
(1, 120, 1, 1, 2, 1, '29040', '2018-05-11'),
(11, 67, 4, 1, 2, 3, '1773', '2018-05-11'),
(12, 189, 4, 1, 1, 2, '238', '2018-05-12'),
(38, 24, 1, 1, 3, 3, '9000', '2018-05-12'),
(36, 92, 5, 1, 1, 2, '17710', '2018-05-12'),
(1, 3, 1, 1, 2, 1, '29040', '2018-05-12'),
(39, 78, 5, 1, 2, 1, '13236', '2018-05-14'),
(40, 91, 7, 2, 3, 1, '5579', '2018-05-14'),
(21, 10, 1, 1, 3, 3, '30234', '2018-05-14'),
(22, 124, 1, 1, 3, 1, '18343', '2018-05-14'),
(41, 194, 1, 2, 3, 3, '30189', '2018-05-14'),
(42, 95, 5, 1, 1, 3, '18750', '2018-05-15'),
(43, 117, 1, 2, 3, 2, '16860', '2018-05-15'),
(42, 51, 5, 2, 1, 1, '6250', '2018-05-15'),
(43, 197, 1, 1, 1, 3, '25290', '2018-05-16'),
(26, 74, 1, 1, 1, 3, '61200', '2018-05-16'),
(27, 194, 1, 2, 3, 2, '85100', '2018-05-16'),
(3, 110, 2, 1, 1, 1, '10400', '2018-05-16'),
(4, 146, 1, 1, 3, 2, '39776', '2018-05-17'),
(5, 179, 1, 1, 1, 2, '14928', '2018-05-17'),
(6, 73, 1, 2, 1, 3, '32868', '2018-05-17'),
(7, 109, 3, 1, 1, 1, '995', '2018-05-18'),
(8, 148, 1, 1, 3, 2, '55342', '2018-05-18'),
(9, 122, 1, 2, 1, 1, '37754', '2018-05-18'),
(10, 190, 1, 1, 2, 3, '25311', '2018-05-19'),
(11, 72, 4, 2, 3, 1, '591', '2018-05-19'),
(12, 65, 4, 1, 1, 3, '357', '2018-05-19'),
(13, 90, 1, 1, 1, 1, '3300', '2018-05-21'),
(14, 198, 5, 2, 1, 1, '116829', '2018-05-21'),
(15, 121, 5, 2, 2, 2, '77868', '2018-05-22'),
(16, 73, 5, 2, 1, 3, '50115', '2018-05-22'),
(17, 53, 5, 2, 1, 3, '120366', '2018-05-22'),
(18, 2, 6, 1, 1, 3, '50928', '2018-05-23'),
(19, 85, 7, 1, 2, 2, '9374', '2018-05-23'),
(20, 121, 1, 2, 2, 1, '16859', '2018-05-23'),
(21, 121, 1, 2, 2, 1, '10078', '2018-05-24'),
(22, 47, 1, 1, 2, 2, '36686', '2018-05-24'),
(23, 155, 7, 2, 3, 1, '2935', '2018-05-24'),
(24, 190, 4, 1, 2, 3, '1527', '2018-05-25'),
(25, 155, 2, 2, 3, 3, '13125', '2018-05-25'),
(26, 144, 1, 2, 3, 2, '40800', '2018-05-25'),
(27, 24, 1, 1, 3, 1, '42550', '2018-05-26'),
(28, 164, 1, 1, 1, 2, '85100', '2018-05-26'),
(29, 53, 2, 2, 1, 1, '3955', '2018-05-28'),
(30, 129, 1, 1, 3, 2, '16952', '2018-05-28'),
(22, 152, 1, 2, 1, 1, '18434', '2018-05-30'),
(23, 110, 7, 1, 1, 3, '8805', '2018-05-30'),
(24, 182, 4, 1, 3, 1, '509', '2018-05-30'),
(25, 142, 2, 1, 1, 1, '4375', '2018-05-31'),
(26, 143, 1, 2, 1, 3, '61200', '2018-05-31'),
(37, 149, 7, 1, 2, 3, '5274', '2018-05-31'),
(1, 28, 1, 1, 1, 1, '29040', '2018-05-31'),
(11, 178, 4, 1, 1, 1, '591', '2018-06-02'),
(12, 101, 4, 1, 1, 1, '119', '2018-06-02'),
(38, 105, 1, 2, 2, 1, '3000', '2018-06-02'),
(36, 69, 5, 1, 2, 1, '8855', '2018-06-04'),
(1, 58, 1, 2, 1, 1, '29040', '2018-06-04'),
(39, 22, 5, 2, 1, 2, '26472', '2018-06-04'),
(40, 142, 7, 1, 1, 3, '16737', '2018-06-05'),
(21, 152, 1, 2, 1, 2, '20156', '2018-06-05'),
(22, 176, 1, 1, 3, 1, '18343', '2018-06-05'),
(41, 153, 1, 2, 2, 3, '30189', '2018-06-06'),
(42, 62, 5, 1, 2, 3, '18750', '2018-06-06'),
(43, 192, 1, 1, 2, 2, '16860', '2018-06-07'),
(42, 103, 5, 1, 1, 1, '6250', '2018-06-07'),
(43, 87, 1, 2, 3, 3, '25290', '2018-06-08'),
(26, 182, 1, 1, 3, 3, '61200', '2018-06-08'),
(27, 186, 1, 1, 1, 1, '42550', '2018-06-08'),
(3, 135, 2, 2, 1, 1, '10400', '2018-06-09'),
(4, 32, 1, 1, 2, 3, '59664', '2018-06-09'),
(5, 8, 1, 2, 2, 3, '22392', '2018-06-09'),
(6, 31, 1, 1, 1, 2, '21912', '2018-06-21'),
(7, 102, 3, 1, 2, 3, '2985', '2018-06-21'),
(8, 178, 1, 1, 1, 2, '55342', '2018-06-21'),
(9, 111, 1, 1, 1, 3, '113262', '2018-06-22'),
(10, 36, 1, 2, 2, 1, '8437', '2018-06-22'),
(11, 116, 4, 2, 2, 3, '1773', '2018-06-22'),
(32, 89, 1, 1, 1, 2, '101200', '2018-06-23'),
(33, 55, 7, 2, 2, 2, '23690', '2018-06-23'),
(34, 132, 1, 1, 1, 2, '11052', '2018-06-23'),
(35, 167, 1, 1, 2, 3, '30834', '2018-06-25'),
(36, 193, 5, 2, 1, 2, '17710', '2018-06-25'),
(37, 147, 7, 1, 2, 2, '3516', '2018-06-25'),
(37, 61, 7, 1, 3, 3, '5274', '2018-06-25'),
(1, 154, 1, 1, 2, 1, '29040', '2018-06-26'),
(11, 154, 4, 1, 2, 3, '1773', '2018-06-26'),
(12, 170, 4, 1, 1, 1, '119', '2018-06-26'),
(38, 130, 1, 1, 2, 1, '3000', '2018-06-28'),
(36, 128, 5, 1, 3, 1, '8855', '2018-06-28'),
(29, 158, 2, 2, 1, 1, '3955', '2018-06-28'),
(30, 192, 1, 1, 2, 2, '16952', '2018-06-28'),
(22, 195, 1, 1, 1, 1, '18343', '2018-06-29'),
(23, 149, 7, 1, 2, 2, '5870', '2018-06-29'),
(24, 15, 4, 1, 2, 3, '1527', '2018-06-29'),
(25, 97, 2, 1, 3, 3, '13125', '2018-06-30'),
(26, 122, 1, 2, 1, 1, '20400', '2018-06-30'),
(37, 72, 7, 2, 3, 1, '1758', '2018-06-30'),
(1, 76, 1, 1, 1, 2, '58080', '2018-06-30'),
(11, 22, 4, 2, 1, 2, '1182', '2018-07-02'),
(12, 172, 4, 2, 1, 1, '119', '2018-07-02'),
(38, 46, 1, 1, 1, 3, '9000', '2018-07-02'),
(36, 139, 5, 1, 3, 3, '26565', '2018-07-02'),
(1, 12, 1, 2, 2, 3, '87120', '2018-07-03'),
(7, 167, 3, 1, 2, 3, '2985', '2018-07-03'),
(8, 98, 1, 2, 1, 2, '55342', '2018-07-03'),
(9, 27, 1, 1, 1, 2, '75508', '2018-07-03'),
(10, 10, 1, 1, 3, 3, '25311', '2018-07-03'),
(11, 56, 4, 2, 3, 2, '1182', '2018-07-03'),
(12, 99, 4, 1, 1, 2, '238', '2018-07-04'),
(13, 56, 1, 2, 3, 1, '3300', '2018-07-04'),
(14, 162, 5, 1, 1, 1, '116829', '2018-07-04'),
(15, 60, 5, 1, 1, 1, '38934', '2018-07-05'),
(16, 20, 5, 1, 1, 3, '50115', '2018-07-05'),
(17, 77, 5, 1, 1, 2, '80244', '2018-07-05'),
(18, 72, 6, 2, 3, 1, '16976', '2018-07-05'),
(19, 135, 7, 2, 1, 1, '4687', '2018-07-05'),
(20, 32, 1, 1, 2, 2, '33718', '2018-07-06'),
(21, 10, 1, 1, 3, 1, '10078', '2018-07-06'),
(22, 109, 1, 1, 1, 3, '55029', '2018-07-06'),
(23, 7, 7, 2, 1, 1, '2935', '2018-07-07'),
(24, 197, 4, 1, 1, 1, '509', '2018-07-07'),
(25, 23, 2, 2, 1, 3, '13125', '2018-07-07'),
(26, 44, 1, 2, 1, 1, '20400', '2018-07-09'),
(27, 30, 1, 2, 1, 3, '127650', '2018-07-09'),
(28, 134, 1, 2, 3, 1, '42550', '2018-07-09'),
(29, 154, 2, 1, 2, 1, '3955', '2018-07-09'),
(30, 114, 1, 1, 1, 1, '8476', '2018-07-10'),
(2, 21, 1, 2, 3, 3, '87120', '2018-07-10'),
(3, 120, 2, 1, 2, 1, '10400', '2018-07-10'),
(31, 33, 1, 2, 1, 1, '9000', '2018-07-11'),
(32, 200, 1, 1, 1, 3, '151800', '2018-07-11'),
(33, 199, 7, 1, 3, 2, '23690', '2018-07-11'),
(34, 151, 1, 2, 1, 3, '16578', '2018-07-12'),
(35, 183, 1, 1, 1, 3, '30834', '2018-07-12'),
(24, 84, 4, 1, 3, 3, '1527', '2018-07-13'),
(25, 139, 2, 1, 3, 1, '4375', '2018-07-13'),
(26, 28, 1, 1, 1, 2, '40800', '2018-07-13'),
(27, 182, 1, 1, 3, 1, '42550', '2018-07-14'),
(28, 121, 1, 2, 2, 1, '42550', '2018-07-14'),
(29, 42, 2, 1, 1, 2, '7910', '2018-07-14'),
(30, 74, 1, 1, 1, 1, '8476', '2018-07-14'),
(22, 78, 1, 1, 2, 3, '55302', '2018-07-14'),
(23, 62, 7, 1, 2, 2, '5870', '2018-07-16'),
(24, 3, 4, 1, 2, 1, '509', '2018-07-16'),
(25, 75, 2, 2, 1, 3, '13125', '2018-07-16'),
(26, 8, 1, 2, 2, 1, '20400', '2018-07-17'),
(37, 34, 7, 2, 1, 2, '3516', '2018-07-17'),
(1, 128, 1, 1, 3, 3, '87120', '2018-07-17'),
(11, 194, 4, 2, 3, 2, '1182', '2018-07-18'),
(12, 88, 4, 2, 1, 3, '357', '2018-07-18'),
(38, 109, 1, 1, 1, 1, '3000', '2018-07-18'),
(36, 126, 5, 1, 1, 2, '17710', '2018-07-18'),
(1, 43, 1, 2, 3, 2, '58080', '2018-07-19'),
(39, 166, 5, 1, 3, 1, '13236', '2018-07-19'),
(40, 195, 7, 1, 1, 1, '5579', '2018-07-19'),
(21, 93, 1, 2, 3, 1, '10078', '2018-07-19'),
(22, 16, 1, 2, 1, 3, '55029', '2018-07-20'),
(41, 192, 1, 1, 2, 2, '20126', '2018-07-20'),
(42, 148, 5, 1, 3, 1, '6250', '2018-07-20'),
(43, 105, 1, 2, 2, 2, '16860', '2018-07-21'),
(42, 193, 5, 2, 1, 2, '12500', '2018-07-21'),
(43, 76, 1, 1, 1, 2, '16860', '2018-07-21'),
(26, 192, 1, 1, 2, 1, '20400', '2018-07-23'),
(27, 124, 1, 1, 3, 1, '42550', '2018-07-23'),
(3, 126, 2, 1, 1, 3, '31200', '2018-07-23'),
(4, 112, 1, 2, 1, 2, '39776', '2018-07-23'),
(5, 60, 1, 1, 1, 2, '14928', '2018-07-24'),
(6, 189, 1, 1, 1, 1, '10956', '2018-07-24'),
(35, 2, 1, 1, 1, 1, '10278', '2018-07-24'),
(24, 5, 4, 2, 1, 3, '1527', '2018-07-25'),
(25, 143, 2, 2, 1, 3, '13125', '2018-07-25'),
(26, 32, 1, 1, 2, 1, '20400', '2018-07-25'),
(27, 179, 1, 1, 1, 1, '42550', '2018-07-25'),
(28, 108, 1, 2, 2, 3, '127650', '2018-07-26'),
(29, 132, 2, 1, 1, 3, '11865', '2018-07-26'),
(30, 111, 1, 1, 1, 1, '8476', '2018-07-26'),
(22, 134, 1, 2, 3, 2, '36868', '2018-07-26'),
(23, 113, 7, 1, 1, 2, '5870', '2018-07-27'),
(24, 200, 4, 1, 1, 3, '1527', '2018-07-27'),
(25, 44, 2, 2, 1, 1, '4375', '2018-07-27'),
(26, 130, 1, 1, 2, 3, '61200', '2018-07-27'),
(37, 56, 7, 2, 3, 3, '5274', '2018-07-28'),
(1, 79, 1, 1, 1, 3, '87120', '2018-07-28'),
(1, 138, 1, 1, 2, 3, '87120', '2018-07-28'),
(11, 18, 4, 1, 2, 1, '591', '2018-07-30'),
(12, 33, 4, 2, 1, 2, '238', '2018-07-30'),
(38, 73, 1, 2, 1, 2, '6000', '2018-07-30'),
(36, 169, 5, 1, 1, 3, '26565', '2018-07-31'),
(1, 56, 1, 2, 3, 3, '87120', '2018-07-31'),
(39, 183, 5, 1, 1, 3, '39708', '2018-07-31'),
(40, 157, 7, 2, 1, 3, '16737', '2018-07-31'),
(21, 131, 1, 1, 1, 3, '30234', '2018-08-01'),
(22, 128, 1, 1, 3, 2, '36686', '2018-08-01'),
(41, 32, 1, 1, 2, 3, '30189', '2018-08-01'),
(1, 162, 1, 1, 1, 2, '58080', '2018-08-02'),
(11, 56, 4, 2, 3, 2, '1182', '2018-08-02'),
(12, 73, 4, 2, 1, 2, '238', '2018-08-02'),
(38, 11, 1, 1, 1, 1, '3000', '2018-08-02'),
(36, 199, 5, 1, 3, 3, '26565', '2019-08-03'),
(35, 98, 1, 2, 1, 2, '20556', '2019-08-03'),
(24, 33, 4, 2, 1, 2, '1018', '2019-08-03'),
(25, 117, 2, 2, 3, 2, '8750', '2019-08-03'),
(26, 200, 1, 1, 1, 1, '20400', '2019-08-03'),
(27, 132, 1, 1, 1, 3, '127650', '2018-08-04'),
(28, 51, 1, 2, 1, 3, '127650', '2018-08-04'),
(29, 91, 2, 2, 3, 2, '7910', '2018-08-04'),
(12, 165, 4, 1, 1, 3, '357', '2018-08-04'),
(38, 117, 1, 2, 3, 2, '6000', '2018-08-04'),
(36, 108, 5, 2, 2, 3, '26565', '2018-08-06'),
(1, 163, 1, 1, 3, 3, '87120', '2018-08-06'),
(39, 16, 5, 2, 1, 1, '13236', '2018-08-06'),
(40, 192, 7, 1, 2, 2, '11158', '2018-08-06'),
(21, 156, 1, 2, 3, 3, '30234', '2018-08-07'),
(22, 157, 1, 2, 1, 1, '18343', '2018-08-07'),
(41, 131, 1, 1, 1, 2, '20126', '2018-08-07'),
(36, 119, 5, 1, 2, 2, '17710', '2018-08-07'),
(35, 195, 1, 1, 1, 2, '20556', '2018-08-08'),
(24, 14, 4, 1, 1, 2, '1018', '2018-08-08'),
(25, 190, 2, 1, 2, 3, '13125', '2018-08-08'),
(26, 181, 1, 1, 1, 2, '40800', '2018-08-08'),
(27, 172, 1, 2, 1, 2, '85100', '2018-08-09'),
(28, 116, 1, 2, 2, 1, '42550', '2018-08-09'),
(29, 82, 2, 1, 3, 2, '7910', '2018-08-09'),
(12, 179, 4, 1, 1, 1, '119', '2018-08-10'),
(35, 22, 1, 2, 1, 1, '10278', '2018-08-10'),
(24, 97, 4, 1, 3, 3, '1527', '2018-08-10'),
(25, 169, 2, 1, 1, 3, '13125', '2018-08-10'),
(26, 65, 1, 1, 1, 1, '20400', '2018-08-10'),
(27, 140, 1, 1, 1, 3, '127650', '2018-08-11'),
(28, 76, 1, 1, 1, 1, '42550', '2018-08-11'),
(29, 190, 2, 1, 2, 3, '11865', '2018-08-11'),
(30, 198, 1, 2, 1, 3, '25428', '2018-08-11'),
(37, 101, 7, 1, 1, 3, '5274', '2018-08-13'),
(1, 49, 1, 1, 1, 3, '87120', '2018-08-13'),
(11, 121, 4, 2, 2, 1, '591', '2018-08-13'),
(12, 8, 4, 2, 2, 3, '357', '2018-08-14'),
(38, 135, 1, 2, 1, 2, '6000', '2018-08-14'),
(36, 50, 5, 2, 1, 2, '17710', '2018-08-14'),
(1, 119, 1, 1, 2, 2, '58080', '2018-08-14'),
(39, 22, 5, 2, 1, 3, '39708', '2018-08-15'),
(40, 169, 7, 1, 1, 1, '5579', '2018-08-15'),
(21, 75, 1, 2, 1, 2, '20156', '2018-08-15'),
(28, 112, 1, 2, 1, 3, '127650', '2018-08-15'),
(33, 99, 7, 1, 1, 2, '23690', '2018-08-16'),
(48, 4, 1, 1, 2, 1, '4625', '2018-08-16'),
(49, 129, 1, 1, 3, 3, '30360', '2018-08-16'),
(36, 103, 5, 1, 1, 3, '26565', '2018-08-16'),
(50, 195, 5, 1, 1, 3, '26565', '2018-08-18'),
(51, 17, 1, 2, 1, 3, '34155', '2018-08-18'),
(56, 38, 1, 1, 2, 1, '7091', '2018-08-18'),
(3, 25, 2, 1, 1, 1, '10400', '2018-08-18');
INSERT INTO `fact_penjualan_obat` (`id_obat`, `id_pembeli`, `id_satuan`, `id_gender`, `id_range_umur`, `jml_pembelian`, `total_bayar`, `tanggal`) VALUES
(4, 128, 1, 1, 3, 1, '19888', '2018-08-20'),
(5, 41, 1, 1, 1, 3, '22392', '2018-08-20'),
(6, 167, 1, 1, 2, 3, '32868', '2018-08-20'),
(7, 87, 3, 2, 3, 1, '995', '2018-08-20'),
(8, 123, 1, 2, 1, 1, '27671', '2018-08-21'),
(9, 147, 1, 1, 2, 2, '75508', '2018-08-21'),
(10, 86, 1, 1, 1, 1, '8437', '2018-08-21'),
(1, 62, 1, 1, 2, 2, '58080', '2018-08-23'),
(11, 47, 4, 1, 2, 1, '591', '2018-08-23'),
(12, 92, 4, 1, 1, 2, '238', '2018-08-23'),
(38, 104, 1, 1, 1, 2, '6000', '2018-08-23'),
(36, 122, 5, 2, 1, 2, '17710', '2018-08-24'),
(1, 24, 1, 1, 3, 3, '87120', '2018-08-24'),
(39, 73, 5, 2, 1, 1, '13236', '2018-08-24'),
(40, 43, 7, 2, 3, 1, '5579', '2018-08-25'),
(21, 178, 1, 1, 1, 3, '30234', '2018-08-25'),
(28, 143, 1, 2, 1, 1, '42550', '2018-08-25'),
(38, 25, 1, 1, 1, 1, '3000', '2018-08-25'),
(36, 97, 5, 1, 3, 2, '17710', '2018-08-25'),
(1, 138, 1, 1, 2, 3, '87120', '2018-08-27'),
(39, 101, 5, 1, 1, 3, '39708', '2018-08-27'),
(41, 44, 1, 2, 1, 2, '20126', '2018-08-27'),
(36, 73, 5, 2, 1, 3, '26565', '2018-08-28'),
(35, 85, 1, 1, 2, 1, '10278', '2018-08-28'),
(24, 7, 4, 2, 1, 1, '509', '2018-08-28'),
(25, 113, 2, 1, 1, 2, '8750', '2018-08-28'),
(26, 96, 1, 1, 3, 3, '61200', '2018-08-29'),
(27, 167, 1, 1, 2, 1, '42550', '2018-08-29'),
(19, 163, 7, 1, 3, 2, '9374', '2018-08-29'),
(20, 44, 1, 2, 1, 3, '50577', '2018-08-29'),
(21, 123, 1, 2, 1, 2, '20156', '2018-08-30'),
(22, 53, 1, 2, 1, 1, '18343', '2018-08-30'),
(23, 162, 7, 1, 1, 2, '5870', '2018-08-30'),
(24, 55, 4, 2, 2, 2, '1018', '2018-08-30'),
(25, 92, 2, 1, 1, 3, '13125', '2018-08-31'),
(1, 84, 1, 1, 3, 2, '58080', '2018-08-31'),
(39, 25, 5, 1, 1, 2, '26472', '2018-08-31'),
(20, 58, 1, 2, 1, 1, '16859', '2018-08-31'),
(57, 20, 2, 1, 1, 2, '29122', '2018-08-31'),
(54, 32, 1, 1, 2, 3, '92400', '2018-08-31'),
(55, 94, 4, 2, 2, 2, '5280', '2018-09-01'),
(7, 120, 3, 1, 2, 3, '2985', '2018-09-01'),
(8, 112, 1, 2, 1, 1, '27671', '2018-09-01'),
(9, 57, 1, 2, 3, 1, '37754', '2018-09-01'),
(10, 13, 1, 1, 1, 1, '8437', '2018-09-03'),
(20, 191, 1, 2, 1, 3, '50577', '2018-09-03'),
(57, 18, 2, 1, 2, 1, '14561', '2018-09-03'),
(54, 34, 1, 2, 1, 2, '61600', '2018-09-03'),
(55, 106, 4, 2, 2, 3, '7920', '2018-09-03'),
(7, 129, 3, 1, 3, 2, '1990', '2018-09-04'),
(8, 62, 1, 1, 2, 2, '55342', '2018-09-04'),
(9, 182, 1, 1, 3, 1, '37754', '2018-09-04'),
(10, 73, 1, 2, 1, 1, '8437', '2018-09-04'),
(3, 7, 2, 2, 1, 2, '20800', '2018-09-05'),
(4, 55, 1, 2, 2, 1, '19888', '2018-09-05'),
(5, 180, 1, 1, 3, 1, '7464', '2018-09-05'),
(6, 41, 1, 1, 1, 1, '10956', '2018-09-06'),
(7, 190, 3, 1, 2, 3, '2985', '2018-09-06'),
(39, 137, 5, 2, 3, 2, '26472', '2018-09-06'),
(41, 160, 1, 1, 1, 2, '20126', '2018-09-06'),
(36, 135, 5, 2, 1, 1, '8855', '2018-09-07'),
(35, 29, 1, 1, 2, 3, '30834', '2018-09-07'),
(24, 77, 4, 1, 1, 1, '509', '2018-09-07'),
(25, 29, 2, 1, 2, 2, '8750', '2018-09-07'),
(26, 173, 1, 2, 3, 3, '61200', '2018-09-08'),
(27, 36, 1, 2, 2, 3, '127650', '2018-09-08'),
(19, 61, 7, 1, 3, 3, '14061', '2018-09-08'),
(20, 148, 1, 1, 3, 2, '33718', '2018-09-10'),
(21, 103, 1, 1, 1, 3, '30234', '2018-09-10'),
(22, 39, 1, 1, 3, 1, '18343', '2018-09-10'),
(25, 148, 2, 1, 3, 1, '4375', '2018-09-10'),
(26, 16, 1, 2, 1, 3, '61200', '2018-09-12'),
(27, 83, 1, 1, 1, 3, '127650', '2018-09-12'),
(28, 61, 1, 1, 3, 1, '42550', '2018-09-12'),
(29, 17, 2, 2, 1, 2, '7910', '2018-09-12'),
(25, 132, 2, 1, 1, 2, '8750', '2018-09-13'),
(26, 94, 1, 2, 2, 2, '40800', '2018-09-13'),
(37, 189, 7, 1, 1, 2, '3516', '2018-09-13'),
(1, 106, 1, 2, 2, 1, '29040', '2018-09-13'),
(11, 130, 4, 1, 2, 3, '1773', '2018-09-13'),
(12, 124, 4, 1, 3, 1, '119', '2018-09-14'),
(12, 94, 4, 2, 2, 2, '238', '2018-09-14'),
(38, 127, 1, 1, 2, 1, '3000', '2018-09-14'),
(36, 167, 5, 1, 2, 3, '26565', '2018-09-14'),
(1, 177, 1, 1, 1, 2, '58080', '2018-09-15'),
(39, 9, 5, 1, 1, 1, '13236', '2018-09-15'),
(40, 160, 7, 1, 1, 2, '11158', '2018-09-15'),
(29, 8, 2, 2, 2, 3, '11865', '2018-09-17'),
(12, 50, 4, 2, 1, 2, '238', '2018-09-17'),
(35, 145, 1, 2, 2, 1, '10278', '2018-09-17'),
(24, 115, 4, 1, 1, 3, '1527', '2018-09-17'),
(25, 158, 2, 2, 1, 3, '13125', '2018-09-18'),
(26, 119, 1, 1, 2, 1, '20400', '2018-09-18'),
(27, 85, 1, 1, 2, 2, '85100', '2018-09-18'),
(41, 143, 1, 2, 1, 3, '30189', '2018-09-18'),
(42, 58, 5, 2, 1, 3, '18750', '2018-09-19'),
(43, 136, 1, 2, 2, 3, '25290', '2018-09-19'),
(42, 133, 5, 2, 3, 2, '12500', '2018-09-19'),
(43, 73, 1, 2, 1, 1, '8430', '2018-09-20'),
(26, 30, 1, 2, 1, 3, '61200', '2018-09-20'),
(27, 136, 1, 2, 2, 2, '85100', '2018-09-20'),
(36, 159, 5, 2, 1, 3, '26565', '2018-09-20'),
(35, 48, 1, 1, 2, 3, '30834', '2018-09-21'),
(24, 55, 4, 2, 2, 3, '1527', '2018-09-21'),
(25, 91, 2, 2, 3, 2, '8750', '2018-09-21'),
(26, 191, 1, 2, 1, 3, '61200', '2018-09-21'),
(27, 169, 1, 1, 1, 3, '127650', '2018-09-22'),
(43, 150, 1, 2, 1, 3, '25290', '2018-09-22'),
(26, 82, 1, 1, 3, 1, '20400', '2018-09-22'),
(27, 185, 1, 1, 1, 3, '127650', '2018-09-24'),
(27, 15, 1, 1, 2, 2, '85100', '2018-09-24'),
(41, 125, 1, 1, 1, 3, '30189', '2018-09-24'),
(42, 8, 5, 2, 2, 3, '18750', '2018-09-24'),
(43, 79, 1, 1, 1, 3, '25290', '2018-09-25'),
(38, 123, 1, 2, 1, 3, '9000', '2018-09-25'),
(36, 84, 5, 1, 3, 3, '26565', '2018-09-25'),
(29, 28, 2, 1, 1, 1, '3955', '2018-09-25'),
(30, 3, 1, 1, 2, 2, '16952', '2018-09-25'),
(22, 181, 1, 1, 1, 3, '55029', '2018-09-25'),
(23, 94, 7, 2, 2, 1, '2935', '2018-09-26'),
(28, 131, 1, 1, 1, 1, '42550', '2018-09-26'),
(38, 189, 1, 1, 1, 1, '3000', '2018-09-26'),
(36, 178, 5, 1, 1, 3, '26565', '2018-09-26'),
(1, 117, 1, 2, 3, 1, '29040', '2018-09-27'),
(39, 42, 5, 1, 1, 3, '39708', '2018-09-27'),
(41, 120, 1, 1, 2, 3, '30189', '2018-09-27'),
(36, 56, 5, 2, 3, 3, '26565', '2018-09-28'),
(35, 190, 1, 1, 2, 2, '20556', '2018-09-28'),
(24, 161, 4, 1, 1, 3, '1527', '2018-09-28'),
(26, 84, 1, 1, 3, 3, '61200', '2018-09-28'),
(27, 155, 1, 2, 3, 2, '85100', '2018-09-29'),
(44, 160, 2, 1, 1, 1, '2405', '2018-09-29'),
(45, 24, 1, 1, 3, 2, '8308', '2018-09-29'),
(35, 169, 1, 1, 1, 2, '20556', '2018-09-29'),
(36, 188, 5, 2, 3, 1, '8855', '2018-10-01'),
(37, 131, 7, 1, 1, 2, '3516', '2018-10-01'),
(37, 193, 7, 2, 1, 2, '3516', '2018-10-01'),
(1, 123, 1, 2, 1, 3, '87120', '2018-10-01'),
(11, 147, 4, 1, 2, 2, '1182', '2018-10-02'),
(12, 177, 4, 1, 1, 3, '357', '2018-10-02'),
(37, 186, 7, 1, 1, 1, '1758', '2018-10-02'),
(25, 23, 2, 2, 1, 2, '8750', '2018-10-02'),
(26, 155, 1, 2, 3, 1, '20400', '2018-10-02'),
(27, 76, 1, 1, 1, 3, '127650', '2018-10-03'),
(28, 91, 1, 2, 3, 2, '85100', '2018-10-03'),
(35, 101, 1, 1, 1, 2, '20556', '2018-10-03'),
(36, 114, 5, 1, 1, 1, '8855', '2018-10-03'),
(37, 109, 7, 1, 1, 2, '3516', '2018-10-04'),
(37, 57, 7, 2, 3, 1, '1758', '2018-10-04'),
(1, 63, 1, 1, 1, 3, '87120', '2018-10-04'),
(11, 33, 4, 2, 1, 1, '591', '2018-10-04'),
(12, 162, 4, 1, 1, 3, '357', '2018-10-04'),
(38, 149, 1, 1, 2, 1, '3000', '2018-10-05'),
(36, 151, 5, 2, 1, 3, '26565', '2018-10-05'),
(14, 43, 5, 2, 3, 2, '233658', '2018-10-05'),
(51, 4, 1, 1, 2, 2, '22770', '2018-10-05'),
(56, 122, 1, 2, 1, 2, '14182', '2018-10-06'),
(10, 173, 1, 2, 3, 3, '25311', '2018-10-06'),
(20, 12, 1, 2, 2, 3, '50577', '2018-10-06'),
(57, 8, 2, 2, 2, 1, '14561', '2018-10-08'),
(54, 187, 1, 2, 1, 3, '92400', '2018-10-08'),
(55, 2, 4, 1, 1, 1, '2640', '2018-10-08'),
(7, 63, 3, 1, 1, 3, '2985', '2018-10-08'),
(8, 109, 1, 1, 1, 1, '27671', '2018-10-09'),
(9, 60, 1, 1, 1, 1, '37754', '2018-10-09'),
(10, 53, 1, 2, 1, 2, '16874', '2018-10-09'),
(3, 80, 2, 1, 1, 3, '31200', '2018-10-09'),
(4, 101, 1, 1, 1, 2, '39776', '2018-10-09'),
(5, 136, 1, 2, 2, 3, '22392', '2018-10-10'),
(6, 110, 1, 1, 1, 2, '21912', '2018-10-10'),
(7, 110, 3, 1, 1, 1, '995', '2018-10-10'),
(39, 25, 5, 1, 1, 1, '13236', '2018-10-10'),
(41, 188, 1, 2, 3, 2, '20126', '2018-10-11'),
(36, 175, 5, 2, 3, 3, '26565', '2018-10-11'),
(3, 189, 2, 1, 1, 3, '31200', '2018-10-11'),
(4, 159, 1, 2, 1, 2, '39776', '2018-10-12'),
(5, 167, 1, 1, 2, 2, '14928', '2018-10-12'),
(6, 192, 1, 1, 2, 2, '21912', '2018-10-12'),
(7, 197, 3, 1, 1, 1, '995', '2018-10-12'),
(39, 66, 5, 1, 1, 1, '13236', '2018-10-13'),
(41, 127, 1, 1, 2, 2, '20126', '2018-10-13'),
(36, 66, 5, 1, 1, 2, '17710', '2018-10-13'),
(35, 170, 1, 1, 1, 1, '10278', '2018-10-13'),
(24, 146, 4, 1, 3, 1, '509', '2018-10-13'),
(25, 52, 2, 2, 1, 1, '4375', '2018-10-15'),
(26, 24, 1, 1, 3, 1, '20400', '2018-10-15'),
(27, 39, 1, 1, 3, 2, '85100', '2018-10-15'),
(19, 195, 7, 1, 1, 3, '14061', '2018-10-15'),
(20, 130, 1, 1, 2, 1, '16859', '2018-10-15'),
(21, 138, 1, 1, 2, 2, '20156', '2018-10-16'),
(22, 129, 1, 1, 3, 3, '55029', '2018-10-16'),
(25, 153, 2, 2, 2, 1, '4375', '2018-10-16'),
(35, 85, 1, 1, 2, 1, '10278', '2018-10-16'),
(24, 164, 4, 1, 1, 3, '1527', '2018-10-17'),
(25, 17, 2, 2, 1, 3, '13125', '2018-10-17'),
(26, 40, 1, 1, 1, 2, '40800', '2018-10-17'),
(27, 127, 1, 1, 2, 1, '42550', '2018-10-18'),
(28, 86, 1, 1, 1, 3, '127650', '2018-10-18'),
(29, 102, 2, 1, 2, 1, '3955', '2018-10-18'),
(30, 90, 1, 1, 1, 1, '8476', '2018-10-18'),
(37, 154, 7, 1, 2, 2, '3516', '2018-10-19'),
(1, 165, 1, 1, 1, 2, '58080', '2018-10-19'),
(11, 36, 4, 2, 2, 1, '591', '2018-10-19'),
(12, 37, 4, 2, 2, 1, '119', '2018-10-19'),
(38, 168, 1, 1, 2, 1, '3000', '2018-10-20'),
(36, 26, 5, 1, 3, 1, '8855', '2018-10-20'),
(1, 90, 1, 1, 1, 1, '29040', '2018-10-20'),
(39, 176, 5, 1, 3, 1, '13236', '2018-10-20'),
(40, 123, 7, 2, 1, 2, '11158', '2018-10-22'),
(21, 111, 1, 1, 1, 2, '20156', '2018-10-22'),
(28, 87, 1, 2, 3, 3, '127650', '2018-10-22'),
(33, 62, 7, 1, 2, 3, '35535', '2018-10-22'),
(48, 24, 1, 1, 3, 2, '9250', '2018-10-22'),
(49, 72, 1, 2, 3, 3, '30360', '2018-10-22'),
(36, 149, 5, 1, 2, 2, '17710', '2018-10-23'),
(50, 21, 5, 2, 3, 3, '26565', '2018-10-23'),
(51, 171, 1, 2, 1, 2, '22770', '2018-10-23'),
(56, 139, 1, 1, 3, 1, '7091', '2018-10-23'),
(3, 138, 2, 1, 2, 3, '31200', '2018-10-23'),
(4, 166, 1, 1, 3, 1, '19888', '2018-10-24'),
(5, 144, 1, 2, 3, 1, '7464', '2018-10-24'),
(6, 160, 1, 1, 1, 1, '10956', '2018-10-24'),
(7, 89, 3, 1, 1, 2, '1990', '2018-10-24'),
(8, 61, 1, 1, 3, 2, '55342', '2018-10-25'),
(9, 11, 1, 1, 1, 1, '37754', '2018-10-25'),
(10, 94, 1, 2, 2, 1, '8437', '2018-10-25'),
(1, 145, 1, 2, 2, 2, '58080', '2018-10-26'),
(11, 64, 4, 1, 1, 3, '1773', '2018-10-26'),
(12, 95, 4, 1, 1, 2, '238', '2018-10-26'),
(38, 156, 1, 2, 3, 2, '6000', '2018-10-26'),
(36, 168, 5, 1, 2, 1, '8855', '2018-10-27'),
(1, 155, 1, 2, 3, 3, '87120', '2018-10-27'),
(39, 180, 5, 1, 3, 2, '26472', '2018-10-27'),
(40, 141, 7, 1, 2, 2, '11158', '2018-10-27'),
(21, 48, 1, 1, 2, 2, '20156', '2018-10-27'),
(28, 116, 1, 2, 2, 3, '127650', '2018-10-27'),
(38, 87, 1, 2, 3, 3, '9000', '2018-10-29'),
(36, 39, 5, 1, 3, 1, '8855', '2018-10-29'),
(1, 67, 1, 1, 2, 1, '29040', '2018-10-29'),
(39, 25, 5, 1, 1, 2, '26472', '2018-10-29'),
(41, 192, 1, 1, 2, 3, '30189', '2018-10-29'),
(36, 108, 5, 2, 2, 1, '8855', '2018-10-29'),
(35, 171, 1, 2, 1, 3, '30834', '2018-10-29'),
(24, 190, 4, 1, 2, 1, '509', '2018-10-29'),
(25, 6, 2, 2, 3, 1, '4375', '2018-10-30'),
(26, 162, 1, 1, 1, 1, '20400', '2018-10-30'),
(27, 91, 1, 2, 3, 3, '127650', '2018-10-30'),
(19, 179, 7, 1, 1, 3, '14061', '2018-10-30'),
(20, 175, 1, 2, 3, 2, '33718', '2018-10-30'),
(21, 102, 1, 1, 2, 3, '30234', '2018-10-31'),
(22, 197, 1, 1, 1, 2, '36686', '2018-10-31'),
(23, 118, 7, 1, 1, 1, '2935', '2018-10-31'),
(24, 184, 4, 1, 1, 1, '509', '2018-10-31'),
(25, 174, 2, 1, 1, 2, '8750', '2018-10-31'),
(1, 27, 1, 1, 1, 3, '87120', '2018-10-31'),
(39, 135, 5, 2, 1, 1, '13236', '2018-11-01'),
(20, 57, 1, 2, 3, 2, '33718', '2018-11-01'),
(57, 31, 2, 1, 1, 3, '43683', '2018-11-01'),
(54, 192, 1, 1, 2, 2, '61600', '2018-11-01'),
(55, 98, 4, 2, 1, 1, '2640', '2018-11-01'),
(7, 11, 3, 1, 1, 1, '995', '2018-11-02'),
(8, 44, 1, 2, 1, 3, '83013', '2018-11-02'),
(9, 179, 1, 1, 1, 3, '113262', '2018-11-02'),
(10, 57, 1, 2, 3, 3, '25311', '2018-11-02'),
(20, 137, 1, 2, 3, 2, '33718', '2018-11-02'),
(57, 117, 2, 2, 3, 3, '43683', '2018-11-02'),
(54, 200, 1, 1, 1, 1, '30800', '2018-11-02'),
(55, 52, 4, 2, 1, 2, '5280', '2018-11-02'),
(7, 169, 3, 1, 1, 3, '2985', '2018-11-02'),
(8, 143, 1, 2, 1, 2, '55342', '2018-11-03'),
(9, 182, 1, 1, 3, 1, '37754', '2018-11-03'),
(10, 17, 1, 2, 1, 2, '16874', '2018-11-03'),
(3, 92, 2, 1, 1, 1, '10400', '2018-11-03'),
(4, 151, 1, 2, 1, 3, '59664', '2018-11-05'),
(5, 148, 1, 1, 3, 3, '22392', '2018-11-05'),
(6, 102, 1, 1, 2, 2, '21912', '2018-11-05'),
(7, 186, 3, 1, 1, 1, '995', '2018-11-05'),
(39, 120, 5, 1, 2, 1, '13236', '2018-11-05'),
(41, 145, 1, 2, 2, 1, '10063', '2018-11-05'),
(36, 125, 5, 1, 1, 1, '8855', '2018-11-06'),
(35, 189, 1, 1, 1, 1, '10278', '2018-11-06'),
(24, 129, 4, 1, 3, 3, '1527', '2018-11-06'),
(25, 63, 2, 1, 1, 1, '4375', '2018-11-06'),
(26, 113, 1, 1, 1, 3, '61200', '2018-11-06'),
(27, 2, 1, 1, 1, 3, '127650', '2018-11-06'),
(19, 161, 7, 1, 1, 1, '4687', '2018-11-06'),
(20, 14, 1, 1, 1, 1, '16859', '2018-11-06'),
(21, 164, 1, 1, 1, 2, '20156', '2018-11-07'),
(22, 124, 1, 1, 3, 2, '36686', '2018-11-07'),
(25, 136, 2, 2, 2, 3, '13125', '2018-11-07'),
(26, 90, 1, 1, 1, 2, '40800', '2018-11-08'),
(27, 164, 1, 1, 1, 3, '127650', '2018-11-08'),
(28, 144, 1, 2, 3, 1, '42550', '2018-11-08'),
(29, 186, 2, 1, 1, 3, '11865', '2018-11-08'),
(25, 70, 2, 1, 1, 1, '4375', '2018-11-08'),
(26, 58, 1, 2, 1, 2, '40800', '2018-11-09'),
(37, 125, 7, 1, 1, 3, '5274', '2018-11-09'),
(1, 103, 1, 1, 1, 2, '58080', '2018-11-09'),
(41, 90, 1, 1, 1, 2, '20126', '2018-11-09'),
(36, 95, 5, 1, 1, 1, '8855', '2018-11-10'),
(35, 79, 1, 1, 1, 1, '10278', '2018-11-10'),
(24, 171, 4, 2, 1, 3, '1527', '2018-11-10'),
(25, 100, 2, 1, 2, 2, '8750', '2018-11-10'),
(26, 24, 1, 1, 3, 1, '20400', '2018-11-10'),
(27, 83, 1, 1, 1, 3, '127650', '2018-11-12'),
(28, 98, 1, 2, 1, 1, '42550', '2018-11-12'),
(29, 130, 2, 1, 2, 2, '7910', '2018-11-12'),
(12, 47, 4, 1, 2, 1, '119', '2018-11-12'),
(35, 200, 1, 1, 1, 2, '20556', '2018-11-12'),
(24, 135, 4, 2, 1, 2, '1018', '2018-11-12'),
(25, 151, 2, 2, 1, 2, '8750', '2018-11-13'),
(26, 119, 1, 1, 2, 2, '40800', '2018-11-13'),
(27, 64, 1, 1, 1, 3, '127650', '2018-11-13'),
(28, 87, 1, 2, 3, 2, '85100', '2018-11-13'),
(29, 192, 2, 1, 2, 3, '11865', '2018-11-13'),
(30, 128, 1, 1, 3, 3, '25428', '2018-11-13'),
(37, 154, 7, 1, 2, 3, '5274', '2018-11-13'),
(1, 116, 1, 2, 2, 1, '29040', '2018-11-14'),
(11, 166, 4, 1, 3, 2, '1182', '2018-11-14'),
(28, 84, 1, 1, 3, 1, '42550', '2018-11-14'),
(38, 100, 1, 1, 2, 1, '3000', '2018-11-14'),
(36, 92, 5, 1, 1, 3, '26565', '2018-11-14'),
(1, 40, 1, 1, 1, 3, '87120', '2018-11-14'),
(39, 72, 5, 2, 3, 2, '26472', '2018-11-15'),
(41, 195, 1, 1, 1, 3, '30189', '2018-11-15'),
(36, 150, 5, 2, 1, 1, '8855', '2018-11-15'),
(35, 34, 1, 2, 1, 2, '20556', '2018-11-15'),
(24, 187, 4, 2, 1, 2, '1018', '2018-11-15'),
(38, 36, 1, 2, 2, 3, '9000', '2018-11-16'),
(33, 174, 7, 1, 1, 1, '11845', '2018-11-16'),
(48, 47, 1, 1, 2, 3, '13875', '2018-11-16'),
(49, 98, 1, 2, 1, 2, '20240', '2018-11-16'),
(36, 1, 5, 1, 1, 1, '8855', '2018-11-17'),
(56, 148, 1, 1, 3, 3, '21273', '2018-11-17'),
(37, 182, 7, 1, 3, 2, '3516', '2018-11-17'),
(25, 31, 2, 1, 1, 1, '4375', '2018-11-17'),
(26, 139, 1, 1, 3, 3, '61200', '2018-11-19'),
(27, 124, 1, 1, 3, 3, '127650', '2018-11-19'),
(28, 142, 1, 1, 1, 2, '85100', '2018-11-19'),
(29, 8, 2, 2, 2, 3, '11865', '2018-11-19'),
(30, 121, 1, 2, 2, 2, '16952', '2018-11-19'),
(2, 36, 1, 2, 2, 1, '29040', '2018-11-21'),
(3, 46, 2, 1, 1, 1, '10400', '2018-11-21'),
(31, 112, 1, 2, 1, 2, '18000', '2018-11-21'),
(39, 169, 5, 1, 1, 3, '39708', '2018-11-21'),
(41, 47, 1, 1, 2, 1, '10063', '2018-11-21'),
(36, 132, 5, 1, 1, 2, '17710', '2018-11-21'),
(35, 23, 1, 2, 1, 3, '30834', '2018-11-21'),
(24, 71, 4, 2, 3, 1, '509', '2018-11-21'),
(38, 167, 1, 1, 2, 3, '9000', '2018-11-21'),
(33, 52, 7, 2, 1, 3, '35535', '2018-11-22'),
(48, 194, 1, 2, 3, 2, '9250', '2018-11-22'),
(37, 109, 7, 1, 1, 3, '5274', '2018-11-22'),
(25, 82, 2, 1, 3, 3, '13125', '2018-11-22'),
(26, 2, 1, 1, 1, 3, '61200', '2018-11-22'),
(27, 48, 1, 1, 2, 3, '127650', '2018-11-23'),
(28, 96, 1, 1, 3, 1, '42550', '2018-11-23'),
(29, 64, 2, 1, 1, 1, '3955', '2018-11-23'),
(13, 101, 1, 1, 1, 2, '6600', '2018-11-23'),
(14, 69, 5, 1, 2, 2, '233658', '2018-11-23'),
(51, 68, 1, 1, 2, 2, '22770', '2018-11-23'),
(56, 159, 1, 2, 1, 1, '7091', '2018-11-23'),
(37, 147, 7, 1, 2, 1, '1758', '2018-11-24'),
(1, 156, 1, 2, 3, 2, '58080', '2018-11-24'),
(48, 12, 1, 2, 2, 1, '4625', '2018-11-24'),
(37, 164, 7, 1, 1, 1, '1758', '2018-11-24'),
(25, 14, 2, 1, 1, 3, '13125', '2018-11-24'),
(26, 151, 1, 2, 1, 2, '40800', '2018-11-24'),
(27, 77, 1, 1, 1, 2, '85100', '2018-11-26'),
(28, 117, 1, 2, 3, 2, '85100', '2018-11-26'),
(35, 57, 1, 2, 3, 1, '10278', '2018-11-26'),
(36, 147, 5, 1, 2, 2, '17710', '2018-11-26'),
(37, 15, 7, 1, 2, 3, '5274', '2018-11-26'),
(37, 120, 7, 1, 2, 3, '5274', '2018-11-27'),
(1, 109, 1, 1, 1, 3, '87120', '2018-11-27'),
(11, 92, 4, 1, 1, 3, '1773', '2018-11-27'),
(12, 141, 4, 1, 2, 3, '357', '2018-11-27'),
(38, 94, 1, 2, 2, 3, '9000', '2018-11-27'),
(36, 31, 5, 1, 1, 2, '17710', '2018-11-27'),
(14, 131, 5, 1, 1, 3, '350487', '2018-11-27'),
(51, 56, 1, 2, 3, 3, '34155', '2018-11-27'),
(56, 62, 1, 1, 2, 3, '21273', '2018-11-28'),
(37, 87, 7, 2, 3, 1, '1758', '2018-11-28'),
(1, 44, 1, 2, 1, 3, '87120', '2018-11-28'),
(55, 20, 4, 1, 1, 3, '7920', '2018-11-28'),
(7, 117, 3, 2, 3, 3, '2985', '2018-11-28'),
(8, 105, 1, 2, 2, 2, '55342', '2018-11-28'),
(9, 52, 1, 2, 1, 1, '37754', '2018-11-29'),
(10, 103, 1, 1, 1, 1, '8437', '2018-11-29'),
(20, 94, 1, 2, 2, 2, '33718', '2018-11-29'),
(57, 27, 2, 1, 1, 3, '43683', '2018-11-29'),
(54, 58, 1, 2, 1, 1, '30800', '2018-11-29'),
(55, 167, 4, 1, 2, 2, '5280', '2018-11-30'),
(7, 113, 3, 1, 1, 2, '1990', '2018-11-30'),
(8, 175, 1, 2, 3, 2, '55342', '2018-11-30'),
(9, 32, 1, 1, 2, 1, '37754', '2018-11-30'),
(10, 67, 1, 1, 2, 3, '25311', '2018-11-30'),
(3, 27, 2, 1, 1, 1, '10400', '2018-11-30'),
(4, 43, 1, 2, 3, 1, '19888', '2018-11-30'),
(5, 8, 1, 2, 2, 2, '14928', '2018-12-01'),
(26, 144, 1, 2, 3, 1, '20400', '2018-12-01'),
(27, 195, 1, 1, 1, 1, '42550', '2018-12-01'),
(28, 120, 1, 1, 2, 1, '42550', '2018-12-01'),
(29, 64, 2, 1, 1, 1, '3955', '2018-12-01'),
(30, 165, 1, 1, 1, 3, '25428', '2018-12-03'),
(37, 162, 7, 1, 1, 3, '5274', '2018-12-03'),
(1, 146, 1, 1, 3, 1, '29040', '2018-12-03'),
(11, 126, 4, 1, 1, 1, '591', '2018-12-03'),
(12, 18, 4, 1, 2, 1, '119', '2018-12-03'),
(38, 151, 1, 2, 1, 3, '9000', '2018-12-03'),
(36, 156, 5, 2, 3, 2, '17710', '2018-12-03'),
(1, 127, 1, 1, 2, 3, '87120', '2018-12-03'),
(39, 176, 5, 1, 3, 3, '39708', '2018-12-04'),
(40, 157, 7, 2, 1, 1, '5579', '2018-12-04'),
(21, 86, 1, 1, 1, 2, '20156', '2018-12-04'),
(28, 29, 1, 1, 2, 3, '127650', '2018-12-04'),
(33, 8, 7, 2, 2, 2, '23690', '2018-12-04'),
(48, 17, 1, 2, 1, 1, '4625', '2018-12-04'),
(49, 70, 1, 1, 1, 1, '10120', '2018-12-05'),
(36, 146, 5, 1, 3, 1, '8855', '2018-12-05'),
(50, 186, 5, 1, 1, 1, '8855', '2018-12-05'),
(51, 101, 1, 1, 1, 1, '11385', '2018-12-05'),
(56, 38, 1, 1, 2, 3, '21273', '2018-12-05'),
(3, 197, 2, 1, 1, 2, '20800', '2018-12-06'),
(4, 195, 1, 1, 1, 1, '19888', '2018-12-06'),
(5, 164, 1, 1, 1, 3, '22392', '2018-12-06'),
(6, 10, 1, 1, 3, 3, '32868', '2018-12-06'),
(39, 41, 5, 1, 1, 3, '39708', '2018-12-06'),
(40, 9, 7, 1, 1, 2, '11158', '2018-12-06'),
(21, 142, 1, 1, 1, 3, '30234', '2018-12-07'),
(22, 39, 1, 1, 3, 2, '36686', '2018-12-07'),
(41, 123, 1, 2, 1, 1, '10063', '2018-12-07'),
(42, 45, 5, 2, 1, 1, '6250', '2018-12-07'),
(43, 126, 1, 1, 1, 2, '16860', '2018-12-07'),
(42, 183, 5, 1, 1, 2, '12500', '2018-12-08'),
(43, 78, 1, 1, 2, 3, '25290', '2018-12-08'),
(26, 85, 1, 1, 2, 3, '61200', '2018-12-08'),
(27, 73, 1, 2, 1, 1, '42550', '2018-12-08'),
(44, 122, 2, 2, 1, 1, '2405', '2018-12-08'),
(45, 87, 1, 2, 3, 2, '8308', '2018-12-08'),
(46, 126, 7, 1, 1, 3, '14145', '2018-12-10'),
(47, 118, 2, 1, 1, 3, '36108', '2018-12-10'),
(30, 164, 1, 1, 1, 2, '16952', '2018-12-10'),
(28, 97, 1, 1, 3, 2, '85100', '2018-12-10'),
(29, 91, 2, 2, 3, 2, '7910', '2018-12-10'),
(30, 111, 1, 1, 1, 2, '16952', '2018-12-10'),
(2, 144, 1, 2, 3, 2, '58080', '2018-12-10'),
(3, 3, 2, 1, 2, 3, '31200', '2018-12-10'),
(31, 115, 1, 1, 1, 1, '9000', '2018-12-10'),
(32, 43, 1, 2, 3, 2, '101200', '2018-12-10'),
(33, 25, 7, 1, 1, 3, '35535', '2018-12-10'),
(34, 37, 1, 2, 2, 2, '11052', '2018-12-10'),
(35, 141, 1, 1, 2, 2, '20556', '2018-12-11'),
(36, 139, 5, 1, 3, 2, '17710', '2018-12-11'),
(37, 167, 7, 1, 2, 3, '5274', '2018-12-11'),
(37, 61, 7, 1, 3, 3, '5274', '2018-12-11'),
(1, 66, 1, 1, 1, 1, '29040', '2018-12-11'),
(11, 36, 4, 2, 2, 2, '1182', '2018-12-12'),
(12, 37, 4, 2, 2, 3, '357', '2018-12-12'),
(38, 78, 1, 1, 2, 2, '6000', '2018-12-12'),
(36, 9, 5, 1, 1, 2, '17710', '2018-12-12'),
(1, 91, 1, 2, 3, 2, '58080', '2018-12-12'),
(39, 76, 5, 1, 1, 1, '13236', '2018-12-12'),
(40, 64, 7, 1, 1, 1, '5579', '2018-12-13'),
(21, 92, 1, 1, 1, 2, '20156', '2018-12-13'),
(28, 26, 1, 1, 3, 1, '42550', '2018-12-13'),
(29, 133, 2, 2, 3, 3, '11865', '2018-12-13'),
(30, 99, 1, 1, 1, 1, '8476', '2018-12-13'),
(2, 117, 1, 2, 3, 1, '29040', '2018-12-13'),
(3, 19, 2, 1, 1, 2, '20800', '2018-12-14'),
(31, 57, 1, 2, 3, 1, '9000', '2018-12-14'),
(32, 173, 1, 2, 3, 2, '101200', '2018-12-14'),
(33, 41, 7, 1, 1, 3, '35535', '2018-12-14'),
(34, 82, 1, 1, 3, 2, '11052', '2018-12-15'),
(35, 84, 1, 1, 3, 2, '20556', '2018-12-15'),
(36, 11, 5, 1, 1, 1, '8855', '2018-12-15'),
(36, 60, 5, 1, 1, 2, '17710', '2018-12-15'),
(37, 197, 7, 1, 1, 1, '1758', '2018-12-15'),
(37, 102, 7, 1, 2, 3, '5274', '2018-12-15'),
(1, 146, 1, 1, 3, 3, '87120', '2018-12-17'),
(11, 150, 4, 2, 1, 3, '1773', '2018-12-17'),
(12, 31, 4, 1, 1, 3, '357', '2018-12-17'),
(38, 69, 1, 1, 2, 3, '9000', '2018-12-17'),
(36, 173, 5, 2, 3, 3, '26565', '2018-12-17'),
(1, 148, 1, 1, 3, 3, '87120', '2018-12-17'),
(39, 17, 5, 2, 1, 2, '26472', '2018-12-18'),
(40, 154, 7, 1, 2, 1, '5579', '2018-12-18'),
(21, 77, 1, 1, 1, 1, '10078', '2018-12-18'),
(22, 117, 1, 2, 3, 2, '36686', '2018-12-18'),
(41, 139, 1, 1, 3, 1, '10063', '2018-12-18'),
(11, 153, 4, 2, 2, 3, '1773', '2018-12-18'),
(12, 150, 4, 2, 1, 1, '119', '2018-12-19'),
(38, 98, 1, 2, 1, 2, '6000', '2018-12-19'),
(36, 164, 5, 1, 1, 1, '8855', '2018-12-19'),
(1, 108, 1, 2, 2, 3, '87120', '2018-12-19'),
(39, 42, 5, 1, 1, 1, '13236', '2018-12-19'),
(40, 83, 7, 1, 1, 3, '16737', '2018-12-19'),
(21, 110, 1, 1, 1, 1, '10078', '2018-12-19'),
(43, 109, 1, 1, 1, 3, '25290', '2018-12-20'),
(33, 177, 7, 1, 1, 1, '11845', '2018-12-20'),
(34, 50, 1, 2, 1, 3, '16578', '2018-12-20'),
(35, 32, 1, 1, 2, 2, '20556', '2018-12-20'),
(36, 128, 5, 1, 3, 1, '8855', '2018-12-20'),
(4, 83, 1, 1, 1, 1, '19888', '2018-12-20'),
(5, 113, 1, 1, 1, 2, '14928', '2018-12-21'),
(6, 87, 1, 2, 3, 3, '32868', '2018-12-21'),
(7, 69, 3, 1, 2, 1, '995', '2018-12-21'),
(8, 144, 1, 2, 3, 1, '27671', '2018-12-21'),
(9, 185, 1, 1, 1, 3, '113262', '2018-12-21'),
(10, 83, 1, 1, 1, 2, '16874', '2018-12-21'),
(11, 16, 4, 2, 1, 2, '1182', '2018-12-22'),
(12, 198, 4, 2, 1, 1, '119', '2018-12-22'),
(13, 124, 1, 1, 3, 3, '9900', '2018-12-22'),
(14, 117, 5, 2, 3, 2, '233658', '2018-12-22'),
(51, 67, 1, 1, 2, 3, '34155', '2018-12-22'),
(56, 183, 1, 1, 1, 3, '21273', '2018-12-22'),
(37, 122, 7, 2, 1, 3, '5274', '2018-12-26'),
(1, 170, 1, 1, 1, 2, '58080', '2018-12-26'),
(2, 190, 1, 1, 2, 3, '87120', '2018-12-26'),
(3, 8, 2, 2, 2, 3, '31200', '2018-12-26'),
(4, 124, 1, 1, 3, 3, '59664', '2018-12-26'),
(6, 179, 1, 1, 1, 3, '32868', '2018-12-26'),
(7, 167, 3, 1, 2, 2, '1990', '2018-12-26'),
(8, 64, 1, 1, 1, 1, '27671', '2018-12-27'),
(9, 153, 1, 2, 2, 1, '37754', '2018-12-27'),
(10, 37, 1, 2, 2, 3, '25311', '2018-12-27'),
(11, 48, 4, 1, 2, 1, '591', '2018-12-27'),
(12, 145, 4, 2, 2, 3, '357', '2018-12-27'),
(13, 117, 1, 2, 3, 1, '3300', '2018-12-27'),
(14, 147, 5, 1, 2, 1, '116829', '2018-12-28'),
(51, 124, 1, 1, 3, 3, '34155', '2018-12-28'),
(56, 160, 1, 1, 1, 2, '14182', '2018-12-28'),
(37, 3, 7, 1, 2, 3, '5274', '2018-12-28'),
(1, 62, 1, 1, 2, 1, '29040', '2018-12-28'),
(2, 117, 1, 2, 3, 1, '29040', '2018-12-28'),
(3, 119, 2, 1, 2, 1, '10400', '2018-12-29'),
(11, 4, 4, 1, 2, 2, '1182', '2018-12-29'),
(12, 87, 4, 2, 3, 1, '119', '2018-12-29'),
(38, 182, 1, 1, 3, 3, '9000', '2018-12-29'),
(36, 4, 5, 1, 2, 2, '17710', '2018-12-29'),
(19, 91, 7, 2, 3, 2, '9374', '2018-12-31'),
(20, 155, 1, 2, 3, 2, '33718', '2018-12-31'),
(21, 103, 1, 1, 1, 1, '10078', '2018-12-31'),
(22, 88, 1, 2, 1, 1, '18343', '2018-12-31'),
(39, 168, 5, 1, 2, 2, '20126', '2018-12-31'),
(40, 178, 7, 1, 1, 2, '11158', '2018-12-31'),
(21, 25, 1, 1, 1, 2, '20156', '2018-12-31'),
(22, 195, 1, 1, 1, 3, '55029', '2018-12-31'),
(41, 94, 1, 2, 2, 1, '10063', '2018-12-31'),
(42, 133, 5, 2, 3, 3, '18750', '2018-12-31'),
(43, 35, 1, 2, 1, 3, '25290', '2018-12-31');

--
-- Indexes for dumped tables
--

--
-- Indexes for table `dim_gender`
--
ALTER TABLE `dim_gender`
  ADD PRIMARY KEY (`id_gender`);

--
-- Indexes for table `dim_obat`
--
ALTER TABLE `dim_obat`
  ADD PRIMARY KEY (`id_obat`);

--
-- Indexes for table `dim_range_umur`
--
ALTER TABLE `dim_range_umur`
  ADD PRIMARY KEY (`id_range`);

--
-- Indexes for table `dim_satuan`
--
ALTER TABLE `dim_satuan`
  ADD PRIMARY KEY (`id_satuan`);

--
-- Indexes for table `dim_user`
--
ALTER TABLE `dim_user`
  ADD PRIMARY KEY (`id_pembeli`),
  ADD KEY `id_gender` (`id_gender`);

--
-- Indexes for table `fact_penjualan_obat`
--
ALTER TABLE `fact_penjualan_obat`
  ADD KEY `id_pembeli` (`id_pembeli`),
  ADD KEY `id_satuan` (`id_satuan`),
  ADD KEY `id_gender` (`id_gender`),
  ADD KEY `id_obat` (`id_obat`);

--
-- AUTO_INCREMENT for dumped tables
--

--
-- AUTO_INCREMENT for table `dim_gender`
--
ALTER TABLE `dim_gender`
  MODIFY `id_gender` int(1) NOT NULL AUTO_INCREMENT, AUTO_INCREMENT=3;

--
-- AUTO_INCREMENT for table `dim_obat`
--
ALTER TABLE `dim_obat`
  MODIFY `id_obat` int(11) NOT NULL AUTO_INCREMENT, AUTO_INCREMENT=58;

--
-- AUTO_INCREMENT for table `dim_range_umur`
--
ALTER TABLE `dim_range_umur`
  MODIFY `id_range` int(11) NOT NULL AUTO_INCREMENT, AUTO_INCREMENT=4;

--
-- AUTO_INCREMENT for table `dim_satuan`
--
ALTER TABLE `dim_satuan`
  MODIFY `id_satuan` int(11) NOT NULL AUTO_INCREMENT, AUTO_INCREMENT=8;

--
-- AUTO_INCREMENT for table `dim_user`
--
ALTER TABLE `dim_user`
  MODIFY `id_pembeli` int(11) NOT NULL AUTO_INCREMENT, AUTO_INCREMENT=201;
COMMIT;

/*!40101 SET CHARACTER_SET_CLIENT=@OLD_CHARACTER_SET_CLIENT */;
/*!40101 SET CHARACTER_SET_RESULTS=@OLD_CHARACTER_SET_RESULTS */;
/*!40101 SET COLLATION_CONNECTION=@OLD_COLLATION_CONNECTION */;
